frame,time_seconds,log_energy,centroid_hz,bandwidth_hz,cepstrum_0,cepstrum_1,cepstrum_2,cepstrum_3,cepstrum_4,cepstrum_5,cepstrum_6,cepstrum_7,cepstrum_8,cepstrum_9,cepstrum_10,cepstrum_11,cepstrum_12,cepstrum_13,cepstrum_14,cepstrum_15,cepstrum_16,cepstrum_17,cepstrum_18,cepstrum_19
0,0.000000,1.593668,3076.794,2692.164,-31.752064,8.175964,-0.307236,2.504348,1.510312,-4.137931,-1.100822,2.381470,0.412370,-1.454129,0.732228,0.562134,0.237575,1.204976,-2.139398,-0.717560,0.297558,0.736574,-0.266946,0.976802
1,0.002000,1.543856,3127.305,2752.007,-32.041702,7.860916,-0.240850,2.371366,1.209955,-4.162595,-0.889129,2.181227,0.341978,-1.092565,0.385779,0.195358,0.235725,1.271808,-2.728058,-0.808052,0.487583,0.552165,-0.284589,1.221436
2,0.004000,1.496113,3138.613,2803.611,-32.346535,7.676227,-0.014491,2.172995,0.873433,-4.084676,-0.748611,1.828934,0.206273,-0.635965,0.021619,-0.217510,0.230764,1.310804,-3.196912,-0.875609,0.722639,0.418268,-0.240054,1.486315
3,0.006000,1.457975,3104.609,2838.669,-32.613388,7.652888,0.349525,1.923665,0.538133,-3.901867,-0.693227,1.345654,-0.000154,-0.081695,-0.246814,-0.634307,0.219705,1.348974,-3.439728,-0.875931,0.967741,0.346069,-0.125469,1.772584
4,0.008000,1.436218,3028.104,2849.142,-32.815094,7.742097,0.757476,1.647848,0.233853,-3.688171,-0.720204,0.817582,-0.288856,0.483108,-0.345873,-1.027840,0.131485,1.371965,-3.384159,-0.814658,1.135691,0.356776,0.053601,1.990643
5,0.010000,1.434516,2922.450,2831.119,-32.933987,7.896914,1.153951,1.415148,-0.003208,-3.526173,-0.789921,0.370199,-0.640472,0.945907,-0.258960,-1.372866,-0.086859,1.363505,-3.031229,-0.738442,1.158992,0.480042,0.275477,2.034806
6,0.012000,1.451148,2809.114,2788.958,-32.987244,8.082632,1.523746,1.254505,-0.163245,-3.433071,-0.859843,0.065146,-1.000832,1.254400,-0.032642,-1.645206,-0.401003,1.320677,-2.466053,-0.665655,1.052187,0.697062,0.506796,1.907943
7,0.014000,1.479301,2709.226,2734.720,-32.989433,8.257549,1.810872,1.145385,-0.239171,-3.405896,-0.946419,-0.085771,-1.301216,1.369769,0.240191,-1.791005,-0.731418,1.214898,-1.811053,-0.568668,0.872282,0.943052,0.730791,1.708261
8,0.016000,1.510791,2634.394,2681.431,-32.910358,8.398228,1.926027,1.064857,-0.189483,-3.437860,-1.121111,-0.077530,-1.451264,1.250718,0.441157,-1.730700,-0.978190,0.989971,-1.203853,-0.391904,0.691662,1.114015,0.923612,1.576429
9,0.018000,1.539120,2585.978,2637.086,-32.763474,8.507822,1.877869,0.987373,-0.038024,-3.485030,-1.397762,0.031292,-1.432330,0.948255,0.525156,-1.490744,-1.099702,0.698791,-0.717131,-0.173283,0.557375,1.195182,1.051880,1.550328
10,0.020000,1.560547,2560.841,2603.599,-32.594692,8.604304,1.735407,0.889301,0.166861,-3.469016,-1.732625,0.139336,-1.295537,0.583965,0.527776,-1.194407,-1.137372,0.467991,-0.331212,-0.019512,0.453530,1.255080,1.123008,1.555202
11,0.022000,1.575388,2554.967,2577.887,-32.411674,8.705830,1.513023,0.750322,0.445500,-3.320836,-2.108659,0.169688,-1.081781,0.254579,0.497096,-0.932443,-1.139275,0.358953,-0.000100,0.028609,0.356667,1.332261,1.169872,1.526517
12,0.024000,1.587618,2564.784,2554.498,-32.221161,8.817400,1.210604,0.548317,0.816548,-3.020635,-2.506647,0.096977,-0.832092,-0.000329,0.492172,-0.714034,-1.132937,0.340968,0.312955,0.021875,0.287450,1.416839,1.208184,1.447764
13,0.026000,1.602716,2587.065,2528.570,-32.050373,8.930315,0.852044,0.271057,1.248677,-2.615518,-2.896713,-0.061854,-0.593184,-0.183063,0.566968,-0.506526,-1.134666,0.345455,0.632636,0.031158,0.275460,1.478603,1.247280,1.338308
14,0.028000,1.625551,2618.110,2497.731,-31.908237,9.052149,0.485204,-0.060698,1.694608,-2.198795,-3.273152,-0.278329,-0.391100,-0.310014,0.737691,-0.281285,-1.144185,0.320812,0.953479,0.064254,0.297520,1.472465,1.287522,1.213060
15,0.030000,1.658244,2654.864,2463.544,-31.773468,9.199444,0.151978,-0.390958,2.128467,-1.867231,-3.643369,-0.516996,-0.233136,-0.405796,0.976660,-0.030871,-1.158860,0.235488,1.238273,0.078796,0.288346,1.351795,1.323169,1.076538
16,0.032000,1.699656,2696.229,2430.506,-31.626360,9.356445,-0.148522,-0.656678,2.555097,-1.677483,-3.988238,-0.721120,-0.116981,-0.504116,1.217826,0.214547,-1.197764,0.070185,1.442040,0.050357,0.209900,1.102703,1.351492,0.940393
17,0.034000,1.746210,2741.373,2403.532,-31.471142,9.476961,-0.445037,-0.832122,2.965218,-1.653347,-4.281610,-0.839770,-0.029391,-0.615348,1.417534,0.435847,-1.261421,-0.141966,1.550754,-0.003958,0.081672,0.755011,1.363899,0.829834
18,0.036000,1.793224,2788.741,2385.972,-31.327757,9.522243,-0.749087,-0.925042,3.325551,-1.788555,-4.521802,-0.860918,0.048076,-0.732531,1.574585,0.652669,-1.319916,-0.330103,1.576728,-0.063661,-0.054563,0.359794,1.341332,0.771138
19,0.038000,1.836856,2834.741,2377.782,-31.208607,9.496988,-1.032001,-0.946912,3.602798,-2.032359,-4.718453,-0.810244,0.116505,-0.881306,1.675688,0.883542,-1.356984,-0.464066,1.521991,-0.135569,-0.171193,-0.017601,1.289480,0.780870
20,0.040000,1.874958,2873.949,2376.069,-31.090954,9.464328,-1.233786,-0.895269,3.780266,-2.304739,-4.870177,-0.725454,0.150515,-1.124716,1.672013,1.117832,-1.386113,-0.579270,1.366747,-0.240603,-0.251529,-0.300221,1.251408,0.866151
21,0.042000,1.906460,2901.748,2377.238,-30.953411,9.475277,-1.329184,-0.781271,3.852452,-2.537213,-4.960308,-0.621359,0.137137,-1.490225,1.536831,1.361286,-1.386192,-0.703188,1.107560,-0.377917,-0.282215,-0.439641,1.237135,0.980507
22,0.044000,1.931028,2916.662,2378.191,-30.793406,9.540649,-1.337545,-0.620773,3.836484,-2.694386,-4.974924,-0.488585,0.103159,-1.936531,1.278086,1.635885,-1.291239,-0.816474,0.778520,-0.510355,-0.251614,-0.439537,1.195092,1.036935
23,0.046000,1.948539,2921.587,2376.971,-30.614584,9.654537,-1.282694,-0.425464,3.758798,-2.773956,-4.915670,-0.325781,0.075543,-2.404603,0.893793,1.910078,-1.088055,-0.906043,0.420244,-0.603937,-0.173410,-0.340854,1.077409,0.987161
24,0.048000,1.958981,2921.940,2373.161,-30.433723,9.783248,-1.201670,-0.217683,3.652811,-2.776529,-4.786795,-0.147742,0.072621,-2.812025,0.406576,2.124577,-0.820480,-0.970814,0.068611,-0.654482,-0.089401,-0.194793,0.891310,0.847693
25,0.050000,1.962376,2922.695,2367.864,-30.247341,9.901394,-1.141929,-0.030361,3.583250,-2.670238,-4.600863,0.001985,0.101461,-3.051020,-0.109637,2.230953,-0.545943,-0.995692,-0.226339,-0.669140,-0.040550,-0.041376,0.693636,0.685290
26,0.052000,1.959060,2925.746,2363.145,-30.032930,10.008194,-1.142056,0.092893,3.614119,-2.412160,-4.376493,0.073998,0.161919,-3.028297,-0.549377,2.211791,-0.304031,-0.950358,-0.396947,-0.636257,-0.037587,0.095540,0.545492,0.577030
27,0.054000,1.949654,2929.153,2361.035,-29.804546,10.109087,-1.176967,0.138496,3.744895,-2.018241,-4.121076,0.074577,0.254059,-2.740325,-0.837433,2.098672,-0.089940,-0.826494,-0.417304,-0.534531,-0.043822,0.206414,0.454006,0.554791
28,0.056000,1.935644,2927.796,2362.692,-29.616915,10.200152,-1.178107,0.133443,3.905901,-1.583861,-3.848815,0.054728,0.372887,-2.273519,-0.954311,1.946328,0.126510,-0.637871,-0.324807,-0.370219,-0.007990,0.290331,0.375108,0.588646
29,0.058000,1.919416,2917.653,2368.300,-29.514355,10.262873,-1.118910,0.114174,4.017929,-1.226696,-3.606075,0.050949,0.500717,-1.740693,-0.907798,1.784797,0.339539,-0.396575,-0.173364,-0.184382,0.083361,0.351776,0.276343,0.630751
30,0.060000,1.903568,2898.882,2377.206,-29.502987,10.274083,-1.022305,0.127605,4.046333,-1.028289,-3.447469,0.093898,0.625916,-1.249513,-0.710576,1.625148,0.495385,-0.115712,0.005621,-0.014444,0.208442,0.405846,0.177085,0.646541
31,0.062000,1.890128,2875.928,2388.236,-29.557899,10.221942,-0.931232,0.222208,4.010117,-1.028428,-3.416714,0.223710,0.751678,-0.903486,-0.392920,1.484503,0.523431,0.158782,0.207429,0.143825,0.329735,0.467130,0.138501,0.622326
32,0.064000,1.879563,2855.533,2400.367,-29.655428,10.119814,-0.869192,0.422065,3.954459,-1.228172,-3.530753,0.463429,0.885133,-0.773654,-0.014647,1.390745,0.391849,0.353842,0.432228,0.327026,0.411779,0.534232,0.211602,0.571840
33,0.066000,1.870803,2843.473,2413.094,-29.810070,9.996054,-0.802105,0.702790,3.887408,-1.574050,-3.748724,0.771100,1.009704,-0.855335,0.348676,1.342881,0.125946,0.434022,0.653215,0.538574,0.443259,0.609442,0.376618,0.508846
34,0.068000,1.862729,2842.417,2425.642,-30.038797,9.881212,-0.670398,1.009173,3.778095,-1.980417,-3.978253,1.068311,1.090152,-1.090714,0.643918,1.330769,-0.215574,0.406190,0.820047,0.728318,0.418293,0.699418,0.551020,0.415835
35,0.070000,1.856034,2852.091,2436.051,-30.303352,9.805506,-0.460003,1.279293,3.605506,-2.380622,-4.140446,1.293025,1.101378,-1.422757,0.849622,1.374964,-0.562411,0.270970,0.877886,0.839854,0.319883,0.792155,0.648880,0.259950
36,0.072000,1.854388,2869.214,2440.550,-30.533241,9.770854,-0.252086,1.429165,3.380372,-2.740686,-4.235619,1.388332,1.048059,-1.784369,0.968402,1.498240,-0.830618,0.045581,0.802054,0.867978,0.172052,0.879920,0.632864,0.046326
37,0.074000,1.863108,2886.498,2433.935,-30.636757,9.775723,-0.185557,1.384072,3.185797,-3.007132,-4.337996,1.288589,0.973686,-2.069839,1.014895,1.664794,-0.967638,-0.229951,0.611359,0.853237,0.027311,0.934448,0.493839,-0.179412
38,0.076000,1.886542,2894.198,2411.815,-30.544851,9.839058,-0.340190,1.125059,3.132700,-3.083727,-4.500955,0.951123,0.920936,-2.154485,1.033758,1.786637,-1.000471,-0.501808,0.382286,0.835303,-0.106318,0.904666,0.266325,-0.356582
39,0.078000,1.924909,2885.055,2373.347,-30.293983,9.980899,-0.624377,0.726490,3.244992,-2.918822,-4.684352,0.440760,0.910173,-1.982813,1.077536,1.815965,-0.968509,-0.707946,0.200291,0.823445,-0.252064,0.785180,0.048907,-0.441098
40,0.080000,1.973359,2857.373,2322.186,-29.998444,10.200006,-0.852439,0.314866,3.456187,-2.551867,-4.804969,-0.083084,0.966948,-1.591060,1.163183,1.789789,-0.852130,-0.809851,0.077633,0.818989,-0.383204,0.623150,-0.079518,-0.420252
41,0.082000,2.023591,2815.525,2265.232,-29.766184,10.459805,-0.918092,-0.037402,3.667101,-2.073356,-4.828310,-0.513223,1.089333,-1.047657,1.278754,1.741659,-0.649783,-0.816145,-0.027782,0.827622,-0.451820,0.459174,-0.096618,-0.292779
42,0.084000,2.067032,2768.134,2210.181,-29.670383,10.690457,-0.842309,-0.328645,3.790115,-1.595368,-4.789818,-0.840181,1.222767,-0.439108,1.396428,1.656674,-0.413910,-0.762065,-0.162683,0.839638,-0.443226,0.307187,-0.017666,-0.067717
43,0.086000,2.096885,2724.041,2164.048,-29.724768,10.839601,-0.695136,-0.543575,3.811745,-1.212210,-4.735291,-1.063447,1.302282,0.130755,1.505512,1.524233,-0.210551,-0.672910,-0.321617,0.839461,-0.381916,0.173291,0.127789,0.227382
44,0.088000,2.109104,2689.019,2132.455,-29.884138,10.879100,-0.565083,-0.632460,3.787331,-1.011517,-4.706318,-1.135670,1.289340,0.540450,1.625246,1.382216,-0.106184,-0.582466,-0.438186,0.821897,-0.324810,0.073338,0.337063,0.556833
45,0.090000,2.102472,2665.129,2118.964,-30.096134,10.795179,-0.523650,-0.558047,3.779047,-1.057238,-4.736787,-1.005254,1.191446,0.697252,1.777890,1.302560,-0.137139,-0.544878,-0.440910,0.797372,-0.337093,0.010780,0.627217,0.892849
46,0.092000,2.077990,2652.015,2124.717,-30.367865,10.602495,-0.537388,-0.347007,3.779514,-1.322075,-4.812570,-0.709476,1.044455,0.615518,1.948445,1.309424,-0.272567,-0.595094,-0.338836,0.762813,-0.434413,-0.038124,0.966273,1.218784
47,0.094000,2.038411,2648.074,2148.410,-30.733372,10.338946,-0.503075,-0.076051,3.716673,-1.722321,-4.878297,-0.353877,0.875753,0.380493,2.093125,1.372288,-0.451402,-0.730531,-0.195974,0.698908,-0.577601,-0.083774,1.278987,1.499866
48,0.096000,1.988032,2651.936,2186.567,-31.167263,10.054615,-0.362743,0.177474,3.537620,-2.183658,-4.889393,-0.017304,0.705483,0.062319,2.158047,1.461332,-0.627365,-0.938351,-0.074802,0.595894,-0.707835,-0.098410,1.492542,1.651971
49,0.098000,1.932575,2663.502,2233.546,-31.586891,9.795351,-0.155766,0.362449,3.281996,-2.622633,-4.858826,0.248949,0.567571,-0.287830,2.084542,1.557642,-0.736902,-1.178777,-0.038740,0.436225,-0.747293,-0.001450,1.569672,1.575250
50,0.100000,1.878218,2682.681,2281.434,-31.925518,9.584816,0.031290,0.481096,3.078439,-2.938353,-4.860362,0.397552,0.524710,-0.599341,1.839088,1.631806,-0.697156,-1.356618,-0.104718,0.198916,-0.645310,0.281182,1.549170,1.267461
51,0.102000,1.830119,2708.681,2321.646,-32.144482,9.442023,0.112738,0.527528,3.035375,-3.030033,-4.934466,0.404189,0.623690,-0.789703,1.459122,1.634609,-0.509034,-1.382910,-0.178010,-0.056586,-0.424037,0.698308,1.503213,0.862057
52,0.104000,1.791936,2739.023,2347.150,-32.196373,9.396250,-0.010519,0.404091,3.172118,-2.784191,-5.022304,0.228269,0.798918,-0.804576,1.069618,1.519040,-0.316627,-1.271281,-0.118454,-0.185458,-0.149954,1.066670,1.441057,0.534523
53,0.106000,1.766039,2769.141,2354.229,-32.099598,9.447639,-0.333730,0.059940,3.423324,-2.164987,-5.001792,-0.137254,0.916251,-0.665059,0.804403,1.312487,-0.240121,-1.102755,0.106188,-0.099759,0.138506,1.259144,1.341932,0.385482
54,0.108000,1.753714,2794.449,2343.587,-31.971832,9.539091,-0.700316,-0.390847,3.664435,-1.347955,-4.812912,-0.568078,0.956734,-0.464558,0.641413,1.066068,-0.218047,-0.897953,0.364568,0.099382,0.443308,1.343740,1.239890,0.382094
55,0.110000,1.754996,2813.555,2320.231,-31.873739,9.617377,-1.004212,-0.824572,3.798978,-0.569349,-4.498254,-0.950339,0.971778,-0.249141,0.534670,0.794881,-0.198915,-0.670677,0.538896,0.291054,0.765415,1.416172,1.177331,0.474624
56,0.112000,1.768192,2827.784,2291.972,-31.768879,9.663714,-1.248146,-1.162318,3.810417,-0.009140,-4.149999,-1.226016,0.997711,-0.024638,0.508086,0.519094,-0.220445,-0.468507,0.613915,0.430199,1.081353,1.508135,1.152902,0.608195
57,0.114000,1.789440,2838.755,2266.871,-31.577614,9.701611,-1.469981,-1.342168,3.750208,0.222834,-3.855310,-1.340554,1.049540,0.163118,0.592437,0.293594,-0.339976,-0.353106,0.642965,0.508466,1.310975,1.589610,1.142997,0.702036
58,0.116000,1.813211,2847.022,2251.092,-31.264416,9.768009,-1.681034,-1.337983,3.692760,0.121589,-3.669739,-1.273652,1.127506,0.237327,0.752229,0.171037,-0.562891,-0.370154,0.676058,0.547081,1.373723,1.591481,1.137576,0.726060
59,0.118000,1.833502,2852.563,2247.776,-30.885101,9.876318,-1.850537,-1.195540,3.658706,-0.213488,-3.590515,-1.072654,1.213416,0.161043,0.892457,0.138895,-0.833937,-0.504824,0.716500,0.579966,1.281976,1.478799,1.139480,0.734362
60,0.120000,1.846243,2855.103,2256.447,-30.533346,10.012853,-1.936935,-0.998674,3.613963,-0.638707,-3.550269,-0.794589,1.274900,-0.043730,0.937679,0.134734,-1.097341,-0.692004,0.741370,0.598595,1.101012,1.293526,1.159163,0.778893
61,0.122000,1.850723,2855.587,2273.373,-30.270451,10.144518,-1.940617,-0.821717,3.525162,-1.040020,-3.488956,-0.470219,1.290496,-0.327527,0.870221,0.125356,-1.309226,-0.874644,0.726434,0.575464,0.895886,1.104251,1.197958,0.852533
62,0.124000,1.850050,2857.293,2292.511,-30.102386,10.239407,-1.907982,-0.707904,3.393357,-1.365782,-3.421020,-0.132422,1.263242,-0.637734,0.702613,0.121002,-1.422092,-1.017758,0.656507,0.506973,0.736198,0.963691,1.234473,0.902574
63,0.126000,1.849342,2865.458,2306.896,-30.000294,10.284437,-1.898119,-0.668723,3.254670,-1.602085,-3.416209,0.166804,1.224149,-0.923518,0.438028,0.119208,-1.399008,-1.089572,0.527888,0.402424,0.677389,0.898767,1.243055,0.883008
64,0.128000,1.853502,2884.648,2310.541,-29.931643,10.285513,-1.947807,-0.698839,3.147078,-1.743952,-3.540182,0.362084,1.202010,-1.137812,0.085482,0.083151,-1.247726,-1.065033,0.357501,0.268972,0.724451,0.901711,1.214672,0.785946
65,0.130000,1.865286,2915.898,2300.374,-29.879765,10.256865,-2.066101,-0.805710,3.082860,-1.759920,-3.787025,0.396218,1.185029,-1.241011,-0.291419,-0.018648,-1.043222,-0.970252,0.179595,0.125781,0.829750,0.920718,1.160658,0.654988
66,0.132000,1.883792,2955.928,2277.553,-29.829918,10.226163,-2.241536,-1.014844,3.048790,-1.602682,-4.093086,0.222824,1.117046,-1.215958,-0.586779,-0.174548,-0.888069,-0.890378,0.023485,0.015326,0.940677,0.872285,1.073935,0.551376
67,0.134000,1.905053,2997.560,2247.202,-29.795528,10.211340,-2.424639,-1.318340,3.016056,-1.276073,-4.396957,-0.154175,0.967278,-1.094135,-0.759044,-0.357547,-0.830295,-0.898392,-0.120665,-0.047084,1.045340,0.727821,0.941188,0.493430
68,0.136000,1.924038,3032.761,2216.807,-29.834721,10.191702,-2.540210,-1.651858,2.948824,-0.875479,-4.676848,-0.660977,0.778108,-0.936041,-0.858468,-0.562243,-0.850132,-0.992100,-0.280814,-0.114330,1.137687,0.543874,0.791562,0.462373
69,0.138000,1.937072,3055.490,2193.855,-29.965710,10.141018,-2.558528,-1.936203,2.850984,-0.514847,-4.924310,-1.190586,0.609246,-0.786886,-0.906265,-0.768758,-0.934714,-1.138230,-0.440250,-0.237014,1.188615,0.390369,0.669136,0.436642
70,0.140000,1.944142,3059.558,2183.702,-30.103786,10.076573,-2.494539,-2.060036,2.810056,-0.271347,-5.109159,-1.602591,0.497375,-0.683232,-0.841718,-0.900101,-1.088511,-1.291266,-0.500759,-0.402991,1.154330,0.317104,0.603230,0.376713
71,0.142000,1.948967,3038.226,2188.452,-30.090372,10.096743,-2.318060,-1.867484,2.977648,-0.132612,-5.151822,-1.741096,0.489268,-0.616796,-0.562525,-0.824960,-1.247907,-1.365552,-0.319413,-0.515530,1.032486,0.358928,0.626148,0.271551
72,0.144000,1.956966,2986.979,2206.200,-29.883430,10.246590,-2.005928,-1.352268,3.354729,-0.057269,-5.020531,-1.620906,0.561557,-0.566782,-0.084900,-0.524481,-1.324966,-1.314472,0.117539,-0.502494,0.848907,0.484724,0.726634,0.156037
73,0.146000,1.972164,2907.801,2231.008,-29.595037,10.450191,-1.613394,-0.692732,3.757593,-0.039020,-4.758744,-1.413891,0.591496,-0.560257,0.440855,-0.144562,-1.321402,-1.189651,0.662853,-0.412188,0.590692,0.604582,0.825974,0.036105
74,0.148000,1.994791,2811.042,2255.592,-29.322018,10.644108,-1.195736,-0.037910,4.048794,-0.046441,-4.378819,-1.210724,0.509400,-0.611321,0.913222,0.196843,-1.275699,-1.053424,1.190848,-0.296459,0.255184,0.673532,0.884641,-0.090709
75,0.150000,2.021588,2713.084,2275.118,-29.114197,10.794816,-0.796211,0.535375,4.182339,-0.053159,-3.894856,-1.010793,0.327564,-0.709337,1.307845,0.464381,-1.218695,-0.938615,1.643127,-0.158436,-0.122984,0.693255,0.908085,-0.219617
76,0.152000,2.047712,2632.189,2289.154,-28.981396,10.874788,-0.478835,0.999278,4.193903,-0.065651,-3.379666,-0.785085,0.127737,-0.832801,1.608218,0.672459,-1.143853,-0.854757,1.975587,0.024087,-0.473357,0.669965,0.899909,-0.320612
77,0.154000,2.068803,2584.656,2300.778,-28.872692,10.867104,-0.357966,1.348983,4.200224,-0.106724,-2.971444,-0.512868,0.042034,-0.961322,1.750366,0.850427,-0.988087,-0.800484,2.108267,0.259841,-0.698771,0.592780,0.812173,-0.353466
78,0.156000,2.082574,2582.703,2313.917,-28.732822,10.779470,-0.504426,1.579536,4.295867,-0.180965,-2.768090,-0.214948,0.137476,-1.053488,1.705899,0.992983,-0.725480,-0.741302,1.997157,0.494714,-0.748846,0.484834,0.598770,-0.336656
79,0.158000,2.089060,2634.284,2330.962,-28.575796,10.629711,-0.858611,1.696584,4.451081,-0.290987,-2.724947,0.075095,0.317934,-1.067365,1.581868,1.066987,-0.474610,-0.640790,1.728973,0.653168,-0.685964,0.389945,0.304128,-0.317307
80,0.160000,2.090381,2741.904,2350.888,-28.432966,10.424388,-1.339496,1.728221,4.612977,-0.457489,-2.758748,0.352273,0.449171,-1.006351,1.493539,1.044132,-0.375736,-0.492775,1.424514,0.710723,-0.570233,0.329482,-0.009413,-0.301632
81,0.162000,2.089932,2899.843,2368.802,-28.341377,10.167698,-1.882801,1.695396,4.762846,-0.683209,-2.837160,0.607135,0.479200,-0.907605,1.446599,0.905348,-0.470498,-0.317251,1.150837,0.693602,-0.415281,0.310796,-0.285906,-0.276486
82,0.164000,2.091165,3093.327,2378.409,-28.347904,9.867910,-2.428761,1.605078,4.895032,-0.951849,-2.963354,0.816140,0.416435,-0.833444,1.378301,0.654162,-0.719568,-0.150963,0.936480,0.654725,-0.233261,0.323509,-0.464029,-0.222082
83,0.166000,2.096013,3299.603,2376.193,-28.468452,9.536639,-2.943677,1.475605,5.005803,-1.269315,-3.147440,0.967302,0.266636,-0.858036,1.248171,0.320664,-1.057591,-0.012440,0.802105,0.633329,-0.049691,0.340690,-0.519690,-0.122452
84,0.168000,2.103677,3492.772,2364.784,-28.664484,9.206034,-3.408312,1.338056,5.078181,-1.670856,-3.402890,1.060794,0.023609,-1.032886,1.071186,-0.025656,-1.396222,0.116351,0.764910,0.632456,0.087357,0.306103,-0.500689,0.005821
85,0.170000,2.111295,3649.434,2352.531,-28.841961,8.971932,-3.743732,1.266662,5.120731,-2.135041,-3.691238,1.129775,-0.284173,-1.340665,0.898687,-0.299899,-1.644532,0.256647,0.801736,0.593608,0.094877,0.125873,-0.543064,0.070069
86,0.172000,2.115259,3752.722,2349.550,-28.940788,8.899461,-3.871354,1.327427,5.152935,-2.565633,-3.910661,1.225821,-0.604711,-1.717686,0.765917,-0.457881,-1.757639,0.390407,0.839151,0.442946,-0.063512,-0.231033,-0.755387,-0.009086
87,0.174000,2.112264,3794.793,2362.547,-29.022022,8.878965,-3.872155,1.453519,5.094640,-2.944230,-4.019063,1.333134,-0.957765,-2.138604,0.664493,-0.509889,-1.732056,0.493233,0.815694,0.197823,-0.266516,-0.634050,-1.080324,-0.155218
88,0.176000,2.100703,3775.298,2391.622,-29.097515,8.873018,-3.770897,1.624271,4.936368,-3.221992,-3.953316,1.483900,-1.322678,-2.550502,0.619582,-0.451255,-1.566883,0.544365,0.678749,-0.090110,-0.371321,-0.945324,-1.437888,-0.306396
89,0.178000,2.081103,3700.093,2430.122,-29.145206,8.920526,-3.522152,1.864686,4.719426,-3.362694,-3.685693,1.730780,-1.607241,-2.855313,0.672536,-0.264596,-1.239679,0.562702,0.437385,-0.340685,-0.285744,-1.056015,-1.722593,-0.414333
90,0.180000,2.055487,3580.282,2467.536,-29.175791,9.006306,-3.148065,2.158316,4.428609,-3.444052,-3.304410,2.024186,-1.767087,-2.985189,0.771539,-0.046387,-0.792884,0.537767,0.081890,-0.538311,-0.063119,-0.985561,-1.881967,-0.492077
91,0.182000,2.026618,3430.677,2493.732,-29.181868,9.105039,-2.742008,2.445608,4.064280,-3.516419,-2.906612,2.243880,-1.822105,-2.885273,0.856248,0.075584,-0.309492,0.456794,-0.366843,-0.680020,0.183566,-0.825331,-1.900493,-0.565980
92,0.184000,1.996283,3270.028,2502.414,-29.128378,9.225367,-2.432377,2.613206,3.706236,-3.489149,-2.551487,2.246249,-1.830485,-2.497286,0.953123,0.020066,0.079735,0.342045,-0.776406,-0.722521,0.351349,-0.687541,-1.771459,-0.593247
93,0.186000,1.965299,3116.403,2492.983,-29.015537,9.388814,-2.278980,2.566565,3.432969,-3.249711,-2.267251,1.954170,-1.847292,-1.822121,1.110545,-0.224543,0.270367,0.238849,-1.008781,-0.628417,0.399694,-0.642087,-1.504909,-0.514459
94,0.188000,1.933826,2983.287,2469.704,-28.963203,9.570086,-2.171662,2.335627,3.191252,-2.860135,-2.049016,1.454132,-1.894736,-1.011647,1.268748,-0.589843,0.298409,0.160742,-1.099273,-0.423565,0.393595,-0.669751,-1.174750,-0.376740
95,0.190000,1.902253,2877.875,2439.365,-29.090042,9.726764,-1.971943,2.004287,2.896539,-2.441548,-1.881604,0.869198,-1.975944,-0.233632,1.344086,-1.006023,0.237149,0.101556,-1.145995,-0.161889,0.400788,-0.729439,-0.862845,-0.240341
96,0.192000,1.871561,2801.644,2409.323,-29.408901,9.826384,-1.644719,1.647188,2.543468,-2.060289,-1.753199,0.284607,-2.071509,0.434228,1.327662,-1.424868,0.126934,0.078898,-1.185926,0.105256,0.437102,-0.782226,-0.613324,-0.110039
97,0.194000,1.842459,2750.916,2386.297,-29.847437,9.835014,-1.256894,1.337677,2.187311,-1.772421,-1.660636,-0.214279,-2.153750,0.945681,1.273712,-1.781626,-0.017140,0.111979,-1.203249,0.332047,0.489340,-0.790456,-0.456699,0.026210
98,0.196000,1.814544,2718.561,2375.795,-30.288845,9.732599,-0.917920,1.154943,1.920287,-1.642912,-1.618918,-0.522723,-2.187743,1.230420,1.240606,-1.975348,-0.193617,0.167563,-1.159436,0.504088,0.515683,-0.746630,-0.388561,0.175868
99,0.198000,1.786344,2697.401,2381.878,-30.636192,9.537262,-0.688785,1.157370,1.830903,-1.703186,-1.646893,-0.556080,-2.125214,1.229527,1.256984,-1.905975,-0.401771,0.158227,-1.023157,0.642639,0.446667,-0.690994,-0.352340,0.332828
100,0.200000,1.755880,2682.688,2406.725,-30.904449,9.290487,-0.505107,1.330422,1.909391,-1.904129,-1.723935,-0.342785,-1.947325,0.989191,1.317612,-1.588992,-0.625834,0.038655,-0.829024,0.742068,0.273576,-0.659272,-0.323305,0.487868
101,0.202000,1.721673,2673.354,2449.961,-31.175674,9.034850,-0.245801,1.608487,2.070037,-2.158585,-1.808640,0.011978,-1.671476,0.631467,1.404902,-1.131969,-0.843084,-0.168023,-0.652701,0.768547,0.061061,-0.644001,-0.325448,0.628071
102,0.204000,1.684713,2671.996,2507.623,-31.492599,8.783396,0.105378,1.907775,2.233441,-2.435227,-1.920977,0.415203,-1.323646,0.231156,1.483951,-0.626734,-1.039009,-0.424594,-0.534422,0.712996,-0.127270,-0.602479,-0.360597,0.730547
103,0.206000,1.649669,2682.392,2570.699,-31.807983,8.553210,0.449513,2.132199,2.378510,-2.707094,-2.129547,0.785902,-0.904576,-0.168630,1.483148,-0.158763,-1.184182,-0.661355,-0.476378,0.579432,-0.237724,-0.458074,-0.410173,0.749395
104,0.208000,1.624161,2706.102,2625.770,-32.007355,8.387335,0.651781,2.181741,2.519423,-2.926552,-2.496888,1.043913,-0.403615,-0.514221,1.328879,0.170703,-1.257459,-0.771579,-0.438466,0.363319,-0.266883,-0.150269,-0.437966,0.642222
105,0.210000,1.616866,2739.463,2658.727,-32.011452,8.321316,0.653708,2.003903,2.645957,-3.053037,-3.002578,1.136783,0.131070,-0.756315,1.040395,0.312366,-1.293623,-0.699491,-0.336144,0.109475,-0.279747,0.274344,-0.386181,0.453643
106,0.212000,1.633862,2772.516,2660.463,-31.830868,8.346783,0.486275,1.634735,2.740015,-3.070568,-3.558968,1.045770,0.596050,-0.860793,0.737491,0.315758,-1.346479,-0.496254,-0.124090,-0.078627,-0.314684,0.693246,-0.237135,0.277398
107,0.214000,1.674012,2795.450,2632.570,-31.538000,8.423611,0.218332,1.163626,2.787720,-3.001566,-4.069094,0.804626,0.901124,-0.840253,0.536096,0.280793,-1.431184,-0.264519,0.162107,-0.101183,-0.318930,1.011748,-0.050183,0.176430
108,0.216000,1.728829,2804.554,2586.394,-31.209690,8.527590,-0.062428,0.709115,2.808563,-2.884831,-4.465277,0.509849,1.046299,-0.734441,0.474495,0.264360,-1.521904,-0.053115,0.451231,0.037147,-0.237636,1.224514,0.114723,0.151005
109,0.218000,1.786177,2803.256,2536.241,-30.896326,8.661718,-0.275432,0.387200,2.847309,-2.751108,-4.711365,0.275714,1.097676,-0.581759,0.529254,0.262960,-1.591744,0.125512,0.669243,0.246622,-0.088455,1.355487,0.225265,0.159588
110,0.220000,1.834552,2798.442,2493.429,-30.619629,8.833565,-0.389584,0.254195,2.933031,-2.615848,-4.802691,0.169448,1.104995,-0.430275,0.649722,0.246517,-1.643961,0.233555,0.758722,0.437947,0.055002,1.403373,0.260957,0.156371
111,0.222000,1.865808,2796.805,2463.862,-30.408087,9.015697,-0.440816,0.281491,3.044360,-2.508842,-4.773556,0.203714,1.082633,-0.339362,0.783217,0.198116,-1.686920,0.231494,0.703445,0.564238,0.132625,1.378199,0.235677,0.131783
112,0.224000,1.876928,2802.278,2447.913,-30.300770,9.157883,-0.489883,0.396517,3.127626,-2.472013,-4.674461,0.360947,1.034445,-0.350329,0.898647,0.137697,-1.699612,0.122872,0.542201,0.626422,0.137788,1.320614,0.199010,0.118085
113,0.226000,1.870617,2814.411,2441.509,-30.323189,9.229181,-0.559131,0.546450,3.139831,-2.528725,-4.540421,0.609506,0.968487,-0.469246,0.980293,0.095118,-1.657333,-0.071457,0.321930,0.628891,0.086835,1.259500,0.179643,0.130569
114,0.228000,1.855362,2826.848,2436.845,-30.469383,9.239069,-0.614589,0.721442,3.064386,-2.679576,-4.398654,0.905363,0.897809,-0.671397,1.020908,0.099595,-1.544356,-0.327153,0.078805,0.565152,-0.009249,1.190521,0.161721,0.136146
115,0.230000,1.844830,2826.567,2423.603,-30.697994,9.226999,-0.601535,0.935043,2.909247,-2.912664,-4.283773,1.198081,0.835135,-0.922500,1.011178,0.179030,-1.341731,-0.596595,-0.147168,0.437998,-0.138488,1.101293,0.120652,0.084645
116,0.232000,1.853483,2799.741,2392.524,-30.932396,9.249849,-0.486997,1.189756,2.711274,-3.202817,-4.245296,1.431754,0.801810,-1.170532,0.948527,0.351126,-1.020202,-0.792601,-0.305039,0.256691,-0.300056,0.983633,0.055417,-0.050161
117,0.234000,1.890159,2740.122,2339.504,-31.076731,9.363828,-0.291752,1.452959,2.547422,-3.489126,-4.327172,1.551559,0.842604,-1.317598,0.859960,0.607961,-0.554894,-0.799035,-0.328009,0.036613,-0.504140,0.849708,0.015057,-0.228429
118,0.236000,1.953035,2654.698,2268.336,-31.081087,9.572048,-0.095749,1.658648,2.511614,-3.664258,-4.513556,1.528644,0.992576,-1.281657,0.766898,0.885256,0.004485,-0.567596,-0.168445,-0.177161,-0.733350,0.735224,0.064049,-0.371502
119,0.238000,2.030221,2559.731,2189.538,-30.960854,9.836712,0.022591,1.720511,2.617425,-3.652868,-4.743475,1.342578,1.198374,-1.079519,0.688197,1.115548,0.512541,-0.211877,0.139454,-0.316948,-0.952818,0.622380,0.176263,-0.438648
120,0.240000,2.105439,2470.747,2115.312,-30.753536,10.143009,0.062569,1.599655,2.803337,-3.444778,-4.946643,1.001824,1.367950,-0.790010,0.660081,1.290869,0.837253,0.094504,0.511783,-0.313421,-1.106266,0.479063,0.280929,-0.420269
121,0.242000,2.164169,2396.676,2054.935,-30.528028,10.481007,0.109781,1.365196,2.991305,-3.117290,-5.096696,0.575656,1.471697,-0.513213,0.646018,1.395079,0.947828,0.270663,0.849771,-0.187177,-1.166652,0.339351,0.371278,-0.330097
122,0.244000,2.196672,2340.957,2013.768,-30.355192,10.820804,0.233122,1.119388,3.130464,-2.762333,-5.190784,0.151409,1.521695,-0.320667,0.587429,1.396362,0.872919,0.317898,1.078434,-0.020504,-1.163144,0.240387,0.456188,-0.202346
123,0.246000,2.198204,2304.579,1994.527,-30.271416,11.116795,0.422488,0.919824,3.199728,-2.435820,-5.216213,-0.203169,1.520859,-0.229557,0.483999,1.289866,0.645257,0.257085,1.167315,0.120820,-1.137816,0.183935,0.514711,-0.075186
124,0.248000,2.168564,2287.299,1998.498,-30.279625,11.323609,0.627445,0.788023,3.189597,-2.180221,-5.157780,-0.439945,1.452454,-0.237933,0.361911,1.092061,0.292262,0.117143,1.128902,0.205658,-1.108615,0.177223,0.542957,0.037280
125,0.250000,2.112027,2287.696,2025.752,-30.371801,11.399617,0.799202,0.725416,3.095678,-2.026059,-5.009970,-0.524237,1.300357,-0.343147,0.241490,0.835630,-0.151122,-0.068197,1.005459,0.224694,-1.082078,0.229220,0.562571,0.137041
126,0.252000,2.037313,2302.231,2073.650,-30.544500,11.321636,0.917967,0.716029,2.917604,-1.976841,-4.782942,-0.443549,1.063224,-0.542347,0.124964,0.562596,-0.640050,-0.279187,0.835848,0.172960,-1.073553,0.326932,0.604100,0.232510
127,0.254000,1.956674,2324.748,2135.636,-30.792088,11.103440,0.995043,0.725285,2.656602,-2.013454,-4.494513,-0.215321,0.752364,-0.826043,0.007358,0.323244,-1.120993,-0.510663,0.635387,0.051701,-1.091681,0.444871,0.690241,0.324471
128,0.256000,1.883477,2347.746,2201.724,-31.088181,10.803915,1.065508,0.725707,2.325665,-2.115955,-4.169292,0.115247,0.389647,-1.169910,-0.109032,0.169725,-1.528987,-0.743029,0.414193,-0.121008,-1.121288,0.563582,0.819386,0.394880
129,0.258000,1.828995,2365.777,2260.379,-31.364693,10.525470,1.172110,0.731615,1.986329,-2.263767,-3.859075,0.483219,0.032000,-1.521049,-0.227957,0.134827,-1.779655,-0.918240,0.199414,-0.304387,-1.120875,0.668370,0.945941,0.403622
130,0.260000,1.798640,2378.891,2302.438,-31.524118,10.361246,1.296963,0.769768,1.772297,-2.396612,-3.639172,0.815114,-0.206548,-1.780087,-0.375096,0.187930,-1.805905,-0.964329,0.014629,-0.463223,-1.037879,0.760095,1.011288,0.324583
131,0.262000,1.790543,2392.927,2324.780,-31.497341,10.330966,1.323087,0.798394,1.806175,-2.411982,-3.559321,1.018887,-0.240369,-1.831634,-0.554328,0.234901,-1.637886,-0.849682,-0.118161,-0.586385,-0.862569,0.845584,1.010339,0.194049
132,0.264000,1.797776,2415.386,2329.934,-31.298641,10.399759,1.158396,0.719453,2.069477,-2.244885,-3.594930,1.009420,-0.118164,-1.634235,-0.693031,0.220405,-1.402476,-0.626690,-0.156188,-0.642145,-0.649173,0.876130,0.970051,0.103661
133,0.266000,1.811710,2450.483,2323.065,-31.028519,10.519147,0.850880,0.489563,2.413693,-1.937215,-3.670956,0.796106,0.058270,-1.266727,-0.734644,0.172823,-1.194887,-0.400232,-0.113239,-0.617666,-0.454623,0.790787,0.879562,0.101194
134,0.268000,1.825583,2495.920,2308.822,-30.798569,10.651047,0.529384,0.155352,2.692980,-1.585076,-3.736598,0.460693,0.242091,-0.843991,-0.712458,0.125508,-1.019531,-0.221530,-0.051003,-0.560016,-0.307790,0.612092,0.734553,0.162090
135,0.270000,1.835850,2545.002,2291.357,-30.657951,10.773041,0.285012,-0.206702,2.849728,-1.242962,-3.772699,0.086846,0.415558,-0.442613,-0.677972,0.075019,-0.880857,-0.103326,-0.009560,-0.511323,-0.225666,0.394620,0.550997,0.253738
136,0.272000,1.841583,2591.691,2275.726,-30.586555,10.860414,0.132475,-0.513113,2.900608,-0.950293,-3.780533,-0.235541,0.550712,-0.118438,-0.646437,0.002905,-0.823439,-0.047688,0.013847,-0.493083,-0.232179,0.176793,0.341340,0.331391
137,0.274000,1.843472,2633.215,2267.911,-30.519445,10.872284,0.011572,-0.685922,2.894604,-0.778163,-3.767992,-0.397891,0.614850,0.078281,-0.585380,-0.086131,-0.909529,-0.045234,0.063004,-0.515025,-0.354147,-0.019599,0.115231,0.330615
138,0.276000,1.842815,2670.591,2274.158,-30.401146,10.769182,-0.146949,-0.685395,2.867393,-0.794465,-3.738492,-0.336957,0.592612,0.123208,-0.467640,-0.169398,-1.158414,-0.083835,0.173746,-0.559064,-0.588306,-0.204161,-0.106369,0.221864
139,0.278000,1.840217,2708.360,2299.494,-30.234621,10.539608,-0.346681,-0.540094,2.805887,-0.998123,-3.683897,-0.098740,0.491507,0.043207,-0.313730,-0.237515,-1.506923,-0.152969,0.322833,-0.588711,-0.889229,-0.413197,-0.298141,0.036573
140,0.280000,1.835688,2751.848,2344.995,-30.052774,10.207063,-0.544227,-0.314805,2.673414,-1.335647,-3.585986,0.211722,0.315836,-0.120239,-0.150103,-0.282406,-1.857213,-0.232806,0.459908,-0.592508,-1.197058,-0.648860,-0.441996,-0.176118
141,0.282000,1.828572,2804.704,2406.949,-29.876997,9.823566,-0.692151,-0.062734,2.455780,-1.735036,-3.425760,0.505268,0.067113,-0.346152,0.016184,-0.271535,-2.126910,-0.297103,0.562109,-0.579744,-1.461168,-0.859453,-0.517807,-0.375742
142,0.284000,1.817781,2867.845,2478.126,-29.714140,9.451267,-0.751273,0.201996,2.188359,-2.103525,-3.180345,0.747301,-0.216277,-0.602481,0.193692,-0.158459,-2.253529,-0.314080,0.645341,-0.553941,-1.642874,-0.971570,-0.506229,-0.532319
143,0.286000,1.802612,2938.894,2549.554,-29.569185,9.127458,-0.724003,0.491780,1.956572,-2.348832,-2.855422,0.944445,-0.439198,-0.816241,0.386380,0.067066,-2.193512,-0.248425,0.724546,-0.521614,-1.719306,-0.930829,-0.406362,-0.625347
144,0.288000,1.783867,3011.171,2611.816,-29.433399,8.853521,-0.700043,0.786129,1.854216,-2.428623,-2.547775,1.064656,-0.508999,-0.921237,0.548772,0.342326,-1.932903,-0.086789,0.762996,-0.512007,-1.676045,-0.721428,-0.260798,-0.661727
145,0.290000,1.764274,3073.281,2656.750,-29.280195,8.640652,-0.771411,1.039515,1.939742,-2.331894,-2.364785,1.037348,-0.416815,-0.899739,0.638570,0.592394,-1.504814,0.147285,0.727239,-0.523711,-1.502514,-0.368366,-0.113422,-0.639553
146,0.292000,1.746673,3113.113,2679.858,-29.140404,8.494165,-0.935893,1.199759,2.159488,-2.072450,-2.311223,0.803916,-0.284822,-0.785092,0.697553,0.783041,-1.035412,0.374518,0.650867,-0.517339,-1.260551,0.033300,0.034735,-0.532870
147,0.294000,1.733152,3121.390,2680.891,-29.083359,8.407634,-1.116639,1.254517,2.424593,-1.688975,-2.328313,0.384656,-0.207261,-0.594430,0.794736,0.921846,-0.630725,0.525483,0.571113,-0.484821,-1.033907,0.389862,0.199596,-0.333006
148,0.296000,1.725543,3093.753,2662.400,-29.150320,8.386441,-1.214465,1.238262,2.669693,-1.261029,-2.388497,-0.140446,-0.184382,-0.329053,0.935037,1.011205,-0.328263,0.553897,0.462560,-0.471563,-0.852279,0.675563,0.388306,-0.072866
149,0.298000,1.726225,3034.190,2628.175,-29.316645,8.456568,-1.160151,1.194589,2.852792,-0.886338,-2.498455,-0.673422,-0.178763,0.009178,1.089706,1.033291,-0.152573,0.420642,0.292134,-0.514888,-0.697816,0.902279,0.591402,0.190637
150,0.300000,1.737830,2956.095,2583.613,-29.512630,8.619046,-0.968674,1.173512,2.982804,-0.647627,-2.659863,-1.101654,-0.171413,0.374913,1.237612,0.978944,-0.122014,0.134626,0.102528,-0.604440,-0.559946,1.058706,0.756296,0.383225
151,0.302000,1.761877,2877.856,2536.382,-29.640568,8.833697,-0.751345,1.225553,3.096292,-0.638916,-2.860897,-1.283991,-0.166657,0.661689,1.382109,0.870995,-0.245797,-0.234836,0.014646,-0.701486,-0.468415,1.122875,0.827208,0.452384
152,0.304000,1.798088,2815.190,2494.685,-29.613785,9.068355,-0.617058,1.358096,3.192596,-0.928470,-3.075773,-1.110216,-0.158359,0.768621,1.517844,0.737632,-0.500451,-0.594358,0.143311,-0.748906,-0.458853,1.075706,0.789527,0.413188
153,0.306000,1.843757,2776.094,2464.326,-29.463436,9.303752,-0.545217,1.531245,3.228164,-1.452657,-3.264833,-0.626684,-0.133777,0.701805,1.631751,0.604519,-0.794175,-0.879675,0.466404,-0.706357,-0.508803,0.931744,0.679964,0.335884
154,0.308000,1.893342,2760.874,2446.994,-29.301310,9.513542,-0.445480,1.711735,3.178272,-2.060543,-3.381768,0.017948,-0.109894,0.526082,1.748510,0.532419,-1.018851,-1.069341,0.848156,-0.596499,-0.565740,0.764323,0.565759,0.275918
155,0.310000,1.939894,2765.077,2440.635,-29.206709,9.678873,-0.284922,1.864925,3.042618,-2.626060,-3.388354,0.709819,-0.104290,0.283872,1.897887,0.587108,-1.115337,-1.169939,1.162069,-0.465683,-0.591009,0.651917,0.494505,0.230140
156,0.312000,1.977562,2782.925,2440.534,-29.210701,9.790008,-0.106785,1.955328,2.843523,-3.089153,-3.310750,1.357932,-0.099689,0.020754,2.075082,0.766134,-1.076074,-1.181558,1.350790,-0.364302,-0.576459,0.643118,0.480303,0.156905
157,0.314000,2.002873,2808.186,2440.918,-29.298862,9.839741,-0.004902,1.957644,2.655065,-3.412629,-3.244867,1.852062,-0.038811,-0.172576,2.240088,0.975564,-0.928009,-1.068043,1.441232,-0.340673,-0.554545,0.756941,0.532111,0.027845
158,0.316000,2.014661,2834.411,2436.787,-29.408020,9.827557,-0.091575,1.828999,2.578058,-3.533577,-3.280412,2.065102,0.107413,-0.196884,2.366403,1.109074,-0.727203,-0.804031,1.512926,-0.394335,-0.565069,0.975857,0.654944,-0.140621
159,0.318000,2.013933,2854.280,2424.662,-29.492069,9.760608,-0.401797,1.526281,2.644805,-3.403805,-3.416598,1.930954,0.285446,-0.030060,2.482293,1.154894,-0.543512,-0.448765,1.641564,-0.429542,-0.604236,1.216331,0.807220,-0.283283
160,0.320000,2.003125,2860.341,2403.262,-29.591961,9.642488,-0.831801,1.064458,2.781641,-3.061039,-3.579398,1.509344,0.423217,0.259681,2.618648,1.178679,-0.406364,-0.091671,1.848576,-0.356571,-0.639423,1.400861,0.930961,-0.368949
161,0.322000,1.984785,2847.334,2374.268,-29.787361,9.490667,-1.205266,0.525687,2.891643,-2.599774,-3.701951,0.938071,0.510616,0.583735,2.750655,1.222343,-0.296178,0.230906,2.097713,-0.193894,-0.661482,1.509528,0.996079,-0.447361
162,0.324000,1.961934,2814.184,2342.085,-30.086258,9.370901,-1.380242,0.011846,2.945556,-2.077524,-3.745768,0.339358,0.573914,0.886230,2.830651,1.264510,-0.214671,0.498256,2.320097,-0.024082,-0.697345,1.527750,0.982670,-0.578218
163,0.326000,1.938040,2766.762,2313.318,-30.401421,9.379076,-1.285061,-0.375201,2.975938,-1.527663,-3.694852,-0.197205,0.622557,1.116655,2.810776,1.242991,-0.208690,0.663441,2.428096,0.070218,-0.775218,1.449112,0.896001,-0.765007
164,0.328000,1.916228,2716.846,2295.819,-30.613270,9.543605,-0.977427,-0.562644,3.025531,-1.030046,-3.561671,-0.577482,0.644848,1.214700,2.680524,1.130355,-0.323444,0.687597,2.369796,0.056455,-0.894902,1.298244,0.783504,-0.945865
165,0.330000,1.898902,2677.355,2296.334,-30.646624,9.763199,-0.657140,-0.536472,3.108114,-0.731592,-3.393481,-0.686405,0.638300,1.134335,2.497015,0.986230,-0.553957,0.593017,2.186991,-0.030397,-1.037505,1.127652,0.703612,-1.058289
166,0.332000,1.887242,2657.464,2317.266,-30.488174,9.945568,-0.448416,-0.304327,3.221634,-0.716130,-3.239911,-0.478699,0.596539,0.844613,2.282830,0.849430,-0.889125,0.406999,1.939431,-0.148513,-1.192826,0.995454,0.701782,-1.056880
167,0.334000,1.882266,2658.097,2353.529,-30.211441,10.075785,-0.307980,0.081059,3.327907,-0.926052,-3.120298,-0.034527,0.523613,0.369922,1.993363,0.710609,-1.280082,0.138763,1.630083,-0.268675,-1.334873,0.923122,0.781438,-0.912120
168,0.336000,1.886106,2671.399,2393.188,-29.947956,10.138626,-0.178747,0.520267,3.366776,-1.247346,-3.019160,0.540978,0.458935,-0.194244,1.625874,0.606768,-1.611892,-0.173356,1.251042,-0.373546,-1.417072,0.904312,0.892442,-0.669645
169,0.338000,1.901517,2685.607,2422.632,-29.764427,10.144632,-0.045461,0.942234,3.333362,-1.573331,-2.920924,1.165380,0.431675,-0.769325,1.192364,0.579913,-1.785540,-0.482920,0.794449,-0.477153,-1.380144,0.966621,0.981372,-0.428207
170,0.340000,1.930226,2690.466,2431.768,-29.645248,10.137516,0.080713,1.319128,3.292529,-1.807148,-2.832708,1.766756,0.463227,-1.294605,0.696314,0.630778,-1.752213,-0.736011,0.274741,-0.608456,-1.182391,1.160762,1.023112,-0.278350
171,0.342000,1.970857,2680.724,2416.739,-29.538616,10.162264,0.155847,1.609702,3.315512,-1.872195,-2.794260,2.232550,0.553162,-1.681900,0.173871,0.697655,-1.558145,-0.874880,-0.222723,-0.780106,-0.866200,1.495756,1.053192,-0.236827
172,0.344000,2.018066,2658.198,2380.655,-29.352648,10.264771,0.075130,1.713778,3.472377,-1.666507,-2.845690,2.384757,0.652156,-1.800605,-0.258841,0.687145,-1.358147,-0.877236,-0.543042,-0.947331,-0.558201,1.872626,1.125552,-0.223876
173,0.346000,2.063554,2630.260,2331.881,-29.045071,10.468103,-0.209158,1.553441,3.764194,-1.139046,-2.958538,2.127940,0.684313,-1.592986,-0.458717,0.593655,-1.296745,-0.817567,-0.593386,-0.997640,-0.338846,2.112552,1.206261,-0.130019
174,0.348000,2.098366,2606.023,2280.625,-28.754160,10.718266,-0.537085,1.223216,4.062130,-0.466049,-3.075849,1.622902,0.678326,-1.179226,-0.463988,0.493274,-1.307882,-0.756025,-0.482521,-0.929153,-0.176962,2.176525,1.233852,0.017993
175,0.350000,2.115198,2593.480,2236.153,-28.626579,10.931423,-0.767620,0.847975,4.271148,0.174878,-3.165186,1.060278,0.710394,-0.683838,-0.398191,0.400654,-1.286635,-0.686855,-0.341854,-0.806841,-0.025179,2.133474,1.211669,0.139089
176,0.352000,2.109725,2598.795,2205.533,-28.702660,11.049165,-0.888208,0.479579,4.376396,0.723983,-3.213895,0.523470,0.800780,-0.158646,-0.318306,0.289673,-1.215107,-0.596800,-0.219438,-0.651124,0.139518,2.025427,1.153256,0.200844
177,0.354000,2.081587,2625.862,2193.388,-28.950062,11.037851,-0.944730,0.146916,4.392463,1.143105,-3.229835,0.055684,0.923916,0.367536,-0.218232,0.155077,-1.112092,-0.466861,-0.116405,-0.481276,0.310793,1.875952,1.056487,0.198597
178,0.356000,2.034596,2675.522,2201.619,-29.290562,10.886246,-1.000936,-0.118247,4.344033,1.369919,-3.227205,-0.287771,1.027288,0.845132,-0.060683,0.022590,-1.014492,-0.277043,-0.002052,-0.342790,0.452883,1.719953,0.918467,0.129298
179,0.358000,1.976930,2743.621,2228.333,-29.623482,10.620032,-1.109646,-0.298278,4.260535,1.346672,-3.221310,-0.444947,1.065474,1.193633,0.170061,-0.057357,-0.950123,-0.034667,0.159799,-0.286068,0.503171,1.583346,0.764624,0.013612
180,0.360000,1.919874,2820.298,2267.660,-29.858147,10.307680,-1.282536,-0.402968,4.177170,1.069088,-3.250864,-0.393403,1.037986,1.323508,0.414557,-0.025990,-0.903231,0.185564,0.358496,-0.308828,0.407470,1.431841,0.647148,-0.063222
181,0.362000,1.875517,2891.293,2310.409,-29.953421,10.033855,-1.471039,-0.450314,4.116875,0.592954,-3.361667,-0.182290,0.962247,1.193462,0.586561,0.131961,-0.847604,0.289777,0.539166,-0.373441,0.174451,1.226661,0.596154,-0.018659
182,0.364000,1.854783,2940.988,2345.519,-29.935205,9.871861,-1.572262,-0.454999,4.063559,0.027395,-3.543761,0.086350,0.833919,0.864185,0.670204,0.363023,-0.774025,0.270924,0.655299,-0.479249,-0.118412,1.020007,0.590292,0.121397
183,0.366000,1.863905,2959.474,2363.082,-29.834999,9.862374,-1.530932,-0.414477,4.032884,-0.497938,-3.755623,0.348342,0.690897,0.449966,0.698366,0.616929,-0.657930,0.178695,0.685755,-0.633258,-0.375465,0.910368,0.614331,0.279127
184,0.368000,1.900870,2949.600,2357.806,-29.673248,9.991443,-1.391889,-0.320681,4.087583,-0.878951,-3.985743,0.578124,0.635416,0.079566,0.689879,0.851967,-0.453095,0.089668,0.632436,-0.835896,-0.531928,0.975571,0.683177,0.384052
185,0.370000,1.956942,2924.726,2330.736,-29.485413,10.190599,-1.258559,-0.187183,4.258693,-1.085725,-4.263627,0.734513,0.750804,-0.146404,0.630735,1.008416,-0.143584,0.072425,0.514712,-1.085099,-0.581986,1.230265,0.829638,0.406989
186,0.372000,2.021074,2901.128,2287.878,-29.318331,10.389891,-1.198792,-0.037267,4.509766,-1.135307,-4.576931,0.781960,1.031259,-0.194034,0.520929,1.055629,0.228960,0.134010,0.376611,-1.321713,-0.551726,1.589130,1.061617,0.381046
187,0.374000,2.084282,2893.113,2236.302,-29.156958,10.576262,-1.269118,0.040802,4.748989,-1.024632,-4.828364,0.705789,1.383400,-0.082669,0.396114,0.992780,0.564022,0.222463,0.299334,-1.401860,-0.461549,1.862032,1.296005,0.370718
188,0.376000,2.143950,2910.599,2179.872,-28.836472,10.833088,-1.608662,-0.194987,4.867530,-0.656452,-4.842344,0.489730,1.641866,0.141354,0.331530,0.839677,0.715941,0.238683,0.383320,-1.106396,-0.275661,1.798955,1.295964,0.399745
189,0.378000,2.202768,2958.058,2118.954,-28.358658,11.147425,-2.186278,-0.752915,4.844125,-0.075488,-4.611648,0.139699,1.737058,0.439432,0.351365,0.651046,0.680586,0.148476,0.567509,-0.466661,0.029470,1.415248,1.025435,0.456130
190,0.380000,2.264955,3032.406,2052.955,-27.905884,11.403425,-2.794914,-1.400522,4.719046,0.508506,-4.285330,-0.274539,1.731056,0.770786,0.389980,0.474356,0.588504,0.026394,0.694655,0.248820,0.405001,0.945316,0.674896,0.538580
191,0.382000,2.332485,3123.306,1983.195,-27.528652,11.559140,-3.339025,-2.028161,4.530342,0.979407,-3.939961,-0.668990,1.644362,1.067358,0.419974,0.344474,0.484714,-0.086272,0.711246,0.874563,0.769377,0.507401,0.328740,0.654928
192,0.384000,2.402756,3216.141,1914.630,-27.178810,11.618698,-3.821398,-2.563718,4.342621,1.277930,-3.605182,-0.936083,1.461536,1.224521,0.460076,0.285843,0.313607,-0.193798,0.660501,1.319193,1.003796,0.145708,0.006899,0.760440
193,0.386000,2.468863,3297.699,1854.995,-26.789761,11.608101,-4.270360,-2.924861,4.225974,1.367664,-3.302672,-0.976079,1.162192,1.131925,0.538123,0.306833,-0.009701,-0.320899,0.616384,1.525324,0.991424,-0.127998,-0.293136,0.758759
194,0.388000,2.522168,3359.531,1812.053,-26.393227,11.563500,-4.649609,-3.112685,4.165080,1.289272,-3.068889,-0.828153,0.768248,0.784681,0.630317,0.393032,-0.456195,-0.487481,0.592965,1.542178,0.732947,-0.359289,-0.574479,0.634433
195,0.390000,2.554657,3398.098,1791.252,-26.099485,11.503816,-4.893766,-3.194310,4.076388,1.115234,-2.938936,-0.619960,0.338905,0.274918,0.701008,0.525694,-0.920220,-0.689364,0.568386,1.490782,0.337368,-0.590505,-0.819035,0.453639
196,0.392000,2.560143,3413.409,1794.982,-25.988735,11.437154,-4.967439,-3.201986,3.909414,0.889775,-2.906731,-0.421133,-0.061010,-0.292483,0.763148,0.700010,-1.339574,-0.910306,0.535539,1.451910,-0.087683,-0.808920,-0.999403,0.263660
197,0.394000,2.534979,3407.159,1823.176,-26.083225,11.381079,-4.849842,-3.122014,3.674013,0.643980,-2.933410,-0.238574,-0.372949,-0.832606,0.843057,0.916917,-1.690139,-1.138683,0.491618,1.451691,-0.470332,-0.981514,-1.095505,0.085905
198,0.396000,2.478300,3381.245,1874.245,-26.374493,11.336866,-4.544201,-2.937591,3.411213,0.398696,-2.991785,-0.070328,-0.558274,-1.290950,0.941098,1.173145,-1.939573,-1.353708,0.436277,1.491123,-0.756266,-1.076310,-1.099139,-0.063278
199,0.398000,2.392339,3336.792,1945.538,-26.829456,11.285885,-4.077209,-2.638649,3.184220,0.178749,-3.075934,0.080661,-0.588119,-1.629037,1.030022,1.457034,-2.031429,-1.517715,0.366557,1.551189,-0.906654,-1.071783,-1.023885,-0.179477
200,0.400000,2.282893,3274.269,2033.087,-27.399660,11.193855,-3.493023,-2.228045,3.051621,0.008945,-3.195357,0.199183,-0.449048,-1.817908,1.065390,1.736269,-1.919548,-1.601441,0.268424,1.584426,-0.921157,-0.968491,-0.904083,-0.279774
201,0.402000,2.159564,3194.745,2130.679,-28.043947,11.017263,-2.843595,-1.735257,3.029817,-0.100580,-3.355020,0.251766,-0.165140,-1.843434,1.012397,1.960565,-1.608429,-1.595489,0.136255,1.532747,-0.849451,-0.793579,-0.766402,-0.386454
202,0.404000,2.034973,3102.192,2229.451,-28.725220,10.734165,-2.174538,-1.210996,3.096845,-0.145772,-3.534544,0.201346,0.202042,-1.708404,0.873000,2.082928,-1.152767,-1.496074,-0.008637,1.368972,-0.754745,-0.595652,-0.617895,-0.499500
203,0.406000,1.921741,3006.160,2319.871,-29.398365,10.363550,-1.530961,-0.724256,3.212794,-0.113818,-3.684542,0.028319,0.564911,-1.438632,0.693345,2.081334,-0.639359,-1.310332,-0.127633,1.125209,-0.668269,-0.447096,-0.471619,-0.584159
204,0.408000,1.828155,2921.744,2397.007,-29.994617,9.961260,-0.971189,-0.353918,3.341496,0.021546,-3.740134,-0.255152,0.834015,-1.085004,0.545879,1.968279,-0.169548,-1.064252,-0.171985,0.881403,-0.586925,-0.428193,-0.363022,-0.602275
205,0.410000,1.755070,2864.043,2464.277,-30.440382,9.586791,-0.557629,-0.152709,3.443338,0.238754,-3.653802,-0.558950,0.969729,-0.745643,0.460165,1.780283,0.171152,-0.798803,-0.102750,0.713538,-0.502821,-0.575964,-0.326695,-0.570398
206,0.412000,1.697030,2841.067,2530.401,-30.709702,9.260708,-0.315531,-0.069660,3.498591,0.414551,-3.442672,-0.714276,1.010698,-0.547981,0.416716,1.583868,0.332857,-0.573628,0.082491,0.642556,-0.434291,-0.835105,-0.327619,-0.553076
207,0.414000,1.648075,2851.765,2601.158,-30.859577,8.955694,-0.209368,0.027565,3.527673,0.414196,-3.188310,-0.625725,1.005045,-0.535606,0.431947,1.440911,0.292281,-0.442611,0.330343,0.605918,-0.417886,-1.073251,-0.266104,-0.593388
208,0.416000,1.607041,2888.324,2673.076,-30.977791,8.668145,-0.154503,0.189540,3.507839,0.209678,-2.938825,-0.333929,0.958475,-0.648464,0.533336,1.361984,0.086141,-0.409873,0.546535,0.521925,-0.452000,-1.185247,-0.099513,-0.674615
209,0.418000,1.577298,2937.022,2734.814,-31.103785,8.441585,-0.081162,0.363331,3.392006,-0.137948,-2.700854,0.059423,0.842430,-0.831638,0.709704,1.356859,-0.187163,-0.470659,0.639910,0.374852,-0.497508,-1.149426,0.151481,-0.736995
210,0.420000,1.562502,2981.187,2774.653,-31.230442,8.315100,0.030403,0.487059,3.169311,-0.561503,-2.486031,0.462906,0.619960,-1.083066,0.921397,1.449115,-0.428107,-0.631076,0.563222,0.199654,-0.518035,-0.997557,0.431709,-0.742397
211,0.422000,1.565053,3006.935,2784.934,-31.326559,8.302530,0.160738,0.537393,2.878399,-1.014033,-2.327773,0.819669,0.302009,-1.401014,1.110233,1.634385,-0.563750,-0.872590,0.329057,0.047775,-0.481819,-0.770666,0.667821,-0.693375
212,0.424000,1.584879,3007.155,2763.602,-31.354168,8.392278,0.258654,0.528916,2.603188,-1.457559,-2.294663,1.084263,-0.017697,-1.728112,1.191189,1.837569,-0.556086,-1.124314,-0.001781,-0.061910,-0.389599,-0.507029,0.813578,-0.595661
213,0.426000,1.619049,2983.030,2714.364,-31.277538,8.552392,0.238138,0.466674,2.438645,-1.822415,-2.443616,1.195438,-0.222015,-1.952417,1.102956,1.936597,-0.429709,-1.290902,-0.344109,-0.172482,-0.299402,-0.232374,0.879616,-0.465238
214,0.428000,1.662303,2942.250,2645.608,-31.097395,8.751989,0.065070,0.345993,2.412084,-2.025967,-2.746157,1.104886,-0.267365,-1.984576,0.870094,1.855962,-0.265411,-1.312137,-0.605744,-0.330050,-0.282243,0.033313,0.907289,-0.327732
215,0.430000,1.707584,2894.981,2568.573,-30.869785,8.971489,-0.188030,0.182277,2.462389,-2.035362,-3.094851,0.823850,-0.207191,-1.841837,0.582365,1.639680,-0.147568,-1.230704,-0.733129,-0.492526,-0.339454,0.221824,0.884031,-0.169766
216,0.432000,1.746904,2850.684,2495.230,-30.661695,9.199514,-0.417284,0.001174,2.528177,-1.864786,-3.398391,0.391263,-0.118066,-1.596919,0.320059,1.371032,-0.118508,-1.128593,-0.731405,-0.600226,-0.428366,0.265086,0.767519,0.025233
217,0.434000,1.773662,2814.602,2435.695,-30.557049,9.393620,-0.548625,-0.177921,2.567076,-1.589440,-3.641277,-0.146053,-0.036336,-1.323830,0.100230,1.095904,-0.151427,-1.031579,-0.643451,-0.659468,-0.510750,0.174892,0.564647,0.243270
218,0.436000,1.783744,2787.905,2396.888,-30.626747,9.502317,-0.538794,-0.325925,2.565280,-1.294460,-3.833509,-0.720520,0.045173,-1.065235,-0.082694,0.835289,-0.188638,-0.916249,-0.507615,-0.713704,-0.574917,0.009432,0.315725,0.456629
219,0.438000,1.776063,2768.123,2382.180,-30.874697,9.510000,-0.380260,-0.394505,2.555750,-1.015890,-3.960237,-1.249311,0.137079,-0.828694,-0.202199,0.613470,-0.204611,-0.762727,-0.329265,-0.786962,-0.636456,-0.178306,0.054654,0.651423
220,0.440000,1.751618,2751.143,2392.114,-31.240618,9.432375,-0.103011,-0.316531,2.596917,-0.770965,-3.985402,-1.621733,0.241321,-0.618872,-0.204667,0.476508,-0.203295,-0.565347,-0.079404,-0.877007,-0.730554,-0.340760,-0.190058,0.815992
221,0.442000,1.712300,2734.007,2425.325,-31.628956,9.293094,0.221664,-0.045118,2.730112,-0.595442,-3.881731,-1.723476,0.342646,-0.472371,-0.056386,0.471627,-0.210872,-0.353892,0.269746,-0.971527,-0.907993,-0.450668,-0.395952,0.922699
222,0.444000,1.661092,2715.830,2478.450,-31.965958,9.118879,0.520939,0.379237,2.918045,-0.518712,-3.635353,-1.508904,0.410787,-0.431544,0.206422,0.601938,-0.243843,-0.190696,0.689290,-1.045245,-1.181823,-0.512166,-0.551539,0.960817
223,0.446000,1.602540,2698.100,2545.674,-32.233143,8.951506,0.776907,0.825025,3.035633,-0.532066,-3.235748,-1.037856,0.412019,-0.487556,0.491391,0.796439,-0.303389,-0.137146,1.085745,-1.067117,-1.483841,-0.531580,-0.671646,0.938808
224,0.448000,1.542412,2685.582,2618.942,-32.443184,8.823740,1.000880,1.179178,2.987805,-0.623326,-2.717140,-0.417921,0.336942,-0.593254,0.722387,0.976048,-0.395643,-0.232651,1.366728,-1.019048,-1.720804,-0.493755,-0.768458,0.867452
225,0.450000,1.486705,2685.145,2688.250,-32.621563,8.730749,1.182837,1.410604,2.811389,-0.773422,-2.189713,0.239479,0.231213,-0.692636,0.848930,1.103556,-0.487565,-0.449654,1.473601,-0.931005,-1.838745,-0.375215,-0.843046,0.753796
226,0.452000,1.440887,2701.764,2742.473,-32.770607,8.652273,1.261156,1.517811,2.631805,-0.950676,-1.813022,0.829548,0.194248,-0.731478,0.815950,1.154389,-0.493586,-0.681014,1.380488,-0.879058,-1.824221,-0.165485,-0.918777,0.579228
227,0.454000,1.409351,2734.723,2771.954,-32.865856,8.585022,1.174306,1.490532,2.551489,-1.112661,-1.691931,1.268978,0.288384,-0.687546,0.614668,1.125948,-0.366635,-0.844817,1.112055,-0.892770,-1.694309,0.083952,-1.018056,0.362085
228,0.456000,1.393789,2777.021,2772.503,-32.887085,8.544930,0.910335,1.300918,2.592444,-1.194515,-1.811511,1.487758,0.474528,-0.559015,0.334898,1.034818,-0.178001,-0.942166,0.762555,-0.925398,-1.509768,0.255998,-1.126063,0.188346
229,0.458000,1.391920,2818.478,2748.019,-32.851921,8.545780,0.523580,0.938180,2.717632,-1.124456,-2.067555,1.439913,0.654222,-0.351912,0.097183,0.877744,-0.066275,-0.997523,0.457735,-0.930043,-1.350418,0.264891,-1.193617,0.129011
230,0.460000,1.399001,2849.462,2708.190,-32.819420,8.587114,0.131956,0.463456,2.862118,-0.908472,-2.350050,1.175663,0.780168,-0.113781,-0.065044,0.662513,-0.089746,-1.029071,0.245041,-0.906010,-1.229285,0.118939,-1.204632,0.166768
231,0.462000,1.411958,2861.051,2662.680,-32.826527,8.684909,-0.129930,-0.005372,2.977118,-0.622135,-2.596936,0.801865,0.862189,0.086745,-0.201260,0.411193,-0.216237,-1.045926,0.098641,-0.883767,-1.094537,-0.099595,-1.179526,0.234442
232,0.464000,1.432413,2844.938,2617.331,-32.844204,8.874076,-0.181422,-0.351154,3.064138,-0.340139,-2.792586,0.396433,0.894326,0.204961,-0.343303,0.146013,-0.411330,-1.036760,0.024061,-0.887440,-0.914249,-0.302663,-1.129294,0.290034
233,0.466000,1.464245,2798.463,2574.907,-32.811234,9.154737,-0.038724,-0.489017,3.157406,-0.138687,-2.941217,0.038974,0.855459,0.213747,-0.465371,-0.104807,-0.678065,-0.986746,0.072912,-0.922225,-0.695815,-0.409704,-1.042007,0.308080
234,0.468000,1.509848,2727.943,2536.294,-32.690269,9.460945,0.193398,-0.395845,3.280210,-0.100631,-3.054546,-0.165303,0.750917,0.103837,-0.509737,-0.311980,-1.051321,-0.919155,0.272574,-0.995735,-0.497226,-0.384810,-0.907812,0.248505
235,0.470000,1.568753,2645.893,2501.180,-32.484703,9.735737,0.440318,-0.108060,3.427702,-0.254663,-3.156790,-0.174549,0.611409,-0.107278,-0.468080,-0.464614,-1.520607,-0.880951,0.580708,-1.079871,-0.363356,-0.266075,-0.725427,0.115201
236,0.472000,1.637588,2565.407,2468.824,-32.238495,9.955358,0.690593,0.302592,3.579434,-0.553952,-3.262558,-0.030386,0.472759,-0.370193,-0.374518,-0.559797,-2.003198,-0.894652,0.911645,-1.114410,-0.285394,-0.119892,-0.499992,-0.031787
237,0.474000,1.709934,2496.946,2439.224,-32.005516,10.109507,0.940517,0.756731,3.713034,-0.929604,-3.363489,0.191830,0.339342,-0.627242,-0.243732,-0.597135,-2.411088,-0.943632,1.182679,-1.074285,-0.226805,0.030914,-0.255743,-0.159723
238,0.476000,1.777983,2446.342,2413.167,-31.818169,10.202655,1.171517,1.190673,3.826987,-1.317642,-3.443883,0.422576,0.201752,-0.833042,-0.079032,-0.583739,-2.687947,-1.005224,1.330597,-0.976951,-0.147058,0.205577,-0.025884,-0.270543
239,0.478000,1.834681,2414.911,2391.649,-31.685911,10.247326,1.356273,1.572979,3.943340,-1.684310,-3.524981,0.613768,0.085784,-0.953619,0.093486,-0.539468,-2.804911,-1.066388,1.325527,-0.858682,-0.034170,0.416622,0.164585,-0.359214
240,0.480000,1.874565,2401.424,2375.551,-31.609524,10.254112,1.474425,1.894796,4.087235,-2.013534,-3.649777,0.739543,0.043173,-0.963359,0.234641,-0.492823,-2.758299,-1.120518,1.175426,-0.749952,0.090066,0.646978,0.303096,-0.399192
241,0.482000,1.894841,2403.042,2364.896,-31.590416,10.230176,1.519403,2.137277,4.256633,-2.267197,-3.815674,0.789331,0.079532,-0.867617,0.331749,-0.458891,-2.581838,-1.177287,0.921153,-0.651310,0.194812,0.864088,0.388866,-0.369692
242,0.484000,1.896058,2415.367,2358.398,-31.630808,10.179180,1.493017,2.264764,4.417442,-2.388376,-3.969633,0.753225,0.142661,-0.700036,0.395862,-0.439938,-2.338538,-1.251318,0.626649,-0.536818,0.258514,1.032158,0.425999,-0.266243
243,0.486000,1.881791,2432.869,2353.777,-31.691185,10.126831,1.377562,2.217544,4.535790,-2.304150,-4.053428,0.591257,0.153502,-0.488502,0.458898,-0.426878,-2.107074,-1.360096,0.361874,-0.357522,0.279181,1.093020,0.390440,-0.086621
244,0.488000,1.858134,2449.577,2348.119,-31.715464,10.118634,1.184375,1.972733,4.587028,-1.982335,-4.041113,0.280680,0.083062,-0.255911,0.520554,-0.415931,-1.920149,-1.478957,0.173470,-0.099461,0.262659,1.006207,0.253609,0.137770
245,0.490000,1.832853,2460.112,2338.649,-31.706205,10.172131,1.003153,1.600747,4.537098,-1.497123,-3.955975,-0.121243,0.009091,-0.026291,0.506878,-0.428445,-1.726278,-1.513943,0.052396,0.152710,0.200255,0.804835,0.046459,0.334821
246,0.492000,1.813520,2462.140,2324.431,-31.666939,10.287148,0.903767,1.167543,4.362706,-0.940486,-3.843777,-0.561694,0.005730,0.202859,0.389000,-0.474334,-1.492577,-1.406610,-0.020496,0.334206,0.097631,0.524035,-0.193627,0.448580
247,0.494000,1.804809,2458.374,2307.779,-31.573936,10.454780,0.897001,0.720951,4.080515,-0.392178,-3.744081,-0.989600,0.090365,0.434734,0.212583,-0.522039,-1.233809,-1.173522,-0.041876,0.449770,-0.014006,0.195867,-0.429685,0.453787
248,0.496000,1.806429,2456.066,2294.049,-31.400040,10.625475,0.916571,0.329755,3.774265,0.059119,-3.682633,-1.308954,0.227085,0.620549,0.058785,-0.496520,-0.994838,-0.873698,0.032012,0.525946,-0.131663,-0.121861,-0.577662,0.365858
249,0.498000,1.813379,2463.956,2289.532,-31.135670,10.721666,0.851980,0.066875,3.553616,0.318909,-3.675370,-1.418693,0.343300,0.671708,0.003004,-0.326115,-0.834666,-0.571793,0.258805,0.566913,-0.301327,-0.364711,-0.544259,0.215686
250,0.500000,1.818528,2488.680,2298.495,-30.843639,10.700092,0.680176,-0.074614,3.435523,0.368766,-3.707311,-1.336300,0.380244,0.583174,0.058977,-0.040541,-0.764688,-0.293433,0.618351,0.563410,-0.521436,-0.510054,-0.330469,0.047952
251,0.502000,1.815429,2533.144,2321.870,-30.634834,10.562683,0.472311,-0.163313,3.357618,0.270239,-3.736227,-1.176744,0.318389,0.434622,0.191706,0.261559,-0.747654,-0.029365,1.029624,0.511602,-0.739841,-0.571182,-0.004355,-0.088933
252,0.504000,1.799910,2597.393,2357.778,-30.579981,10.327414,0.280614,-0.248645,3.271430,0.080290,-3.728406,-1.024168,0.170704,0.289685,0.365902,0.507398,-0.761853,0.220650,1.432360,0.416806,-0.924306,-0.560138,0.379553,-0.176123
253,0.506000,1.770390,2680.197,2401.933,-30.684940,10.022606,0.096953,-0.353161,3.163506,-0.164490,-3.679927,-0.906973,-0.016751,0.180954,0.539696,0.661072,-0.797741,0.438591,1.777632,0.289462,-1.051554,-0.479517,0.775371,-0.220634
254,0.508000,1.728801,2777.639,2447.058,-30.890667,9.696239,-0.129682,-0.485019,3.065844,-0.423449,-3.626966,-0.828585,-0.159666,0.131840,0.648690,0.710765,-0.823206,0.595331,1.997735,0.150330,-1.072275,-0.328882,1.114083,-0.237639
255,0.510000,1.681719,2880.333,2483.481,-31.105038,9.405556,-0.440726,-0.632229,3.043963,-0.640534,-3.606688,-0.784780,-0.180612,0.153897,0.643663,0.674558,-0.795783,0.656964,2.033702,0.037045,-0.944514,-0.131901,1.314475,-0.227481
256,0.512000,1.639146,2972.532,2501.653,-31.259781,9.213172,-0.788379,-0.755748,3.138989,-0.743976,-3.586838,-0.762334,-0.065217,0.259604,0.559023,0.594517,-0.707060,0.614867,1.899169,-0.009458,-0.697882,0.062749,1.333381,-0.188874
257,0.514000,1.611527,3034.695,2496.437,-31.342167,9.161299,-1.052856,-0.819379,3.319796,-0.689554,-3.497049,-0.755193,0.143593,0.470699,0.486979,0.492206,-0.587051,0.508582,1.667001,0.011333,-0.427647,0.230028,1.190825,-0.145876
258,0.516000,1.605731,3051.576,2470.388,-31.387653,9.221142,-1.170070,-0.842369,3.484477,-0.527166,-3.347574,-0.792314,0.383072,0.772976,0.471938,0.351096,-0.463391,0.382429,1.386981,0.063835,-0.210452,0.379089,0.948479,-0.098982
259,0.518000,1.622216,3020.069,2432.649,-31.429560,9.337433,-1.132473,-0.855174,3.541700,-0.337572,-3.197942,-0.900746,0.610246,1.130112,0.514323,0.154270,-0.346709,0.255306,1.066714,0.093738,-0.085898,0.507458,0.652851,-0.041690
260,0.520000,1.654772,2951.475,2394.628,-31.471632,9.472050,-0.950986,-0.853627,3.465113,-0.172113,-3.088340,-1.069792,0.799762,1.500820,0.608290,-0.090458,-0.255583,0.126310,0.714715,0.052109,-0.071821,0.593981,0.327188,0.007669
261,0.522000,1.693446,2864.426,2366.117,-31.502899,9.577385,-0.687627,-0.816110,3.286657,-0.078658,-3.047345,-1.247389,0.918893,1.807338,0.733346,-0.350572,-0.237045,-0.020151,0.377432,-0.063344,-0.159680,0.631974,0.012815,0.024965
262,0.524000,1.728078,2776.338,2353.851,-31.484631,9.608238,-0.449398,-0.705701,3.091480,-0.120595,-3.106459,-1.332638,0.948888,1.928611,0.846955,-0.560686,-0.350113,-0.235137,0.118496,-0.190669,-0.329147,0.622069,-0.214637,0.007298
263,0.526000,1.750654,2700.056,2361.321,-31.376732,9.561699,-0.298972,-0.484726,2.972558,-0.317968,-3.257339,-1.220436,0.910743,1.782293,0.914191,-0.637106,-0.601486,-0.559788,-0.020879,-0.232141,-0.536917,0.571678,-0.275756,-0.011885
264,0.528000,1.756958,2643.143,2388.747,-31.221132,9.471865,-0.176278,-0.161666,2.936398,-0.589194,-3.396971,-0.891258,0.835253,1.428768,0.960166,-0.537119,-0.910331,-0.926623,-0.039535,-0.140935,-0.696940,0.533112,-0.160719,-0.013612
265,0.530000,1.746424,2609.259,2433.747,-31.126802,9.351917,0.005301,0.208532,2.910351,-0.850112,-3.427597,-0.420198,0.719939,0.967031,1.011316,-0.286470,-1.195667,-1.246832,0.010991,0.045827,-0.756172,0.546920,0.058476,-0.015705
266,0.532000,1.721320,2599.716,2491.702,-31.182926,9.186703,0.274548,0.579349,2.826005,-1.091218,-3.339274,0.101619,0.554299,0.433580,1.047755,0.065861,-1.424572,-1.498814,0.064800,0.266851,-0.738405,0.588727,0.289886,-0.037694
267,0.534000,1.685758,2614.198,2555.806,-31.404160,8.980863,0.619536,0.940234,2.670269,-1.331978,-3.179319,0.612700,0.364257,-0.163703,1.017066,0.475287,-1.568441,-1.690171,0.064258,0.477824,-0.673211,0.616221,0.459148,-0.074075
268,0.536000,1.644560,2650.017,2617.575,-31.719414,8.769564,0.974169,1.288749,2.503123,-1.570974,-3.040359,1.064068,0.234608,-0.786513,0.847372,0.894258,-1.563404,-1.807868,-0.056879,0.634647,-0.543258,0.619033,0.501777,-0.123069
269,0.538000,1.602841,2700.812,2667.660,-32.012695,8.597138,1.216086,1.585839,2.424575,-1.757231,-3.025028,1.383367,0.262917,-1.330264,0.501400,1.244671,-1.367878,-1.810266,-0.335991,0.676750,-0.340016,0.616489,0.385075,-0.220336
270,0.540000,1.565757,2756.437,2697.461,-32.204117,8.500725,1.249522,1.739914,2.470768,-1.788495,-3.140301,1.458026,0.421589,-1.652573,0.085287,1.427241,-1.105644,-1.690013,-0.661983,0.604919,-0.162284,0.592195,0.201286,-0.350239
271,0.542000,1.537588,2804.994,2702.118,-32.253639,8.502560,1.033396,1.657043,2.617763,-1.567760,-3.314431,1.194460,0.595931,-1.652863,-0.227321,1.382463,-0.977301,-1.526200,-0.876601,0.516819,-0.105723,0.473792,0.051592,-0.429576
272,0.544000,1.520524,2836.611,2682.594,-32.221123,8.582401,0.675047,1.369453,2.772528,-1.159133,-3.469211,0.666946,0.726299,-1.391734,-0.394400,1.145454,-1.026375,-1.434335,-0.981135,0.486521,-0.134100,0.239661,-0.061455,-0.421216
273,0.546000,1.514319,2846.167,2645.283,-32.227142,8.690264,0.365596,1.002754,2.835291,-0.729361,-3.565778,0.055260,0.835535,-1.008857,-0.493089,0.782826,-1.146238,-1.442225,-1.065929,0.482425,-0.170293,-0.034397,-0.146412,-0.358690
274,0.548000,1.516511,2834.128,2600.253,-32.322720,8.792995,0.203662,0.642081,2.793082,-0.367946,-3.601435,-0.531633,0.936325,-0.587615,-0.553936,0.353046,-1.251657,-1.499726,-1.149068,0.472579,-0.175834,-0.279264,-0.207766,-0.261997
275,0.550000,1.523023,2805.934,2559.053,-32.485283,8.870897,0.189094,0.336930,2.683907,-0.122741,-3.579217,-1.024983,1.005424,-0.191843,-0.545057,-0.074587,-1.320628,-1.536592,-1.177998,0.454717,-0.148805,-0.441360,-0.254826,-0.155870
276,0.552000,1.529348,2769.785,2531.594,-32.636375,8.912331,0.247631,0.117653,2.546175,-0.062389,-3.504331,-1.341502,0.999137,0.079249,-0.427567,-0.428750,-1.390518,-1.504515,-1.064191,0.435438,-0.127065,-0.472986,-0.290434,-0.102177
277,0.554000,1.532229,2733.947,2523.701,-32.698948,8.922945,0.307140,-0.016768,2.393742,-0.230959,-3.384223,-1.417087,0.891313,0.134333,-0.202816,-0.651508,-1.494996,-1.402000,-0.751829,0.433602,-0.154459,-0.366499,-0.302245,-0.144500
278,0.556000,1.530885,2705.099,2536.094,-32.677856,8.916994,0.371053,-0.108215,2.204506,-0.583784,-3.225019,-1.271882,0.693461,-0.033287,0.069905,-0.720721,-1.603611,-1.267138,-0.291925,0.469459,-0.231229,-0.177382,-0.278159,-0.235783
279,0.558000,1.527403,2686.950,2564.121,-32.630157,8.905083,0.485461,-0.183328,1.959947,-1.039673,-3.033467,-0.964873,0.425570,-0.378324,0.324556,-0.641154,-1.680290,-1.152510,0.214523,0.534882,-0.341102,0.030818,-0.205535,-0.302409
280,0.560000,1.525430,2680.153,2599.203,-32.608727,8.906570,0.705731,-0.224260,1.662653,-1.528244,-2.804532,-0.546782,0.096581,-0.844096,0.522801,-0.445582,-1.724624,-1.092283,0.683152,0.595111,-0.473185,0.221944,-0.088633,-0.321835
281,0.562000,1.527452,2683.182,2631.961,-32.650772,8.937527,1.058717,-0.200922,1.324393,-2.004235,-2.534750,-0.057335,-0.275728,-1.367822,0.650362,-0.187152,-1.748701,-1.094826,1.055477,0.624880,-0.614529,0.376352,0.047993,-0.309596
282,0.564000,1.533237,2692.770,2655.428,-32.767662,8.984179,1.490103,-0.111541,0.973192,-2.451057,-2.267492,0.458992,-0.638746,-1.885818,0.693328,0.080799,-1.742145,-1.149861,1.285405,0.627881,-0.731269,0.496777,0.183787,-0.277571
283,0.566000,1.540601,2703.993,2666.565,-32.901207,9.018253,1.843269,0.008312,0.701977,-2.843374,-2.122801,0.934194,-0.882662,-2.323845,0.604969,0.304189,-1.645443,-1.222703,1.312639,0.611995,-0.755485,0.611476,0.287483,-0.224715
284,0.568000,1.546727,2711.274,2665.819,-32.950970,9.033350,1.960116,0.109211,0.638608,-3.111103,-2.218035,1.273532,-0.911189,-2.588721,0.364679,0.424480,-1.425920,-1.264829,1.119778,0.568315,-0.669485,0.730139,0.333521,-0.141712
285,0.570000,1.548918,2710.239,2656.016,-32.917023,9.045824,1.869825,0.157732,0.773267,-3.187653,-2.500288,1.410926,-0.779971,-2.613737,0.097592,0.427129,-1.179824,-1.252674,0.828382,0.502493,-0.578878,0.830048,0.373349,-0.012047
286,0.572000,1.546146,2698.190,2640.050,-32.863525,9.083340,1.713188,0.164734,1.020795,-3.070548,-2.841248,1.358987,-0.584650,-2.403857,-0.054627,0.372498,-0.989426,-1.208602,0.556203,0.452708,-0.558271,0.880870,0.433601,0.181071
287,0.574000,1.540038,2674.061,2619.148,-32.850052,9.160042,1.606606,0.172452,1.311313,-2.823371,-3.162096,1.180300,-0.357300,-2.016990,-0.057667,0.327095,-0.845478,-1.159157,0.324507,0.433419,-0.596526,0.886860,0.492988,0.422469
288,0.576000,1.534262,2637.833,2592.823,-32.932899,9.244542,1.587663,0.200448,1.568906,-2.545577,-3.442369,0.922109,-0.112099,-1.533873,0.042308,0.308609,-0.717365,-1.113431,0.115671,0.428552,-0.645280,0.897978,0.549169,0.686627
289,0.578000,1.532688,2590.295,2560.223,-33.127419,9.305353,1.648245,0.253636,1.737296,-2.302639,-3.670475,0.608066,0.120449,-1.026377,0.194074,0.304977,-0.600912,-1.078540,-0.080226,0.419895,-0.664318,0.954713,0.608646,0.955460
290,0.580000,1.537950,2532.424,2521.344,-33.396107,9.344110,1.775709,0.345357,1.805865,-2.104721,-3.811872,0.277361,0.307819,-0.544087,0.378620,0.312740,-0.501283,-1.056659,-0.261784,0.388751,-0.642890,1.058476,0.660577,1.199871
291,0.582000,1.549826,2465.789,2478.440,-33.670044,9.390566,1.964514,0.487889,1.798113,-1.931325,-3.811922,0.011110,0.439813,-0.122346,0.591002,0.330085,-0.434766,-1.047102,-0.423093,0.309178,-0.609303,1.169755,0.676327,1.368499
292,0.584000,1.565141,2392.703,2435.787,-33.886009,9.476958,2.205631,0.657492,1.729460,-1.765980,-3.623972,-0.089712,0.539185,0.210643,0.800769,0.333366,-0.437015,-1.055370,-0.544279,0.184185,-0.597053,1.233968,0.633854,1.418195
293,0.586000,1.579012,2316.452,2398.457,-34.041809,9.598412,2.490573,0.807898,1.608372,-1.603985,-3.255742,0.012045,0.625325,0.435797,0.962319,0.305932,-0.525530,-1.090481,-0.601504,0.057047,-0.614567,1.220005,0.556637,1.362909
294,0.588000,1.586564,2241.782,2371.176,-34.194427,9.717831,2.829926,0.922976,1.467905,-1.433690,-2.770546,0.250932,0.679065,0.548771,1.062456,0.277405,-0.669822,-1.151929,-0.587388,-0.025832,-0.645238,1.141917,0.504105,1.257445
295,0.590000,1.584883,2174.386,2357.680,-34.382652,9.821131,3.247279,1.006608,1.329685,-1.248076,-2.244370,0.531188,0.676108,0.555099,1.102220,0.271401,-0.836073,-1.224635,-0.499430,-0.032305,-0.665272,1.028636,0.503929,1.121643
296,0.592000,1.573741,2120.693,2361.309,-34.602551,9.906761,3.749141,1.058741,1.180118,-1.042765,-1.741012,0.787886,0.625893,0.469794,1.073591,0.276074,-1.006030,-1.287900,-0.356625,0.029245,-0.674534,0.891092,0.550949,0.949393
297,0.594000,1.555532,2087.146,2384.697,-34.813988,9.956543,4.294610,1.076008,1.001276,-0.810478,-1.326736,0.987068,0.579450,0.330178,0.970762,0.257514,-1.160710,-1.319048,-0.205340,0.106350,-0.701398,0.727067,0.637766,0.735605
298,0.596000,1.533932,2080.048,2428.673,-34.936348,9.945885,4.775577,1.046598,0.805418,-0.550108,-1.088971,1.088736,0.602775,0.212073,0.806642,0.180633,-1.261460,-1.275189,-0.078391,0.144892,-0.769070,0.549327,0.768853,0.491122
299,0.598000,1.512841,2103.166,2489.950,-34.872879,9.882676,5.063840,0.956659,0.634848,-0.278956,-1.100493,1.039315,0.723002,0.198093,0.605290,0.023568,-1.270461,-1.121881,0.007167,0.099447,-0.895489,0.358555,0.924102,0.242359
300,0.600000,1.494561,2156.379,2561.096,-34.606518,9.782188,5.092344,0.808230,0.511734,-0.037069,-1.339020,0.834049,0.895157,0.303765,0.396000,-0.193589,-1.178409,-0.875569,0.044221,-0.035794,-1.068269,0.145025,1.061158,0.020986
301,0.602000,1.479620,2234.384,2631.751,-34.224579,9.643654,4.882556,0.626480,0.427993,0.139599,-1.698086,0.535362,1.038304,0.452144,0.177120,-0.436009,-1.010108,-0.601949,0.023930,-0.212155,-1.211548,-0.063175,1.152968,-0.152696
302,0.604000,1.467259,2327.458,2691.515,-33.827789,9.477474,4.491401,0.428435,0.376905,0.233621,-2.101255,0.196217,1.101847,0.561296,-0.074595,-0.685584,-0.795690,-0.353780,-0.053716,-0.373742,-1.244029,-0.215982,1.194669,-0.269802
303,0.606000,1.456085,2423.150,2732.777,-33.496353,9.304213,3.985166,0.208599,0.345345,0.241687,-2.515371,-0.162053,1.072613,0.602268,-0.353399,-0.935843,-0.573048,-0.152306,-0.160398,-0.493196,-1.150669,-0.283315,1.204347,-0.324183
304,0.608000,1.444528,2508.919,2752.100,-33.287041,9.140635,3.426119,-0.047300,0.320126,0.180100,-2.913310,-0.527022,0.959714,0.591029,-0.617072,-1.178564,-0.385078,-0.009320,-0.255724,-0.568069,-0.973884,-0.273495,1.199358,-0.314717
305,0.610000,1.431767,2574.663,2750.017,-33.212753,9.005872,2.866769,-0.327867,0.321839,0.085881,-3.259954,-0.875226,0.792026,0.558580,-0.824134,-1.405032,-0.260287,0.066188,-0.309968,-0.600640,-0.757775,-0.214611,1.178518,-0.250934
306,0.612000,1.419052,2613.726,2729.528,-33.246368,8.926356,2.368171,-0.576874,0.399339,-0.005716,-3.517138,-1.167913,0.606252,0.521825,-0.963293,-1.610033,-0.207863,0.070504,-0.315161,-0.599497,-0.529906,-0.129351,1.132568,-0.153835
307,0.614000,1.411286,2621.764,2693.615,-33.336758,8.927734,1.990198,-0.725283,0.591055,-0.087823,-3.667510,-1.378276,0.420843,0.473021,-1.054053,-1.792841,-0.232667,-0.000515,-0.293346,-0.586742,-0.307590,-0.027352,1.058186,-0.038172
308,0.616000,1.416485,2597.711,2644.775,-33.436302,9.009310,1.761718,-0.738119,0.898648,-0.180210,-3.725811,-1.513435,0.226648,0.395750,-1.119489,-1.944893,-0.336035,-0.139618,-0.278300,-0.588883,-0.112471,0.078554,0.946086,0.083618
309,0.618000,1.442634,2546.836,2585.921,-33.512363,9.151360,1.686693,-0.623567,1.292208,-0.304100,-3.729020,-1.605004,0.010840,0.292660,-1.160211,-2.040395,-0.498590,-0.308812,-0.286872,-0.615301,0.035561,0.169865,0.786510,0.194899
310,0.620000,1.494292,2480.840,2520.451,-33.542130,9.328643,1.748124,-0.418659,1.730769,-0.455304,-3.718480,-1.691290,-0.218036,0.192336,-1.161822,-2.053952,-0.677409,-0.437664,-0.307232,-0.648827,0.133130,0.234378,0.590681,0.279014
311,0.622000,1.569566,2414.468,2452.686,-33.507141,9.507872,1.892752,-0.180701,2.168958,-0.603576,-3.731439,-1.809751,-0.427487,0.131283,-1.133515,-2.006472,-0.837744,-0.455049,-0.316508,-0.667177,0.193865,0.285837,0.403371,0.329647
312,0.624000,1.659117,2361.098,2388.099,-33.390675,9.666683,2.057523,0.037634,2.555793,-0.707096,-3.776844,-1.974209,-0.567001,0.144760,-1.105387,-1.953311,-0.965750,-0.323525,-0.288380,-0.660027,0.228019,0.348069,0.272624,0.349989
313,0.626000,1.749818,2328.336,2331.148,-33.182709,9.815621,2.203542,0.211692,2.855877,-0.720134,-3.825258,-2.168125,-0.582009,0.273048,-1.099915,-1.940558,-1.055803,-0.043692,-0.187548,-0.632144,0.232365,0.442052,0.224141,0.341024
314,0.628000,1.829741,2317.077,2283.756,-32.907925,9.967906,2.301331,0.328907,3.064323,-0.613855,-3.854211,-2.380735,-0.449375,0.538348,-1.135108,-1.996206,-1.109920,0.349314,-0.002185,-0.617663,0.198985,0.582020,0.251845,0.295049
315,0.630000,1.891015,2323.997,2245.920,-32.650620,10.113159,2.362809,0.391863,3.172106,-0.401783,-3.846485,-2.583679,-0.201758,0.894599,-1.207351,-2.095058,-1.129970,0.776348,0.233320,-0.626595,0.153799,0.743306,0.312048,0.239480
316,0.632000,1.930635,2343.579,2217.006,-32.492802,10.228640,2.410964,0.402061,3.173598,-0.107736,-3.797776,-2.753763,0.104088,1.270684,-1.295629,-2.205339,-1.124663,1.165793,0.470674,-0.650657,0.126137,0.881232,0.368219,0.218163
317,0.634000,1.949408,2369.096,2196.160,-32.470680,10.301666,2.450236,0.356516,3.088139,0.258828,-3.709687,-2.898264,0.417633,1.619964,-1.373605,-2.316081,-1.109922,1.482255,0.676348,-0.682455,0.123597,0.966620,0.419655,0.250384
318,0.636000,1.950509,2393.370,2182.321,-32.584999,10.330653,2.474263,0.256146,2.948862,0.688436,-3.575912,-3.038041,0.693458,1.916250,-1.412609,-2.419970,-1.109472,1.696878,0.827462,-0.707928,0.141082,0.983872,0.478907,0.327862
319,0.638000,1.938188,2409.655,2174.525,-32.812408,10.317924,2.480474,0.117516,2.788238,1.149496,-3.398106,-3.183827,0.895497,2.137061,-1.398668,-2.513933,-1.143642,1.788033,0.917901,-0.707655,0.165189,0.936032,0.567507,0.431002
320,0.640000,1.916519,2412.938,2172.086,-33.108070,10.276329,2.487335,-0.020455,2.630331,1.583622,-3.196567,-3.323007,1.004456,2.255395,-1.337417,-2.590495,-1.207559,1.758802,0.958254,-0.668444,0.172786,0.845703,0.712611,0.531639
321,0.642000,1.888363,2401.118,2174.559,-33.397713,10.254885,2.548742,-0.095168,2.513789,1.958936,-2.978986,-3.412324,1.029867,2.260014,-1.227504,-2.620970,-1.261800,1.648145,0.983459,-0.572535,0.143299,0.738443,0.917764,0.586721
322,0.644000,1.854723,2375.797,2181.620,-33.632442,10.289129,2.699019,-0.082843,2.454702,2.264432,-2.746364,-3.412194,0.998507,2.163033,-1.063315,-2.580608,-1.266278,1.506221,1.028255,-0.416152,0.060220,0.628449,1.152699,0.565038
323,0.646000,1.815132,2341.230,2193.001,-33.847076,10.338613,2.893037,-0.056053,2.386843,2.451195,-2.536717,-3.340961,0.922280,1.979817,-0.870501,-2.488467,-1.215815,1.357841,1.083582,-0.244461,-0.090766,0.526262,1.383827,0.490601
324,0.648000,1.768273,2303.010,2208.868,-34.070549,10.388362,3.098846,-0.068776,2.258360,2.481203,-2.387607,-3.229562,0.835296,1.757166,-0.667379,-2.354207,-1.095458,1.225510,1.115038,-0.128043,-0.318870,0.426311,1.563682,0.398297
325,0.650000,1.713186,2266.101,2229.805,-34.325089,10.422627,3.293798,-0.115248,2.078055,2.357100,-2.309547,-3.095783,0.768363,1.528754,-0.478794,-2.191875,-0.896898,1.131755,1.102091,-0.103036,-0.595310,0.330344,1.635547,0.289584
326,0.652000,1.650128,2233.483,2256.469,-34.638748,10.410299,3.467588,-0.160302,1.867845,2.104305,-2.276805,-2.938860,0.722929,1.299282,-0.320741,-2.026048,-0.648924,1.077788,1.043135,-0.167469,-0.872374,0.248843,1.561581,0.160425
327,0.654000,1.581410,2205.359,2288.704,-35.032021,10.329883,3.630774,-0.176852,1.625346,1.749606,-2.244639,-2.748193,0.681624,1.065935,-0.183450,-1.873967,-0.405235,1.039765,0.945387,-0.299279,-1.113371,0.189077,1.338676,0.024404
328,0.656000,1.511343,2180.348,2325.079,-35.499619,10.183489,3.795551,-0.160863,1.350560,1.331510,-2.174967,-2.512607,0.640367,0.840935,-0.048078,-1.733387,-0.200797,0.993233,0.817759,-0.461662,-1.287082,0.157725,0.981657,-0.118313
329,0.658000,1.445842,2156.992,2362.191,-36.012001,9.993554,3.966975,-0.130584,1.052767,0.893284,-2.050738,-2.221694,0.617756,0.654598,0.095836,-1.589007,-0.045022,0.917147,0.664043,-0.610871,-1.362654,0.165894,0.523435,-0.283930
330,0.660000,1.391315,2134.908,2394.609,-36.521339,9.802000,4.159773,-0.102558,0.741675,0.468374,-1.877780,-1.869297,0.643114,0.547207,0.253242,-1.424326,0.064818,0.797684,0.491876,-0.710481,-1.325642,0.219355,0.023143,-0.473340
331,0.662000,1.353354,2114.905,2415.980,-36.967979,9.661254,4.393270,-0.086728,0.418786,0.077887,-1.688098,-1.488009,0.710497,0.539083,0.429437,-1.236931,0.126916,0.635257,0.326484,-0.732965,-1.179704,0.321489,-0.426894,-0.641447
332,0.664000,1.335415,2097.919,2421.148,-37.289394,9.631780,4.699370,-0.070487,0.083688,-0.270968,-1.529272,-1.147341,0.759708,0.579127,0.598414,-1.051515,0.130049,0.433536,0.185823,-0.675670,-0.941901,0.482363,-0.724809,-0.719958
333,0.666000,1.338108,2083.984,2408.551,-37.460716,9.727633,5.086699,-0.037069,-0.267225,-0.581871,-1.427044,-0.890776,0.734076,0.583481,0.723017,-0.886497,0.079775,0.202139,0.073411,-0.557768,-0.642470,0.693615,-0.825018,-0.692982
334,0.668000,1.358229,2072.673,2382.692,-37.506413,9.887518,5.506802,0.003994,-0.629815,-0.847508,-1.368164,-0.713895,0.623303,0.520259,0.796016,-0.742684,-0.007606,-0.044337,-0.003642,-0.404062,-0.335348,0.898037,-0.752518,-0.589646
335,0.670000,1.389621,2063.517,2352.972,-37.457359,10.045395,5.917421,0.047827,-0.982891,-1.056505,-1.331179,-0.593420,0.445959,0.398931,0.800175,-0.640891,-0.116281,-0.288254,-0.049428,-0.250238,-0.065801,1.050349,-0.546379,-0.443749
336,0.672000,1.425085,2056.212,2329.854,-37.342957,10.157439,6.293024,0.092593,-1.302950,-1.202549,-1.301103,-0.495838,0.242482,0.251356,0.726827,-0.590250,-0.213177,-0.500823,-0.073004,-0.130972,0.155171,1.144943,-0.256949,-0.298250
337,0.674000,1.457043,2051.977,2321.995,-37.194576,10.194761,6.598478,0.128620,-1.572155,-1.290346,-1.281914,-0.393321,0.058733,0.111255,0.602854,-0.564807,-0.262004,-0.647767,-0.071780,-0.068753,0.330155,1.194365,0.054250,-0.198530
338,0.676000,1.480188,2052.114,2333.110,-37.027355,10.159115,6.809109,0.160018,-1.768436,-1.328396,-1.292562,-0.283024,-0.089817,-0.017437,0.452913,-0.550386,-0.267576,-0.721443,-0.045251,-0.070221,0.464577,1.221071,0.347750,-0.154421
339,0.678000,1.492925,2056.941,2361.254,-36.857193,10.061956,6.920060,0.202122,-1.879054,-1.330444,-1.342306,-0.168584,-0.210708,-0.147145,0.289446,-0.544184,-0.251854,-0.738343,-0.004933,-0.126151,0.568123,1.241928,0.592340,-0.162366
340,0.680000,1.496810,2065.682,2400.334,-36.703362,9.918900,6.954492,0.276102,-1.903759,-1.311115,-1.418607,-0.050034,-0.321160,-0.290937,0.109264,-0.554370,-0.236973,-0.726213,0.025383,-0.215300,0.656255,1.268976,0.765484,-0.213590
341,0.682000,1.495308,2076.639,2442.122,-36.586369,9.739886,6.940166,0.389815,-1.856077,-1.283880,-1.500080,0.072041,-0.435945,-0.451701,-0.093973,-0.587920,-0.231309,-0.703765,0.025352,-0.309724,0.745251,1.316974,0.862338,-0.293670
342,0.684000,1.492812,2087.102,2477.918,-36.511749,9.547688,6.905272,0.536551,-1.757734,-1.257044,-1.567514,0.198044,-0.554275,-0.615018,-0.311306,-0.637974,-0.227794,-0.676428,-0.009437,-0.384752,0.843185,1.395247,0.893679,-0.385999
343,0.686000,1.492667,2094.922,2501.437,-36.469795,9.376385,6.867065,0.689265,-1.645734,-1.245852,-1.618887,0.324186,-0.663010,-0.759914,-0.523123,-0.688788,-0.219040,-0.650709,-0.073449,-0.430406,0.946503,1.497455,0.880820,-0.473139
344,0.688000,1.495678,2100.025,2511.412,-36.450668,9.244286,6.816678,0.794482,-1.577569,-1.284642,-1.679841,0.427967,-0.757576,-0.875646,-0.713958,-0.730549,-0.215439,-0.643023,-0.162731,-0.453291,1.041757,1.602118,0.846226,-0.540331
345,0.690000,1.500030,2104.573,2511.814,-36.437134,9.164835,6.753887,0.818894,-1.586636,-1.390693,-1.773065,0.487378,-0.835446,-0.953122,-0.863313,-0.752423,-0.229761,-0.656375,-0.263760,-0.457982,1.114765,1.678358,0.799155,-0.587122
346,0.692000,1.502473,2112.044,2509.963,-36.419914,9.131606,6.690547,0.760754,-1.674859,-1.555232,-1.909352,0.485979,-0.896147,-0.989940,-0.955211,-0.748545,-0.267951,-0.665785,-0.345682,-0.440422,1.156297,1.701033,0.743834,-0.618409
347,0.694000,1.500541,2125.032,2512.840,-36.399292,9.123306,6.649923,0.646532,-1.820950,-1.746573,-2.072477,0.433255,-0.923014,-0.981045,-0.978863,-0.717225,-0.330139,-0.633925,-0.378791,-0.402556,1.163643,1.669394,0.698152,-0.621265
348,0.696000,1.493601,2144.131,2524.473,-36.380478,9.118381,6.659931,0.518265,-1.992772,-1.931272,-2.223264,0.369602,-0.880159,-0.920463,-0.930221,-0.653899,-0.410153,-0.533714,-0.351948,-0.355421,1.149389,1.610754,0.685203,-0.565503
349,0.698000,1.482668,2167.804,2545.220,-36.372940,9.099387,6.731508,0.410932,-2.160391,-2.095243,-2.330996,0.335204,-0.739746,-0.815041,-0.819549,-0.549682,-0.488815,-0.348566,-0.267973,-0.312221,1.132664,1.554708,0.705692,-0.432548
350,0.700000,1.469341,2193.103,2572.781,-36.377815,9.064079,6.847300,0.341418,-2.295046,-2.234802,-2.384555,0.350829,-0.495675,-0.682185,-0.676549,-0.405017,-0.539785,-0.077261,-0.142924,-0.285966,1.116421,1.508576,0.736182,-0.234595
351,0.702000,1.455342,2216.474,2603.275,-36.373672,9.035710,6.973080,0.316216,-2.359225,-2.331939,-2.378374,0.418250,-0.158227,-0.531410,-0.534388,-0.234493,-0.543803,0.255248,-0.008012,-0.285465,1.080823,1.447313,0.735947,-0.018950
352,0.704000,1.441309,2236.091,2633.311,-36.336983,9.032320,7.054844,0.318952,-2.329009,-2.363978,-2.316335,0.501318,0.230505,-0.357412,-0.407633,-0.065852,-0.508382,0.593148,0.101922,-0.301744,1.006272,1.333888,0.672942,0.165570
353,0.706000,1.426291,2253.201,2661.424,-36.267578,9.043567,7.035108,0.309207,-2.218618,-2.319787,-2.205943,0.541667,0.598300,-0.151401,-0.286577,0.074728,-0.459317,0.875666,0.167836,-0.304874,0.898732,1.155189,0.552997,0.303909
354,0.708000,1.408217,2271.476,2688.274,-36.192757,9.045458,6.898858,0.256320,-2.072814,-2.212833,-2.051789,0.515482,0.879913,0.071495,-0.167621,0.173693,-0.413396,1.066694,0.178566,-0.283904,0.781480,0.940798,0.415822,0.398093
355,0.710000,1.385257,2294.517,2715.011,-36.141518,9.026888,6.678053,0.159796,-1.933555,-2.075185,-1.862918,0.448224,1.041249,0.267428,-0.064202,0.231431,-0.378076,1.153573,0.131028,-0.256931,0.677271,0.745687,0.310915,0.453784
356,0.712000,1.357258,2323.475,2741.344,-36.115105,9.001669,6.419424,0.044407,-1.814866,-1.938950,-1.655742,0.385704,1.078097,0.392469,0.018290,0.257052,-0.366457,1.128337,0.042667,-0.246406,0.591965,0.612965,0.274175,0.481215
357,0.714000,1.326713,2355.277,2764.442,-36.101414,8.985811,6.153894,-0.060362,-1.713390,-1.831021,-1.447104,0.372115,1.019630,0.438080,0.103876,0.271892,-0.381557,0.994234,-0.050344,-0.263834,0.513201,0.557004,0.319364,0.493857
358,0.716000,1.298563,2382.469,2779.558,-36.097507,8.982712,5.898577,-0.133798,-1.623459,-1.761153,-1.242787,0.435109,0.923259,0.444140,0.236103,0.306874,-0.393268,0.778521,-0.114930,-0.311555,0.420174,0.556515,0.432583,0.507032
359,0.718000,1.279144,2395.113,2781.482,-36.100269,8.993616,5.669677,-0.162613,-1.540349,-1.715337,-1.042108,0.560748,0.833153,0.458970,0.433243,0.375895,-0.357097,0.516682,-0.136933,-0.372433,0.314108,0.581215,0.588356,0.548803
360,0.720000,1.276144,2382.581,2764.308,-36.088787,9.031256,5.489073,-0.125355,-1.449649,-1.665683,-0.846631,0.697166,0.753620,0.493319,0.657753,0.455941,-0.263468,0.220165,-0.138257,-0.434853,0.201555,0.597049,0.742889,0.630718
361,0.722000,1.295524,2339.781,2723.830,-36.019947,9.128922,5.391352,0.017720,-1.317700,-1.580353,-0.656824,0.798293,0.677002,0.529358,0.841429,0.508824,-0.141300,-0.119438,-0.172080,-0.516793,0.069427,0.557641,0.819015,0.716241
362,0.724000,1.338343,2271.836,2660.433,-35.877571,9.287373,5.375295,0.271085,-1.138010,-1.467093,-0.490005,0.837998,0.604916,0.556656,0.933809,0.517231,-0.011584,-0.477752,-0.267059,-0.626634,-0.072751,0.457217,0.770525,0.773260
363,0.726000,1.399654,2192.505,2580.477,-35.682381,9.463917,5.387995,0.585864,-0.937399,-1.369571,-0.385199,0.802062,0.547687,0.586938,0.911149,0.477699,0.124006,-0.790466,-0.416589,-0.755717,-0.186566,0.339763,0.604169,0.786787
364,0.728000,1.469972,2117.474,2494.813,-35.451393,9.623913,5.371941,0.904263,-0.730441,-1.313305,-0.381238,0.687652,0.524640,0.650592,0.771476,0.381406,0.267853,-0.987382,-0.606851,-0.902412,-0.249728,0.249331,0.342207,0.722694
365,0.730000,1.537574,2058.446,2415.710,-35.219685,9.737206,5.298734,1.180321,-0.529798,-1.291319,-0.485469,0.500910,0.531887,0.759136,0.543305,0.225331,0.404020,-1.029587,-0.809328,-1.048963,-0.270860,0.211045,0.043278,0.580518
366,0.732000,1.591272,2020.937,2353.323,-35.037354,9.785641,5.178552,1.390105,-0.352970,-1.278797,-0.671192,0.254605,0.540013,0.892616,0.278929,0.025309,0.501683,-0.926410,-0.990692,-1.166728,-0.283241,0.218143,-0.221209,0.403286
367,0.734000,1.622142,2005.766,2314.225,-34.947594,9.764549,5.024874,1.517565,-0.214126,-1.256958,-0.904466,-0.033450,0.527268,1.025440,0.033193,-0.189435,0.540466,-0.722501,-1.133180,-1.239873,-0.317613,0.242405,-0.418084,0.231535
368,0.736000,1.624930,2010.868,2301.076,-34.973339,9.684126,4.843367,1.553272,-0.110542,-1.209975,-1.142889,-0.332111,0.496158,1.145265,-0.145573,-0.389766,0.513452,-0.478601,-1.224340,-1.262003,-0.385152,0.255651,-0.553375,0.084588
369,0.738000,1.598785,2033.030,2313.233,-35.108788,9.573386,4.650785,1.507169,-0.021636,-1.119416,-1.333928,-0.590727,0.474090,1.252456,-0.225653,-0.552888,0.427013,-0.246115,-1.245300,-1.223300,-0.467072,0.253196,-0.642596,-0.035607
370,0.740000,1.548006,2068.397,2347.034,-35.329956,9.461687,4.477109,1.405330,0.070470,-0.978437,-1.437896,-0.760997,0.492246,1.347027,-0.200235,-0.660027,0.307007,-0.046927,-1.175096,-1.107361,-0.520657,0.255384,-0.690252,-0.133978
371,0.742000,1.482455,2111.937,2395.068,-35.605968,9.361121,4.346709,1.272170,0.165479,-0.800503,-1.447317,-0.822875,0.564114,1.424394,-0.089929,-0.709560,0.175627,0.106747,-1.018918,-0.916682,-0.516273,0.272943,-0.705641,-0.228664
372,0.744000,1.417801,2156.065,2444.869,-35.896996,9.267286,4.261481,1.112984,0.239632,-0.621770,-1.397151,-0.796559,0.673127,1.478851,0.066278,-0.718916,0.041309,0.209870,-0.800486,-0.666210,-0.437525,0.311011,-0.688050,-0.326703
373,0.746000,1.372499,2191.881,2481.235,-36.136719,9.188985,4.215480,0.925165,0.268477,-0.479353,-1.341971,-0.723383,0.783589,1.510368,0.226242,-0.705836,-0.087240,0.278717,-0.548502,-0.383001,-0.290025,0.362019,-0.633331,-0.419988
374,0.748000,1.360656,2213.844,2493.013,-36.225777,9.177734,4.216723,0.720353,0.253438,-0.401388,-1.352240,-0.671113,0.845487,1.515576,0.346639,-0.688490,-0.201661,0.345826,-0.289604,-0.098536,-0.094381,0.411535,-0.543004,-0.488922
375,0.750000,1.385566,2223.838,2479.416,-36.068699,9.299865,4.272339,0.529003,0.235409,-0.390029,-1.490361,-0.717217,0.824915,1.490974,0.380816,-0.703004,-0.309291,0.435119,-0.053706,0.158470,0.133169,0.460647,-0.415729,-0.498358
376,0.752000,1.438548,2230.258,2450.048,-35.669617,9.525879,4.318931,0.355642,0.263093,-0.414013,-1.764536,-0.889885,0.755926,1.473617,0.318435,-0.775412,-0.409104,0.562611,0.126462,0.349383,0.365287,0.506859,-0.282073,-0.463666
377,0.754000,1.504092,2242.787,2418.187,-35.114517,9.761272,4.259901,0.178526,0.365409,-0.424930,-2.131015,-1.163161,0.713031,1.522026,0.183149,-0.911677,-0.482980,0.741609,0.229569,0.432965,0.566944,0.550225,-0.192092,-0.458619
378,0.756000,1.566919,2268.218,2393.773,-34.506214,9.947350,4.072550,-0.001985,0.539541,-0.390099,-2.519846,-1.488313,0.721954,1.633446,-0.003470,-1.107503,-0.535210,0.945500,0.258311,0.411740,0.713209,0.583393,-0.165611,-0.510683
379,0.758000,1.616797,2309.438,2380.219,-33.946037,10.060734,3.789810,-0.174023,0.749407,-0.311673,-2.869115,-1.811251,0.765921,1.768056,-0.205314,-1.334010,-0.580038,1.127854,0.245262,0.338688,0.796729,0.589741,-0.183422,-0.575029
380,0.760000,1.649945,2365.591,2374.972,-33.493011,10.106765,3.437465,-0.332218,0.976008,-0.191888,-3.149911,-2.099116,0.833982,1.915052,-0.374215,-1.563660,-0.622060,1.273705,0.233466,0.258099,0.819215,0.568720,-0.210051,-0.600853
381,0.762000,1.666989,2433.110,2372.866,-33.175087,10.101789,3.031264,-0.480753,1.209450,-0.038252,-3.361786,-2.343840,0.915923,2.079273,-0.470234,-1.778795,-0.664480,1.387969,0.252834,0.186255,0.779904,0.525114,-0.220290,-0.559243
382,0.764000,1.671066,2505.794,2368.801,-33.001362,10.070547,2.607072,-0.615383,1.433120,0.131319,-3.506276,-2.537671,1.006789,2.267491,-0.474862,-1.960618,-0.700674,1.478269,0.308762,0.121209,0.680701,0.469104,-0.204354,-0.448646
383,0.766000,1.666491,2574.882,2359.565,-32.964344,10.040680,2.221582,-0.718371,1.627765,0.299797,-3.577749,-2.669525,1.109215,2.487615,-0.394543,-2.093230,-0.716489,1.548656,0.386400,0.056150,0.527920,0.411433,-0.163461,-0.288508
384,0.768000,1.657623,2629.970,2345.242,-33.041351,10.031271,1.929354,-0.771996,1.780697,0.462972,-3.569784,-2.740204,1.218429,2.743864,-0.253893,-2.175943,-0.708456,1.596704,0.466795,-0.009045,0.326221,0.346382,-0.106298,-0.103341
385,0.770000,1.648147,2660.993,2329.489,-33.198986,10.047150,1.771233,-0.766359,1.891510,0.628022,-3.482698,-2.765829,1.308975,3.019137,-0.099052,-2.230771,-0.691854,1.614135,0.534207,-0.068533,0.084059,0.252213,-0.044152,0.086045
386,0.772000,1.640401,2661.133,2317.976,-33.402245,10.076798,1.763796,-0.703864,1.969168,0.801204,-3.330088,-2.771517,1.338353,3.265960,0.002968,-2.293782,-0.687915,1.595215,0.580791,-0.107901,-0.167063,0.114630,0.021388,0.276048
387,0.774000,1.635446,2628.551,2315.415,-33.614471,10.106227,1.899433,-0.596283,2.027293,0.980584,-3.136263,-2.777644,1.272299,3.426431,-0.007207,-2.387050,-0.701892,1.542588,0.603061,-0.108943,-0.371896,-0.055660,0.098426,0.478838
388,0.776000,1.633200,2567.319,2323.034,-33.803192,10.125836,2.145353,-0.465777,2.071111,1.156600,-2.925544,-2.788141,1.107135,3.463247,-0.140136,-2.494997,-0.718597,1.461909,0.596648,-0.064203,-0.477410,-0.229172,0.182108,0.691231
389,0.778000,1.632533,2486.759,2338.377,-33.948441,10.132221,2.454832,-0.335087,2.092895,1.312508,-2.714756,-2.782832,0.877256,3.375950,-0.349044,-2.573956,-0.723246,1.357310,0.561726,0.012179,-0.465444,-0.377826,0.243857,0.876660
390,0.780000,1.631626,2398.890,2357.143,-34.040848,10.136803,2.790949,-0.210795,2.081219,1.421242,-2.519636,-2.725148,0.647148,3.198914,-0.557474,-2.574872,-0.708326,1.235708,0.507558,0.089549,-0.358191,-0.487439,0.248161,0.982067
391,0.782000,1.628632,2315.112,2374.976,-34.086979,10.163115,3.139101,-0.080156,2.038805,1.461433,-2.357392,-2.589093,0.476659,2.975592,-0.707506,-2.471213,-0.664542,1.111099,0.442754,0.135497,-0.192125,-0.547197,0.183309,0.973701
392,0.784000,1.622358,2244.086,2388.691,-34.115257,10.221913,3.487599,0.071116,1.989480,1.430924,-2.244226,-2.376496,0.397976,2.739998,-0.784126,-2.269272,-0.572185,1.008254,0.360968,0.119483,0.004063,-0.539349,0.068241,0.849428
393,0.786000,1.612718,2190.682,2396.418,-34.166245,10.296961,3.808080,0.240500,1.953502,1.328501,-2.196582,-2.115240,0.409198,2.508865,-0.808295,-2.004231,-0.420306,0.951257,0.240828,0.011724,0.203807,-0.454539,-0.071212,0.618050
394,0.788000,1.600789,2155.569,2396.820,-34.270283,10.363567,4.067697,0.416712,1.932781,1.147051,-2.218116,-1.838370,0.486151,2.288548,-0.808198,-1.717532,-0.213828,0.953014,0.064052,-0.199618,0.385325,-0.300880,-0.208997,0.306118
395,0.790000,1.589397,2134.887,2388.135,-34.428215,10.406393,4.239817,0.597884,1.931427,0.887625,-2.297933,-1.571134,0.602915,2.086437,-0.800564,-1.438098,0.036754,1.013757,-0.171326,-0.498689,0.533390,-0.103922,-0.314278,-0.032331
396,0.792000,1.581219,2123.507,2370.415,-34.625347,10.413992,4.314215,0.795087,1.965912,0.571147,-2.412437,-1.332490,0.738520,1.912470,-0.790910,-1.180313,0.316749,1.115893,-0.448710,-0.835849,0.648742,0.092107,-0.367590,-0.332123
397,0.794000,1.577491,2117.866,2347.112,-34.847790,10.378586,4.308307,1.015219,2.041335,0.232209,-2.530989,-1.143022,0.866124,1.780076,-0.766090,-0.942381,0.592428,1.216532,-0.733078,-1.134279,0.739522,0.224683,-0.373268,-0.533019
398,0.796000,1.577448,2117.646,2324.646,-35.072250,10.301502,4.244742,1.239680,2.148119,-0.081209,-2.635847,-1.036198,0.957956,1.708525,-0.707080,-0.726953,0.812060,1.275402,-0.976666,-1.336589,0.799578,0.246456,-0.339221,-0.602392
399,0.798000,1.578806,2125.452,2309.926,-35.274902,10.186481,4.143022,1.440050,2.268408,-0.327987,-2.722544,-1.030436,1.002416,1.697388,-0.620365,-0.544830,0.935761,1.271900,-1.141407,-1.424744,0.817462,0.144902,-0.272833,-0.546296
400,0.800000,1.579325,2144.235,2307.146,-35.442719,10.043335,4.026612,1.595187,2.378082,-0.493074,-2.792302,-1.117658,0.998870,1.716108,-0.534061,-0.404354,0.953944,1.204848,-1.211684,-1.409921,0.784927,-0.068491,-0.185528,-0.388792
401,0.802000,1.577677,2175.015,2316.527,-35.583061,9.884437,3.923023,1.694324,2.442766,-0.592876,-2.843370,-1.260290,0.952218,1.709448,-0.482852,-0.303450,0.896081,1.086102,-1.200277,-1.313954,0.700764,-0.373016,-0.100701,-0.159443
402,0.804000,1.573582,2215.784,2334.578,-35.710899,9.725349,3.852783,1.733722,2.424470,-0.657498,-2.872043,-1.409849,0.869426,1.623230,-0.489418,-0.226801,0.817402,0.928858,-1.141501,-1.157068,0.572318,-0.737927,-0.042602,0.111911
403,0.806000,1.567226,2262.221,2355.739,-35.826263,9.591642,3.822948,1.716398,2.299756,-0.706264,-2.877581,-1.529984,0.764829,1.444010,-0.543480,-0.148887,0.763945,0.728341,-1.077053,-0.944535,0.427861,-1.108313,-0.013763,0.395956
404,0.808000,1.559161,2309.094,2374.548,-35.900105,9.521721,3.833310,1.663455,2.082126,-0.738910,-2.862038,-1.590632,0.675647,1.204937,-0.609911,-0.027622,0.768009,0.454350,-1.051307,-0.665650,0.321544,-1.403928,0.023773,0.681065
405,0.810000,1.550504,2352.089,2387.226,-35.898266,9.535973,3.861828,1.611207,1.830192,-0.744379,-2.839672,-1.575452,0.646024,0.937062,-0.684973,0.174311,0.861026,0.080749,-1.095832,-0.312170,0.299033,-1.572858,0.113578,0.974918
406,0.812000,1.541811,2391.207,2393.194,-35.842213,9.598616,3.861760,1.566915,1.592409,-0.715863,-2.832203,-1.512363,0.682557,0.650926,-0.811194,0.426957,1.049345,-0.369754,-1.218838,0.073241,0.354729,-1.623755,0.241707,1.256974
407,0.814000,1.533230,2431.575,2395.085,-35.786491,9.668655,3.819163,1.507303,1.365689,-0.656090,-2.830437,-1.435050,0.768881,0.374601,-1.005575,0.654129,1.292318,-0.836392,-1.400657,0.418479,0.456431,-1.585606,0.358188,1.482780
408,0.816000,1.524545,2483.678,2398.295,-35.759701,9.731090,3.754472,1.413855,1.125302,-0.588759,-2.798572,-1.331060,0.896796,0.127620,-1.250951,0.803957,1.520362,-1.278142,-1.605950,0.686225,0.572985,-1.507377,0.412966,1.633033
409,0.818000,1.515818,2560.739,2408.510,-35.763084,9.768330,3.679225,1.283474,0.860949,-0.549178,-2.711263,-1.169035,1.065029,-0.087472,-1.515604,0.866637,1.672364,-1.661439,-1.794051,0.863350,0.683091,-1.421112,0.385575,1.711426
410,0.820000,1.510435,2670.791,2426.547,-35.789066,9.755783,3.603718,1.146114,0.600982,-0.554337,-2.556537,-0.916938,1.276888,-0.266314,-1.749210,0.881488,1.724087,-1.953891,-1.936423,0.936677,0.777267,-1.318137,0.301037,1.738147
411,0.822000,1.516129,2808.577,2446.019,-35.829910,9.681087,3.557794,1.062618,0.394141,-0.603514,-2.319420,-0.530231,1.533087,-0.410797,-1.892195,0.922825,1.674816,-2.149270,-2.014152,0.913894,0.860472,-1.173242,0.212329,1.747588
412,0.824000,1.541474,2953.002,2457.801,-35.877998,9.547986,3.563348,1.073494,0.276445,-0.689853,-2.005941,0.006885,1.817376,-0.530350,-1.913040,1.038798,1.527253,-2.266638,-2.016983,0.822005,0.932001,-0.977125,0.172153,1.770795
413,0.826000,1.591279,3073.299,2457.024,-35.910469,9.397720,3.632406,1.181399,0.266756,-0.793064,-1.659780,0.637312,2.089363,-0.633731,-1.824650,1.223453,1.292575,-2.336016,-1.947659,0.700484,0.964906,-0.770689,0.200607,1.824725
414,0.828000,1.663130,3144.309,2446.184,-35.877731,9.307917,3.768987,1.366269,0.369047,-0.893684,-1.352307,1.256274,2.304128,-0.716402,-1.642586,1.453656,1.004681,-2.375441,-1.810378,0.589674,0.906403,-0.631544,0.287580,1.917142
415,0.830000,1.747456,3159.461,2431.269,-35.766468,9.304800,3.942796,1.576876,0.545736,-1.001095,-1.153164,1.775084,2.438495,-0.775344,-1.383589,1.705270,0.723039,-2.381440,-1.622007,0.512546,0.719398,-0.613921,0.405718,2.037903
416,0.832000,1.831159,3129.983,2416.726,-35.609608,9.357430,4.123830,1.761964,0.728841,-1.150021,-1.102088,2.163973,2.502803,-0.827654,-1.085241,1.962952,0.528885,-2.331698,-1.411852,0.477490,0.419558,-0.711298,0.525687,2.151736
417,0.834000,1.902106,3073.579,2404.875,-35.423046,9.448437,4.315727,1.899601,0.863037,-1.368488,-1.215174,2.405830,2.496119,-0.912142,-0.805567,2.201082,0.469026,-2.187449,-1.167713,0.500609,0.056123,-0.869490,0.647675,2.217798
418,0.836000,1.951774,3005.018,2396.983,-35.213917,9.565910,4.523259,1.989090,0.933563,-1.636609,-1.461783,2.496012,2.416458,-1.059491,-0.609182,2.362812,0.505974,-1.937531,-0.856972,0.587439,-0.319944,-1.008967,0.818062,2.225798
419,0.838000,1.975996,2932.884,2393.802,-34.992607,9.692053,4.726428,2.033084,0.958907,-1.902028,-1.783875,2.444768,2.285971,-1.272857,-0.547067,2.394774,0.565706,-1.609994,-0.481974,0.712781,-0.668482,-1.066511,1.072089,2.180968
420,0.840000,1.974784,2859.752,2395.201,-34.780247,9.803837,4.882049,2.023843,0.959127,-2.116604,-2.116388,2.286126,2.152297,-1.520868,-0.612746,2.309397,0.604211,-1.261612,-0.101838,0.826356,-0.975088,-1.045126,1.367913,2.063542
421,0.842000,1.951064,2784.996,2399.774,-34.595337,9.897871,4.957437,1.950771,0.937587,-2.255063,-2.399459,2.061659,2.033660,-1.783414,-0.760504,2.165927,0.601233,-0.968848,0.205770,0.901880,-1.218094,-0.974544,1.636871,1.857164
422,0.844000,1.909567,2706.944,2404.757,-34.445671,9.994116,4.949065,1.815572,0.888337,-2.321311,-2.604979,1.800634,1.909455,-2.057491,-0.944760,2.013864,0.547992,-0.783857,0.398912,0.948746,-1.356797,-0.861374,1.843492,1.575170
423,0.846000,1.855694,2624.610,2406.580,-34.345501,10.103855,4.875021,1.642007,0.813464,-2.332228,-2.731428,1.537706,1.772564,-2.309592,-1.119692,1.870085,0.440968,-0.713293,0.476800,0.969008,-1.382903,-0.717658,1.968854,1.244193
424,0.848000,1.794497,2539.131,2402.148,-34.311378,10.221420,4.761048,1.459784,0.718505,-2.305778,-2.797142,1.296580,1.618805,-2.495082,-1.247769,1.730774,0.279426,-0.737638,0.464587,0.958526,-1.311842,-0.555093,2.009732,0.905014
425,0.850000,1.730231,2453.892,2390.080,-34.354324,10.331989,4.627907,1.284883,0.607551,-2.250479,-2.824024,1.081617,1.439586,-2.583284,-1.304994,1.594156,0.071614,-0.828201,0.395066,0.915135,-1.162413,-0.375934,1.977090,0.601326
426,0.852000,1.666542,2373.446,2371.097,-34.478142,10.429200,4.502669,1.124848,0.485796,-2.168871,-2.823663,0.889174,1.235919,-2.559729,-1.278855,1.469489,-0.162913,-0.948356,0.297838,0.834238,-0.957484,-0.180250,1.889941,0.362979
427,0.854000,1.606260,2303.011,2348.413,-34.684875,10.510273,4.414279,0.975823,0.352837,-2.070762,-2.796278,0.714619,1.016573,-2.434109,-1.170948,1.366443,-0.402361,-1.058957,0.192036,0.705197,-0.727546,0.025312,1.763000,0.190217
428,0.856000,1.551519,2247.234,2327.119,-34.971336,10.564507,4.379211,0.822829,0.201431,-1.976915,-2.733832,0.557434,0.789645,-2.245184,-0.998886,1.284797,-0.629202,-1.126928,0.087260,0.515952,-0.508812,0.226574,1.602435,0.060676
429,0.858000,1.504405,2208.141,2311.942,-35.318928,10.573407,4.389955,0.647521,0.027047,-1.915849,-2.629189,0.423890,0.562988,-2.057761,-0.798428,1.216055,-0.831290,-1.132065,-0.008278,0.266224,-0.339772,0.400035,1.411423,-0.051194
430,0.860000,1.467568,2183.544,2304.859,-35.683586,10.523106,4.414937,0.438531,-0.163658,-1.914448,-2.486403,0.326643,0.347765,-1.944836,-0.620052,1.154935,-0.994722,-1.076328,-0.088025,-0.024252,-0.256582,0.511636,1.196948,-0.157666
431,0.862000,1.442575,2168.604,2305.657,-36.013000,10.412384,4.424329,0.203712,-0.354054,-1.978351,-2.320864,0.273506,0.159134,-1.943144,-0.505973,1.105282,-1.094323,-0.979630,-0.153467,-0.320528,-0.270946,0.537488,0.967618,-0.257945
432,0.864000,1.426889,2159.394,2314.697,-36.280254,10.256529,4.430277,-0.020898,-0.526978,-2.074883,-2.142736,0.253795,0.011571,-2.013932,-0.461803,1.069921,-1.100678,-0.860650,-0.213144,-0.589405,-0.348387,0.494906,0.728717,-0.355096
433,0.866000,1.414625,2154.181,2333.786,-36.470375,10.106627,4.495302,-0.167202,-0.642171,-2.124051,-1.924959,0.278169,-0.059517,-2.056728,-0.445571,1.066863,-0.980273,-0.710297,-0.244311,-0.778339,-0.400494,0.459000,0.516442,-0.423566
434,0.868000,1.399388,2152.954,2365.177,-36.585510,10.007772,4.663159,-0.188362,-0.663603,-2.063270,-1.649655,0.362351,-0.034622,-2.002893,-0.427139,1.102057,-0.734982,-0.533801,-0.218473,-0.839736,-0.343198,0.501760,0.375977,-0.423812
435,0.870000,1.376770,2156.084,2410.308,-36.674164,9.929745,4.889449,-0.122660,-0.615895,-1.906072,-1.357676,0.476164,0.035396,-1.880620,-0.437911,1.127513,-0.438796,-0.394565,-0.154215,-0.785846,-0.172255,0.616905,0.297473,-0.362076
436,0.872000,1.347026,2162.002,2467.161,-36.788795,9.820024,5.106782,-0.025379,-0.531112,-1.687766,-1.091583,0.592403,0.100506,-1.730091,-0.488620,1.124554,-0.145937,-0.328615,-0.059589,-0.640306,0.079555,0.767245,0.255695,-0.260065
437,0.874000,1.315615,2166.099,2528.804,-36.948608,9.656607,5.276505,0.073418,-0.429225,-1.446943,-0.878919,0.692081,0.135653,-1.576185,-0.557452,1.116552,0.127567,-0.322207,0.070690,-0.432737,0.360250,0.906708,0.229846,-0.142377
438,0.876000,1.290886,2162.647,2584.273,-37.117386,9.482871,5.418424,0.185935,-0.313969,-1.217073,-0.732658,0.756927,0.139542,-1.427779,-0.610254,1.141064,0.380724,-0.340424,0.227723,-0.210176,0.605378,0.983651,0.194379,-0.040531
439,0.878000,1.280991,2147.885,2620.920,-37.219048,9.389746,5.590137,0.342877,-0.191784,-1.034947,-0.663511,0.765228,0.123409,-1.283962,-0.623882,1.220828,0.607598,-0.363274,0.374549,-0.026548,0.759970,0.951746,0.117921,0.015605
440,0.880000,1.290123,2122.952,2629.387,-37.218651,9.415051,5.805467,0.538561,-0.092667,-0.937604,-0.668851,0.715036,0.109394,-1.140225,-0.600275,1.341968,0.782544,-0.396171,0.471697,0.094612,0.815461,0.812381,0.002925,0.027298
441,0.882000,1.316634,2093.316,2607.797,-37.154907,9.506706,6.005923,0.722376,-0.060259,-0.952395,-0.733654,0.626590,0.122799,-0.986200,-0.545480,1.480328,0.892707,-0.430288,0.528467,0.188990,0.815761,0.616363,-0.115139,0.014359
442,0.884000,1.354286,2065.467,2561.842,-37.069321,9.615767,6.139899,0.863869,-0.102451,-1.070864,-0.835255,0.522400,0.174310,-0.816278,-0.472689,1.599382,0.928149,-0.458068,0.569210,0.296219,0.796686,0.403303,-0.217253,-0.024644
443,0.886000,1.394695,2044.510,2502.222,-36.971367,9.732628,6.192252,0.965441,-0.192544,-1.258261,-0.957162,0.412243,0.255042,-0.634091,-0.403555,1.659554,0.879386,-0.484223,0.600787,0.422573,0.761888,0.190490,-0.294316,-0.092118
444,0.888000,1.430306,2033.001,2440.276,-36.848160,9.871282,6.173483,1.044709,-0.288045,-1.471053,-1.095304,0.294494,0.338733,-0.460599,-0.367509,1.633484,0.746728,-0.522076,0.609674,0.546623,0.701413,-0.007011,-0.327792,-0.168537
445,0.890000,1.456704,2030.793,2384.592,-36.688881,10.039515,6.102271,1.112364,-0.359468,-1.672201,-1.252715,0.171817,0.397570,-0.328594,-0.390940,1.519280,0.553960,-0.576964,0.578965,0.636960,0.605485,-0.176058,-0.297482,-0.217199
446,0.892000,1.472969,2035.784,2340.015,-36.500038,10.223701,5.995533,1.162974,-0.404973,-1.838082,-1.431585,0.057091,0.419509,-0.260344,-0.481371,1.337362,0.343825,-0.637473,0.504980,0.665364,0.464658,-0.316071,-0.199401,-0.206373
447,0.894000,1.480317,2045.156,2308.849,-36.312603,10.381754,5.857189,1.173159,-0.442433,-1.949421,-1.616093,-0.022640,0.421968,-0.247119,-0.616193,1.121866,0.163495,-0.679193,0.404749,0.616343,0.264499,-0.450916,-0.061777,-0.133209
448,0.896000,1.481003,2056.283,2291.479,-36.156940,10.477394,5.697598,1.127302,-0.488661,-1.996334,-1.784934,-0.055967,0.423546,-0.274940,-0.767593,0.899372,0.037890,-0.692225,0.298764,0.496688,0.008205,-0.599503,0.080048,-0.006206
449,0.898000,1.477759,2066.683,2286.274,-36.055290,10.495705,5.540128,1.033414,-0.541883,-1.981326,-1.922189,-0.058083,0.432917,-0.334281,-0.912054,0.685312,-0.036388,-0.689861,0.196069,0.333981,-0.270022,-0.753447,0.201630,0.158439
450,0.900000,1.472809,2074.781,2290.214,-36.021782,10.442921,5.412719,0.915941,-0.587491,-1.919844,-2.018848,-0.053479,0.456100,-0.418244,-1.032358,0.490010,-0.072901,-0.688863,0.098383,0.163967,-0.520989,-0.885361,0.295056,0.336323
451,0.902000,1.468340,2079.720,2298.818,-36.051216,10.352852,5.345493,0.805309,-0.613400,-1.835832,-2.067820,-0.047398,0.507774,-0.515360,-1.112321,0.326635,-0.076421,-0.688861,0.013008,0.020310,-0.700006,-0.959293,0.375375,0.503778
452,0.904000,1.466395,2081.187,2306.910,-36.116791,10.282198,5.364610,0.725853,-0.621899,-1.759070,-2.066849,-0.023037,0.603086,-0.611607,-1.136837,0.211101,-0.045422,-0.678316,-0.048945,-0.074651,-0.781677,-0.947571,0.465480,0.635056
453,0.906000,1.468740,2079.214,2309.499,-36.185532,10.283568,5.473942,0.677939,-0.639971,-1.726716,-2.025715,0.043991,0.744885,-0.699721,-1.101477,0.150597,0.015363,-0.650679,-0.078357,-0.113257,-0.767899,-0.847339,0.573283,0.703087
454,0.908000,1.477121,2073.384,2302.163,-36.238503,10.380339,5.652767,0.642713,-0.702372,-1.767179,-1.964611,0.168630,0.921332,-0.779272,-1.017097,0.139020,0.097232,-0.602930,-0.059793,-0.092601,-0.681618,-0.677304,0.687563,0.695178
455,0.910000,1.492937,2062.754,2282.191,-36.287514,10.546906,5.862390,0.599804,-0.823750,-1.881958,-1.910728,0.337546,1.102520,-0.853993,-0.905944,0.160489,0.192040,-0.537541,0.020729,-0.016266,-0.555337,-0.458301,0.794082,0.626844
456,0.912000,1.516492,2046.550,2250.012,-36.357349,10.728910,6.069630,0.547703,-0.980697,-2.034619,-1.883259,0.514591,1.252388,-0.916680,-0.782299,0.205032,0.299969,-0.462005,0.161612,0.098477,-0.419192,-0.197592,0.893215,0.539250
457,0.914000,1.545327,2025.862,2210.452,-36.457016,10.877489,6.255112,0.490368,-1.145651,-2.179965,-1.894730,0.652006,1.336233,-0.954129,-0.656905,0.261867,0.420695,-0.388419,0.344513,0.220573,-0.305915,0.085432,0.978807,0.468489
458,0.916000,1.573898,2003.806,2171.932,-36.570610,10.972816,6.418738,0.435292,-1.305514,-2.282072,-1.941362,0.716196,1.338644,-0.953597,-0.537282,0.323165,0.552992,-0.325904,0.544739,0.319332,-0.240796,0.354585,1.034947,0.429233
459,0.918000,1.595477,1984.504,2143.403,-36.678638,11.013461,6.566857,0.391973,-1.459676,-2.317546,-1.996023,0.701792,1.268334,-0.921110,-0.439001,0.377175,0.685096,-0.284758,0.732732,0.378289,-0.221545,0.581692,1.056520,0.416400
460,0.920000,1.604443,1971.598,2131.391,-36.774796,11.004332,6.700188,0.366692,-1.608338,-2.273396,-2.016838,0.628877,1.158124,-0.879659,-0.382036,0.412705,0.798296,-0.271249,0.881221,0.401898,-0.217574,0.762359,1.062349,0.418314
461,0.922000,1.597279,1967.752,2138.961,-36.865395,10.949731,6.811625,0.360143,-1.750106,-2.157815,-1.975224,0.523626,1.049426,-0.851069,-0.374714,0.429445,0.880193,-0.283571,0.966496,0.402317,-0.199906,0.898144,1.078710,0.423199
462,0.924000,1.573237,1974.480,2165.323,-36.968346,10.849480,6.892279,0.369250,-1.880531,-2.003495,-1.871871,0.405558,0.971919,-0.842749,-0.408851,0.436337,0.925646,-0.316734,0.970929,0.389185,-0.157559,0.990356,1.124380,0.430760
463,0.926000,1.534577,1992.218,2206.029,-37.101906,10.708368,6.935702,0.381359,-1.995090,-1.855984,-1.726918,0.295216,0.936085,-0.845868,-0.465494,0.442604,0.923873,-0.372936,0.888517,0.365087,-0.096721,1.048332,1.205948,0.451462
464,0.928000,1.486080,2019.930,2253.704,-37.276436,10.541239,6.936707,0.371883,-2.094142,-1.753778,-1.561910,0.221222,0.935788,-0.844393,-0.522068,0.453778,0.859101,-0.457560,0.726520,0.322933,-0.033664,1.085882,1.317029,0.497088
465,0.930000,1.434429,2054.323,2299.521,-37.486519,10.373583,6.896262,0.317725,-2.180393,-1.713417,-1.389305,0.212482,0.957018,-0.823437,-0.558569,0.467336,0.718765,-0.571024,0.502938,0.251846,0.013353,1.109863,1.446645,0.581620
466,0.932000,1.386808,2089.969,2336.070,-37.713741,10.235292,6.831572,0.217932,-2.242575,-1.717511,-1.207191,0.284000,0.989295,-0.771868,-0.562535,0.473284,0.506762,-0.701092,0.251551,0.149637,0.030600,1.120733,1.589034,0.721324
467,0.934000,1.349098,2120.412,2360.008,-37.939678,10.141248,6.766070,0.092063,-2.258780,-1.728326,-1.009094,0.427427,1.032642,-0.680021,-0.530777,0.455029,0.249596,-0.818581,0.024663,0.031456,0.019293,1.123522,1.740970,0.918197
468,0.936000,1.323819,2140.727,2373.638,-38.145470,10.081978,6.708780,-0.044605,-2.232353,-1.731478,-0.809289,0.602737,1.081414,-0.552537,-0.478454,0.384061,-0.019923,-0.898375,-0.128849,-0.079053,-0.006377,1.119897,1.877134,1.134092
469,0.938000,1.309045,2149.690,2383.933,-38.300381,10.044218,6.663673,-0.176173,-2.191746,-1.740060,-0.634891,0.758267,1.117477,-0.409890,-0.424766,0.240663,-0.265250,-0.924439,-0.171920,-0.151334,-0.016431,1.106259,1.946126,1.296541
470,0.940000,1.299913,2149.444,2398.756,-38.378731,10.013887,6.634086,-0.270188,-2.150001,-1.756091,-0.495140,0.865829,1.134181,-0.267948,-0.369287,0.037035,-0.452156,-0.894465,-0.096717,-0.167092,0.017456,1.081201,1.910314,1.349175
471,0.942000,1.291197,2144.119,2423.004,-38.384743,9.968622,6.614350,-0.286455,-2.090014,-1.755898,-0.379027,0.926406,1.147079,-0.133433,-0.303661,-0.197873,-0.569391,-0.822147,0.063511,-0.142530,0.091870,1.043177,1.775357,1.278589
472,0.944000,1.279319,2138.006,2456.937,-38.350666,9.890219,6.598673,-0.202242,-2.002694,-1.733176,-0.289083,0.941714,1.163503,-0.018269,-0.225523,-0.426249,-0.618055,-0.712818,0.271294,-0.099609,0.178153,0.981659,1.569849,1.096150
473,0.946000,1.263847,2133.659,2495.564,-38.315639,9.780674,6.591396,-0.025198,-1.909709,-1.716392,-0.247362,0.905790,1.167575,0.061115,-0.136372,-0.608000,-0.600583,-0.566653,0.496339,-0.055198,0.234048,0.875046,1.319859,0.828566
474,0.948000,1.247864,2130.822,2529.857,-38.307739,9.656158,6.601494,0.209471,-1.852437,-1.743330,-0.275008,0.813759,1.127945,0.090207,-0.044091,-0.713136,-0.517688,-0.382459,0.713813,-0.028225,0.222791,0.710403,1.046333,0.512224
475,0.950000,1.236834,2127.094,2549.877,-38.348595,9.516844,6.626020,0.456284,-1.852230,-1.804822,-0.341540,0.694469,1.020206,0.053068,0.017854,-0.747932,-0.395239,-0.177602,0.904376,-0.025149,0.149422,0.519671,0.787277,0.185371
476,0.952000,1.236079,2119.906,2548.907,-38.432419,9.367462,6.658064,0.665299,-1.919394,-1.872249,-0.398481,0.585275,0.833331,-0.052818,0.019093,-0.727591,-0.269232,0.018170,1.050589,-0.050810,0.032089,0.343422,0.573820,-0.126819
477,0.954000,1.248049,2108.378,2527.062,-38.526306,9.231812,6.703702,0.807028,-2.055692,-1.934083,-0.426874,0.500478,0.583740,-0.192917,-0.034717,-0.664152,-0.179395,0.171125,1.141627,-0.113108,-0.129178,0.192685,0.410689,-0.408052
478,0.956000,1.271515,2093.472,2491.653,-38.586754,9.146286,6.784884,0.888957,-2.242144,-1.994537,-0.437716,0.427284,0.315041,-0.309341,-0.108724,-0.577299,-0.164534,0.254645,1.185827,-0.210462,-0.343392,0.049345,0.277913,-0.639937
479,0.958000,1.302258,2077.532,2454.408,-38.579197,9.135001,6.920187,0.942551,-2.433372,-2.046929,-0.433952,0.350322,0.075910,-0.367555,-0.178460,-0.497526,-0.240420,0.263158,1.208754,-0.318439,-0.587009,-0.092464,0.156547,-0.807017
480,0.960000,1.334905,2063.205,2426.725,-38.486542,9.194819,7.106938,0.998924,-2.581735,-2.086961,-0.415449,0.262975,-0.094192,-0.365589,-0.240579,-0.451244,-0.381784,0.210914,1.227377,-0.404100,-0.796006,-0.204005,0.052162,-0.895573
481,0.962000,1.365015,2051.944,2415.661,-38.313293,9.291700,7.310377,1.072038,-2.654028,-2.120654,-0.393396,0.163895,-0.166769,-0.305113,-0.296282,-0.452552,-0.531092,0.127150,1.238096,-0.446508,-0.902304,-0.243567,-0.011479,-0.890717
482,0.964000,1.389445,2044.541,2422.887,-38.082863,9.384937,7.489537,1.165936,-2.626827,-2.138672,-0.370695,0.061142,-0.133204,-0.177279,-0.334065,-0.499221,-0.623435,0.059098,1.234942,-0.444547,-0.879701,-0.192623,-0.018773,-0.786779
483,0.966000,1.406910,2041.456,2444.894,-37.838921,9.440458,7.611135,1.259379,-2.514587,-2.129692,-0.348379,-0.034059,-0.019191,0.012738,-0.341170,-0.581122,-0.635566,0.035197,1.212085,-0.416053,-0.759616,-0.069617,0.028178,-0.594445
484,0.968000,1.417540,2043.103,2475.197,-37.632095,9.436367,7.655170,1.315168,-2.360727,-2.086135,-0.325821,-0.103572,0.128751,0.227697,-0.322116,-0.680775,-0.585684,0.051111,1.160966,-0.382713,-0.603634,0.082198,0.118284,-0.335289
485,0.970000,1.421986,2050.235,2507.100,-37.488297,9.373051,7.612744,1.297946,-2.211952,-2.009815,-0.305346,-0.131391,0.271533,0.425164,-0.287659,-0.770099,-0.493767,0.092551,1.069029,-0.358337,-0.460871,0.222837,0.246782,-0.031803
486,0.972000,1.422386,2062.422,2533.893,-37.391205,9.283377,7.496968,1.199223,-2.093576,-1.906466,-0.292540,-0.116451,0.386108,0.579360,-0.244255,-0.829941,-0.375279,0.149989,0.926260,-0.343453,-0.353117,0.321942,0.409639,0.287060
487,0.974000,1.421295,2078.006,2550.537,-37.299850,9.221420,7.347782,1.040582,-2.019276,-1.801254,-0.317824,-0.093125,0.451287,0.673883,-0.194091,-0.863560,-0.249788,0.226064,0.736545,-0.322238,-0.278191,0.354827,0.586651,0.576823
488,0.976000,1.420039,2094.868,2555.850,-37.183025,9.230248,7.210430,0.855220,-1.996389,-1.727370,-0.416619,-0.110297,0.447799,0.693971,-0.138088,-0.890736,-0.144750,0.325483,0.514964,-0.268947,-0.214899,0.314482,0.746237,0.785726
489,0.978000,1.417923,2111.282,2553.288,-37.054428,9.302124,7.101644,0.671758,-2.008837,-1.685057,-0.567467,-0.164923,0.397042,0.644677,-0.076099,-0.939158,-0.110260,0.418777,0.260028,-0.180419,-0.145541,0.220387,0.872622,0.887945
490,0.980000,1.412977,2126.266,2549.268,-36.956963,9.395702,7.016295,0.512023,-2.027534,-1.660662,-0.715546,-0.220992,0.344060,0.546660,-0.006927,-1.015368,-0.174707,0.478907,-0.018751,-0.069934,-0.063607,0.105835,0.962979,0.883135
491,0.982000,1.402939,2140.029,2550.654,-36.931168,9.466351,6.946301,0.391100,-2.035230,-1.656407,-0.826183,-0.260948,0.316742,0.416330,0.061483,-1.100550,-0.320891,0.506952,-0.283413,0.049158,0.031983,0.004196,1.018745,0.786298
492,0.984000,1.385979,2154.265,2562.558,-36.991287,9.485840,6.890327,0.318639,-2.031706,-1.678106,-0.885029,-0.282591,0.329934,0.271206,0.115135,-1.166530,-0.509784,0.513234,-0.482427,0.173440,0.145596,-0.058892,1.041021,0.618624
493,0.986000,1.361710,2170.783,2586.152,-37.117783,9.452650,6.854675,0.301447,-2.020875,-1.713474,-0.888442,-0.287765,0.386762,0.133474,0.141323,-1.193089,-0.704839,0.502289,-0.572269,0.301523,0.277074,-0.073618,1.030792,0.408210
494,0.988000,1.331516,2190.334,2618.336,-37.270836,9.383570,6.843458,0.341597,-1.997919,-1.730694,-0.845702,-0.278465,0.472731,0.025017,0.133331,-1.176450,-0.883836,0.470549,-0.536680,0.418288,0.405801,-0.056406,0.989048,0.189459
495,0.990000,1.299266,2210.838,2651.806,-37.417992,9.293488,6.840128,0.421872,-1.956870,-1.704261,-0.781700,-0.259621,0.557016,-0.041147,0.089210,-1.127072,-1.037971,0.411406,-0.392942,0.507011,0.504114,-0.038750,0.927818,0.000959
496,0.992000,1.270403,2227.671,2677.043,-37.546352,9.194389,6.820642,0.516131,-1.901125,-1.632496,-0.712231,-0.224363,0.617829,-0.063522,0.007003,-1.053151,-1.160879,0.315169,-0.194248,0.560953,0.561605,-0.044680,0.857381,-0.140957
497,0.994000,1.250630,2235.327,2685.192,-37.642792,9.111616,6.769757,0.596773,-1.850805,-1.537776,-0.630813,-0.154007,0.654945,-0.053895,-0.123294,-0.962924,-1.251956,0.172115,-0.013474,0.573425,0.582768,-0.074804,0.781981,-0.242685
498,0.996000,1.243930,2230.179,2671.481,-37.690186,9.073992,6.673348,0.629542,-1.826217,-1.443341,-0.520184,-0.036002,0.681674,-0.021013,-0.302756,-0.870562,-1.317551,-0.009674,0.095281,0.532655,0.570522,-0.108845,0.707302,-0.314005
499,0.998000,1.250379,2213.401,2638.087,-37.691223,9.087062,6.520756,0.584671,-1.829482,-1.362826,-0.378857,0.118976,0.709074,0.038502,-0.507381,-0.786104,-1.358196,-0.195020,0.114447,0.428461,0.525632,-0.114179,0.642558,-0.360494
500,1.000000,1.266048,2190.835,2593.689,-37.672256,9.129244,6.317552,0.456807,-1.845723,-1.308197,-0.230868,0.286838,0.745428,0.136415,-0.697180,-0.715014,-1.371129,-0.339407,0.052135,0.259084,0.450053,-0.059577,0.599579,-0.382522
501,1.002000,1.283559,2171.399,2551.154,-37.663780,9.168209,6.085201,0.264387,-1.861828,-1.295250,-0.113343,0.446076,0.788579,0.266834,-0.843243,-0.665077,-1.362163,-0.411746,-0.074787,0.031997,0.346788,0.068682,0.589634,-0.378010
502,1.004000,1.294285,2163.787,2523.538,-37.679260,9.182623,5.861894,0.044691,-1.873374,-1.330022,-0.051035,0.589810,0.821912,0.392407,-0.939315,-0.646894,-1.346404,-0.399375,-0.242338,-0.231012,0.224016,0.256795,0.617608,-0.353294
503,1.006000,1.291190,2174.167,2520.674,-37.711887,9.166674,5.691389,-0.167333,-1.892537,-1.409926,-0.050958,0.726392,0.832119,0.477624,-0.980046,-0.655604,-1.322622,-0.293009,-0.415412,-0.499732,0.092813,0.461281,0.674869,-0.325563
504,1.008000,1.270813,2205.648,2547.341,-37.760860,9.108488,5.595304,-0.360864,-1.939781,-1.525616,-0.092939,0.881290,0.834527,0.529748,-0.945294,-0.663334,-1.257155,-0.082412,-0.548539,-0.741624,-0.029151,0.630198,0.737169,-0.319381
505,1.010000,1.234881,2257.467,2601.685,-37.835835,8.995110,5.573425,-0.534250,-2.016847,-1.657020,-0.130553,1.081961,0.859237,0.586795,-0.821576,-0.647096,-1.115117,0.217700,-0.608980,-0.935137,-0.121293,0.732669,0.779465,-0.348447
506,1.012000,1.191041,2323.253,2674.043,-37.924477,8.848778,5.630228,-0.671257,-2.105464,-1.783347,-0.127106,1.326319,0.921746,0.688337,-0.609998,-0.596175,-0.886044,0.551884,-0.604448,-1.083305,-0.180571,0.761433,0.784878,-0.407933
507,1.014000,1.152084,2389.087,2747.399,-37.987846,8.720311,5.766737,-0.760213,-2.205364,-1.911342,-0.097805,1.558575,0.999920,0.847818,-0.324529,-0.494244,-0.560604,0.874905,-0.539472,-1.169824,-0.194034,0.745742,0.754308,-0.477884
508,1.016000,1.132503,2435.516,2800.885,-37.975883,8.671386,5.974711,-0.803587,-2.336624,-2.075012,-0.109417,1.680697,1.031181,1.038090,0.000215,-0.326187,-0.123019,1.179859,-0.392852,-1.137308,-0.117722,0.745028,0.703692,-0.539834
509,1.018000,1.143138,2445.019,2816.880,-37.889160,8.711960,6.216407,-0.813621,-2.482523,-2.253977,-0.174811,1.668344,0.994484,1.232046,0.316178,-0.119041,0.384838,1.424270,-0.207118,-0.979954,0.058057,0.787981,0.642632,-0.580351
510,1.020000,1.185176,2413.482,2789.921,-37.743752,8.848961,6.480491,-0.777714,-2.578033,-2.380650,-0.261327,1.559390,0.892754,1.379891,0.541864,0.033762,0.837658,1.501814,-0.111083,-0.787980,0.272870,0.838050,0.553383,-0.600610
511,1.022000,1.249263,2352.834,2729.288,-37.534199,9.116222,6.794988,-0.666867,-2.565730,-2.419359,-0.364524,1.382633,0.719694,1.419318,0.607527,0.062697,1.135921,1.349992,-0.193495,-0.648746,0.463221,0.843703,0.414875,-0.609306
512,1.024000,1.320103,2282.556,2653.464,-37.331818,9.424672,7.083700,-0.537627,-2.467442,-2.402234,-0.500776,1.185328,0.527582,1.374799,0.563584,0.047068,1.332249,1.057781,-0.385332,-0.532783,0.642476,0.807612,0.248702,-0.598383
513,1.026000,1.384808,2217.581,2579.550,-37.171959,9.715535,7.297727,-0.425143,-2.300757,-2.366271,-0.683897,0.991254,0.340423,1.251688,0.437364,0.041783,1.460395,0.700677,-0.605471,-0.402265,0.821831,0.750897,0.103158,-0.528258
514,1.028000,1.436465,2165.372,2518.313,-37.055222,9.969896,7.431453,-0.336241,-2.075662,-2.333751,-0.907222,0.802676,0.150349,1.044051,0.231781,0.052509,1.515637,0.325438,-0.790019,-0.240285,0.994067,0.702321,0.022283,-0.373711
515,1.030000,1.473956,2127.975,2473.814,-36.982773,10.160811,7.476534,-0.278792,-1.809336,-2.314562,-1.143938,0.630961,-0.029725,0.777177,-0.038388,0.077527,1.499273,-0.030678,-0.899774,-0.051278,1.139134,0.666347,0.001232,-0.164041
516,1.032000,1.501249,2103.978,2443.916,-36.942032,10.265446,7.422363,-0.257247,-1.528073,-2.312247,-1.376405,0.480892,-0.168482,0.485645,-0.367777,0.105573,1.424985,-0.342371,-0.927760,0.153034,1.258986,0.634064,0.004879,0.058298
517,1.034000,1.524665,2091.069,2422.833,-36.899673,10.285608,7.278152,-0.266014,-1.274355,-2.322967,-1.596311,0.348193,-0.228905,0.206991,-0.746890,0.122982,1.320392,-0.587381,-0.892439,0.346674,1.369131,0.590250,-0.016356,0.245155
518,1.036000,1.549759,2086.671,2404.354,-36.809521,10.257210,7.081217,-0.285431,-1.088434,-2.344394,-1.807612,0.225992,-0.192531,-0.027790,-1.146795,0.121313,1.231204,-0.745146,-0.822933,0.502227,1.473857,0.524181,-0.109449,0.342891
519,1.038000,1.578178,2088.926,2385.528,-36.641006,10.217339,6.866712,-0.289241,-0.976390,-2.367911,-2.015086,0.124614,-0.049635,-0.194865,-1.526314,0.092082,1.204673,-0.808418,-0.757232,0.605875,1.572942,0.456723,-0.290799,0.316755
520,1.040000,1.606881,2097.423,2368.185,-36.398521,10.172018,6.649241,-0.249563,-0.906229,-2.367770,-2.207197,0.072398,0.212783,-0.283843,-1.850967,0.028334,1.259184,-0.787372,-0.731025,0.659973,1.678502,0.442265,-0.526465,0.181501
521,1.042000,1.629887,2112.678,2357.426,-36.126701,10.101648,6.437651,-0.152427,-0.854896,-2.330032,-2.365595,0.076595,0.576308,-0.305438,-2.094184,-0.056463,1.380914,-0.694834,-0.756102,0.667095,1.785788,0.511799,-0.757924,-0.017035
522,1.044000,1.641237,2135.350,2358.212,-35.886299,9.984538,6.230626,-0.015678,-0.828624,-2.275927,-2.493219,0.104239,0.988065,-0.280248,-2.247517,-0.139178,1.545758,-0.536500,-0.832167,0.614332,1.866832,0.651973,-0.940787,-0.237353
523,1.046000,1.637513,2165.323,2372.924,-35.714741,9.824511,6.024503,0.126592,-0.835854,-2.234315,-2.609674,0.105984,1.391833,-0.218628,-2.319563,-0.207020,1.729784,-0.322141,-0.961487,0.488956,1.902156,0.831718,-1.059882,-0.450969
524,1.048000,1.619533,2200.806,2399.877,-35.610275,9.659296,5.833667,0.249466,-0.867989,-2.207902,-2.728487,0.035320,1.732049,-0.131512,-2.329286,-0.270407,1.887533,-0.093909,-1.148085,0.296873,1.888757,1.013499,-1.128695,-0.641354
525,1.050000,1.593154,2236.918,2432.485,-35.545975,9.538050,5.687866,0.346206,-0.898307,-2.168836,-2.847904,-0.134336,1.959154,-0.046692,-2.317789,-0.373314,1.947588,0.078704,-1.387177,0.057916,1.834718,1.166333,-1.171126,-0.803616
526,1.052000,1.567875,2265.693,2460.519,-35.498329,9.483621,5.608294,0.415435,-0.906325,-2.093478,-2.962542,-0.387514,2.060663,0.010469,-2.333549,-0.557785,1.869089,0.157220,-1.647074,-0.207423,1.747122,1.278303,-1.198618,-0.946762
527,1.054000,1.553356,2278.592,2473.594,-35.460499,9.481548,5.584837,0.442177,-0.894668,-1.978936,-3.063622,-0.673596,2.058178,0.029541,-2.396876,-0.821160,1.662513,0.146679,-1.868310,-0.465587,1.633295,1.344310,-1.215662,-1.090853
528,1.056000,1.554823,2271.356,2465.730,-35.428406,9.507484,5.573862,0.403039,-0.870836,-1.834206,-3.155794,-0.963588,1.971580,0.013530,-2.495462,-1.133631,1.349456,0.070307,-1.988148,-0.675367,1.490165,1.354055,-1.213953,-1.244226
529,1.058000,1.570707,2246.713,2438.081,-35.395885,9.549183,5.524482,0.288826,-0.834429,-1.679234,-3.261963,-1.256402,1.818968,-0.024078,-2.599577,-1.453624,0.957893,-0.037870,-1.962409,-0.804586,1.296562,1.288556,-1.167840,-1.381255
530,1.060000,1.593732,2212.996,2398.154,-35.358582,9.607876,5.409907,0.120907,-0.783581,-1.547606,-3.403964,-1.541871,1.632367,-0.059732,-2.666676,-1.722178,0.540005,-0.151550,-1.786263,-0.834004,1.028721,1.111952,-1.064824,-1.452272
531,1.062000,1.615106,2179.716,2355.759,-35.304192,9.703579,5.252563,-0.030555,-0.683456,-1.431629,-3.552715,-1.773770,1.477053,-0.029904,-2.629349,-1.875679,0.171622,-0.236754,-1.463727,-0.729124,0.719165,0.841676,-0.874330,-1.390541
532,1.064000,1.628161,2154.458,2319.463,-35.245361,9.830640,5.097670,-0.092363,-0.514948,-1.312393,-3.649038,-1.903159,1.400034,0.111042,-2.445980,-1.888055,-0.087212,-0.276020,-1.027679,-0.478737,0.435951,0.547958,-0.578341,-1.175768
533,1.066000,1.630330,2141.698,2294.499,-35.230801,9.916685,4.932098,-0.081915,-0.351053,-1.242804,-3.699903,-1.953297,1.363238,0.313003,-2.168211,-1.810832,-0.237123,-0.312839,-0.585552,-0.164012,0.187700,0.262726,-0.231772,-0.875070
534,1.068000,1.623284,2143.100,2282.343,-35.256870,9.916853,4.722255,-0.048588,-0.249288,-1.261356,-3.733538,-1.946604,1.343877,0.511621,-1.874679,-1.695832,-0.266915,-0.381218,-0.240899,0.130113,-0.012358,0.017406,0.102691,-0.537576
535,1.070000,1.611747,2157.956,2281.528,-35.253372,9.856134,4.460461,-0.018584,-0.198250,-1.354067,-3.769858,-1.873029,1.374598,0.673830,-1.627037,-1.563461,-0.144989,-0.479378,-0.053526,0.357102,-0.126341,-0.155223,0.368162,-0.182892
536,1.072000,1.601308,2183.796,2289.205,-35.142281,9.813667,4.204356,0.021799,-0.153209,-1.468201,-3.792811,-1.712948,1.487719,0.793176,-1.439351,-1.420271,0.108105,-0.598174,-0.028836,0.492629,-0.153947,-0.260435,0.509470,0.142674
537,1.074000,1.595601,2217.151,2303.079,-34.919880,9.833950,4.017207,0.072571,-0.106405,-1.557029,-3.764117,-1.479616,1.650601,0.858957,-1.286571,-1.274851,0.398849,-0.741305,-0.116187,0.552301,-0.119718,-0.318605,0.513001,0.400665
538,1.076000,1.594707,2253.985,2322.416,-34.644222,9.896359,3.903354,0.105093,-0.072721,-1.597018,-3.661461,-1.214960,1.793393,0.852393,-1.141061,-1.128332,0.631228,-0.914564,-0.241603,0.602979,-0.010433,-0.324971,0.410090,0.610443
539,1.078000,1.594991,2290.998,2348.090,-34.366310,9.982651,3.857459,0.118874,-0.031030,-1.561119,-3.468167,-0.940887,1.878428,0.776636,-0.991347,-0.977832,0.752049,-1.118121,-0.367678,0.681886,0.173406,-0.291717,0.212935,0.774612
540,1.080000,1.590691,2326.242,2381.794,-34.152374,10.045772,3.849281,0.112649,0.035348,-1.460321,-3.207299,-0.669691,1.910609,0.657936,-0.853944,-0.830393,0.762650,-1.320173,-0.484240,0.773747,0.405132,-0.227376,-0.051036,0.887231
541,1.082000,1.576273,2358.623,2424.933,-34.058205,10.038700,3.844980,0.086501,0.142285,-1.323931,-2.923303,-0.415936,1.910095,0.527582,-0.755883,-0.701920,0.690994,-1.473146,-0.585507,0.842938,0.648911,-0.131217,-0.330917,0.949659
542,1.084000,1.548840,2386.700,2477.008,-34.098347,9.952240,3.828514,0.049414,0.312639,-1.172426,-2.652549,-0.199432,1.883323,0.407768,-0.705515,-0.604061,0.567431,-1.536742,-0.653816,0.869257,0.873743,-0.006140,-0.573995,0.972914
543,1.086000,1.508949,2408.585,2535.550,-34.261898,9.797392,3.796024,0.009061,0.553151,-1.028297,-2.426362,-0.049214,1.814665,0.302499,-0.687535,-0.535242,0.417322,-1.491913,-0.667338,0.853617,1.055641,0.131258,-0.751149,0.965672
544,1.088000,1.460626,2421.922,2596.280,-34.521832,9.600193,3.767248,-0.017930,0.843104,-0.922618,-2.273187,0.003995,1.676466,0.197634,-0.665626,-0.468612,0.269309,-1.341136,-0.611649,0.817339,1.183250,0.251346,-0.864929,0.929114
545,1.090000,1.410073,2425.251,2653.525,-34.838318,9.396059,3.773585,-0.009499,1.140903,-0.887112,-2.218915,-0.066976,1.446584,0.080800,-0.596879,-0.365682,0.155015,-1.096054,-0.478245,0.791835,1.254565,0.326975,-0.931252,0.856593
546,1.092000,1.363813,2419.275,2700.997,-35.176369,9.207375,3.827065,0.046972,1.401899,-0.930890,-2.260477,-0.260594,1.134440,-0.033902,-0.451755,-0.205423,0.087739,-0.786716,-0.272815,0.797790,1.268494,0.351664,-0.961185,0.738244
547,1.094000,1.327162,2406.280,2732.831,-35.511303,9.042587,3.919683,0.157407,1.595791,-1.031694,-2.344418,-0.519253,0.784158,-0.122323,-0.232411,-0.005261,0.030332,-0.484320,-0.023960,0.837926,1.234259,0.355341,-0.951481,0.567078
548,1.096000,1.303277,2388.719,2744.866,-35.810959,8.918774,4.039486,0.315353,1.693398,-1.164505,-2.397159,-0.747381,0.454578,-0.169963,0.039091,0.202752,-0.081271,-0.271963,0.229675,0.901134,1.176596,0.394626,-0.889539,0.333862
549,1.098000,1.292436,2368.514,2735.878,-36.048832,8.853185,4.171189,0.492873,1.660744,-1.313431,-2.368969,-0.874751,0.180985,-0.185163,0.333046,0.397599,-0.286962,-0.192623,0.449135,0.958727,1.114219,0.514172,-0.758306,0.045978
550,1.100000,1.291828,2347.008,2708.628,-36.231209,8.839936,4.295419,0.662856,1.493617,-1.452162,-2.244434,-0.891308,-0.036241,-0.187773,0.620362,0.580290,-0.568336,-0.219424,0.610434,0.977565,1.046815,0.719490,-0.537592,-0.246489
551,1.102000,1.295862,2326.271,2669.867,-36.383118,8.858813,4.383783,0.803319,1.225019,-1.552010,-2.037857,-0.822983,-0.203586,-0.194309,0.858535,0.745787,-0.877732,-0.284611,0.713454,0.946325,0.961923,0.967542,-0.235976,-0.483040
552,1.104000,1.297909,2309.008,2628.408,-36.516586,8.895172,4.392731,0.878836,0.901988,-1.600358,-1.779692,-0.685221,-0.316220,-0.230028,0.976495,0.869779,-1.161545,-0.315995,0.779689,0.886473,0.854272,1.190101,0.097004,-0.624720
553,1.106000,1.292553,2297.888,2592.613,-36.627010,8.947312,4.302731,0.884468,0.598642,-1.602556,-1.519395,-0.480062,-0.354953,-0.302115,0.928723,0.933773,-1.377307,-0.286898,0.811059,0.829184,0.742729,1.335457,0.382799,-0.681930
554,1.108000,1.278019,2294.476,2568.075,-36.704288,9.023829,4.154314,0.870096,0.401531,-1.575210,-1.314016,-0.218566,-0.310778,-0.390778,0.736946,0.932140,-1.514060,-0.224685,0.783207,0.779259,0.641123,1.386925,0.557535,-0.705180
555,1.110000,1.256033,2299.338,2558.135,-36.732437,9.136905,4.026339,0.882475,0.344142,-1.546187,-1.196361,0.076281,-0.204333,-0.474549,0.472096,0.866471,-1.574396,-0.162482,0.680974,0.705062,0.526916,1.349876,0.620885,-0.724076
556,1.112000,1.230075,2312.766,2564.824,-36.714123,9.258009,3.961895,0.909968,0.381654,-1.568090,-1.182700,0.376472,-0.064076,-0.537731,0.221808,0.754356,-1.549042,-0.111977,0.526888,0.593272,0.387156,1.242131,0.621578,-0.722438
557,1.114000,1.204203,2334.344,2588.447,-36.667351,9.331869,3.962647,0.924125,0.452270,-1.678073,-1.259835,0.667941,0.091227,-0.572019,0.051671,0.620827,-1.433101,-0.084607,0.361809,0.460907,0.235248,1.091919,0.620501,-0.669923
558,1.116000,1.181841,2363.487,2627.630,-36.604042,9.317877,4.008261,0.929816,0.523311,-1.867392,-1.377124,0.954299,0.243898,-0.582063,-0.020569,0.480040,-1.250650,-0.096274,0.229209,0.334497,0.093923,0.942038,0.655938,-0.569918
559,1.118000,1.164869,2400.596,2680.165,-36.530407,9.190545,4.050217,0.947692,0.576989,-2.111773,-1.486057,1.228806,0.363693,-0.588560,-0.010335,0.345493,-1.047848,-0.159964,0.159430,0.232744,-0.021696,0.843810,0.734568,-0.460742
560,1.120000,1.153125,2447.305,2743.685,-36.450493,8.938805,4.029549,0.988869,0.607006,-2.387984,-1.563524,1.473597,0.421207,-0.620106,0.064262,0.239810,-0.871352,-0.275724,0.168020,0.170415,-0.108331,0.822417,0.837800,-0.382068
561,1.122000,1.145776,2505.126,2814.654,-36.364853,8.580170,3.917928,1.052946,0.619785,-2.682700,-1.626329,1.672042,0.407693,-0.696471,0.191180,0.188192,-0.745184,-0.422395,0.254889,0.151609,-0.169145,0.864982,0.945554,-0.345104
562,1.124000,1.143673,2572.159,2885.967,-36.257622,8.178911,3.736378,1.137899,0.637720,-2.981672,-1.722265,1.804911,0.340370,-0.812509,0.349163,0.205387,-0.662815,-0.570146,0.397052,0.167767,-0.207836,0.922260,1.030356,-0.336512
563,1.126000,1.149106,2642.776,2948.035,-36.088409,7.832263,3.539903,1.264651,0.717422,-3.242020,-1.880132,1.876638,0.272155,-0.931866,0.509660,0.299846,-0.598843,-0.707399,0.548736,0.206247,-0.218320,0.940410,1.057889,-0.327955
564,1.128000,1.164805,2708.776,2991.072,-35.837585,7.605464,3.381103,1.475405,0.921427,-3.408516,-2.074929,1.946288,0.294590,-0.994491,0.666681,0.499979,-0.502775,-0.816662,0.679734,0.271658,-0.165273,0.922603,1.028587,-0.280455
565,1.130000,1.192814,2762.024,3007.326,-35.557861,7.460134,3.228586,1.739682,1.220470,-3.490077,-2.303153,2.024935,0.434637,-0.988636,0.796581,0.787397,-0.370385,-0.897292,0.768365,0.353362,-0.040707,0.878978,0.943371,-0.198436
566,1.132000,1.234674,2794.832,2991.990,-35.290543,7.359484,3.034672,1.993511,1.537034,-3.522334,-2.568886,2.088855,0.677457,-0.923432,0.874831,1.107245,-0.232229,-0.959875,0.799830,0.425731,0.130586,0.801578,0.790251,-0.121780
567,1.134000,1.290377,2801.934,2944.974,-35.017235,7.338978,2.803914,2.201843,1.814253,-3.522241,-2.848525,2.134005,1.012130,-0.795575,0.902570,1.413195,-0.108727,-1.008454,0.777009,0.475805,0.321327,0.684396,0.570875,-0.085191
568,1.136000,1.356831,2783.803,2872.028,-34.698807,7.458405,2.569505,2.352914,2.025600,-3.487644,-3.104987,2.158911,1.404977,-0.617228,0.878688,1.658401,-0.022656,-1.061985,0.699578,0.490839,0.499490,0.528404,0.313252,-0.096083
569,1.138000,1.428177,2746.361,2782.799,-34.325706,7.735547,2.351714,2.444794,2.176136,-3.397778,-3.306786,2.148557,1.797983,-0.419711,0.799088,1.817914,0.023483,-1.134178,0.573530,0.467008,0.643670,0.344583,0.059960,-0.135457
570,1.140000,1.497159,2698.703,2687.998,-33.925621,8.134833,2.147861,2.473266,2.279363,-3.237234,-3.446710,2.081110,2.137965,-0.234241,0.668233,1.903486,0.059850,-1.213083,0.424827,0.425561,0.754987,0.148425,-0.155153,-0.177684
571,1.142000,1.557078,2649.620,2596.884,-33.540894,8.599184,1.955181,2.439369,2.347215,-3.007737,-3.543516,1.936610,2.392006,-0.082610,0.492278,1.936948,0.115472,-1.280833,0.285395,0.404650,0.846331,-0.048603,-0.321200,-0.210404
572,1.144000,1.604002,2603.851,2515.303,-33.213882,9.075398,1.789586,2.358488,2.390633,-2.721631,-3.626733,1.702502,2.542660,0.019663,0.273395,1.925855,0.189868,-1.334800,0.175538,0.438995,0.921704,-0.246662,-0.443516,-0.230575
573,1.146000,1.636458,2563.099,2446.120,-32.982002,9.517869,1.676547,2.249041,2.410810,-2.393538,-3.711925,1.387795,2.592829,0.072702,0.023920,1.873859,0.269517,-1.382807,0.098970,0.547435,0.970951,-0.450629,-0.527391,-0.236038
574,1.148000,1.655735,2526.101,2389.610,-32.869171,9.892788,1.642567,2.123303,2.395324,-2.042990,-3.798749,1.019035,2.561838,0.088808,-0.238821,1.781064,0.339163,-1.439811,0.036225,0.717284,0.973067,-0.660142,-0.566919,-0.218847
575,1.150000,1.664416,2491.143,2345.221,-32.883156,10.178772,1.706268,1.981763,2.324898,-1.696044,-3.877025,0.627833,2.474836,0.088619,-0.493818,1.650493,0.388502,-1.522189,-0.043103,0.909416,0.909161,-0.868640,-0.550137,-0.170779
576,1.152000,1.665181,2457.820,2312.540,-33.019020,10.364203,1.866863,1.811443,2.186123,-1.376183,-3.923526,0.245822,2.344595,0.084705,-0.720171,1.491138,0.410705,-1.640444,-0.160268,1.078648,0.781361,-1.056603,-0.470249,-0.095471
577,1.154000,1.660925,2426.569,2291.391,-33.261478,10.442108,2.100633,1.587245,1.978004,-1.091364,-3.896319,-0.094626,2.161435,0.067817,-0.903190,1.315616,0.403686,-1.791776,-0.322034,1.194465,0.624144,-1.182922,-0.332167,-0.015799
578,1.156000,1.654418,2398.866,2281.808,-33.578613,10.416605,2.372739,1.286782,1.707760,-0.846636,-3.755141,-0.361810,1.906872,0.015462,-1.035236,1.127898,0.359923,-1.963912,-0.527808,1.243992,0.490524,-1.196350,-0.148151,0.047084
579,1.158000,1.648513,2375.930,2282.955,-33.923653,10.307301,2.650087,0.921700,1.398616,-0.667595,-3.500809,-0.529310,1.580464,-0.091661,-1.113013,0.919445,0.256591,-2.137962,-0.757798,1.237069,0.423625,-1.068412,0.066997,0.094841
580,1.160000,1.645889,2357.136,2292.160,-34.247612,10.143011,2.905007,0.552606,1.107188,-0.589555,-3.185054,-0.576322,1.209445,-0.270185,-1.138318,0.695135,0.067561,-2.297297,-0.967607,1.206922,0.432664,-0.819677,0.301008,0.148749
581,1.162000,1.649021,2339.121,2304.523,-34.507858,9.967222,3.133202,0.262472,0.902295,-0.622924,-2.872589,-0.495219,0.832966,-0.523615,-1.109842,0.493440,-0.204969,-2.424854,-1.116471,1.183646,0.493097,-0.513999,0.535659,0.230556
582,1.164000,1.659152,2317.325,2314.277,-34.676369,9.858063,3.388152,0.106131,0.814709,-0.723253,-2.599590,-0.321646,0.499242,-0.795652,-1.014230,0.369787,-0.494847,-2.488299,-1.209338,1.176198,0.576253,-0.240483,0.724366,0.349712
583,1.166000,1.675315,2288.029,2317.081,-34.748760,9.870045,3.703873,0.080284,0.825288,-0.842802,-2.396124,-0.129660,0.245391,-1.006218,-0.848589,0.356319,-0.714517,-2.457620,-1.290910,1.169904,0.653990,-0.079545,0.807965,0.495350
584,1.168000,1.693963,2250.464,2311.958,-34.765442,9.953697,4.012917,0.139867,0.898022,-0.966646,-2.288535,0.017372,0.078051,-1.130147,-0.666893,0.411014,-0.838062,-2.337168,-1.406091,1.149556,0.720689,-0.036147,0.773419,0.643005
585,1.170000,1.709647,2207.320,2301.692,-34.773476,10.027975,4.236352,0.259878,1.010677,-1.090723,-2.268356,0.104747,-0.007295,-1.179767,-0.538368,0.469021,-0.873476,-2.138174,-1.559592,1.110929,0.782317,-0.055888,0.650264,0.757017
586,1.172000,1.716685,2163.138,2291.812,-34.793976,10.053901,4.365396,0.448997,1.137711,-1.218881,-2.298395,0.155907,-0.025247,-1.172626,-0.485147,0.511481,-0.828078,-1.861870,-1.698035,1.060224,0.821216,-0.083251,0.488764,0.811011
587,1.174000,1.710733,2122.842,2289.253,-34.828728,10.024415,4.447241,0.733964,1.249874,-1.353772,-2.325320,0.217124,0.002574,-1.135804,-0.487216,0.567952,-0.722135,-1.522810,-1.734971,1.017620,0.806473,-0.081928,0.353319,0.819879
588,1.176000,1.689330,2091.666,2301.164,-34.872795,9.942188,4.536242,1.118895,1.314570,-1.489646,-2.315056,0.311121,0.056647,-1.097367,-0.525646,0.663762,-0.593672,-1.161917,-1.620525,0.984034,0.716722,-0.044046,0.278699,0.818454
589,1.178000,1.652421,2074.886,2333.032,-34.930168,9.802088,4.654218,1.555796,1.295280,-1.620995,-2.268338,0.425953,0.122427,-1.065845,-0.586804,0.787408,-0.491054,-0.836761,-1.374996,0.928095,0.551745,0.010457,0.249649,0.823580
590,1.180000,1.603420,2076.332,2385.920,-34.996239,9.618538,4.808117,1.975049,1.179285,-1.741017,-2.197641,0.548116,0.195457,-1.022936,-0.632462,0.917892,-0.440062,-0.582262,-1.043560,0.832236,0.343579,0.051633,0.233400,0.827400
591,1.182000,1.549351,2096.913,2454.502,-35.052803,9.419224,4.982118,2.309539,0.988182,-1.843498,-2.114645,0.668803,0.268193,-0.957848,-0.613965,1.049991,-0.436355,-0.406939,-0.665248,0.706932,0.130589,0.041339,0.199357,0.800492
592,1.184000,1.500423,2132.402,2526.086,-35.073898,9.229777,5.127118,2.511214,0.770782,-1.918227,-2.027745,0.782570,0.329847,-0.887731,-0.508608,1.196313,-0.454394,-0.311607,-0.283992,0.571503,-0.059353,-0.044895,0.138806,0.722023
593,1.186000,1.468373,2172.057,2582.812,-35.032646,9.075996,5.184998,2.567264,0.584513,-1.953895,-1.954837,0.891191,0.384066,-0.837533,-0.331281,1.375589,-0.453778,-0.300725,0.029139,0.431232,-0.209551,-0.202021,0.060743,0.603884
594,1.188000,1.463418,2200.516,2607.753,-34.917603,8.984114,5.139090,2.518317,0.485015,-1.949509,-1.934805,0.994292,0.455217,-0.817742,-0.133100,1.583102,-0.394524,-0.371242,0.195626,0.277539,-0.308143,-0.409362,-0.036979,0.484155
595,1.190000,1.490578,2204.806,2592.329,-34.737022,8.972431,5.022330,2.436781,0.514602,-1.918188,-2.014949,1.079351,0.575971,-0.817339,0.019275,1.780100,-0.253445,-0.487505,0.191422,0.121334,-0.336286,-0.633498,-0.159103,0.398380
596,1.192000,1.546979,2182.041,2539.930,-34.498569,9.061939,4.890227,2.375635,0.682667,-1.870695,-2.218141,1.111447,0.746389,-0.817227,0.077625,1.915570,-0.032992,-0.575005,0.079912,0.008933,-0.268239,-0.811845,-0.269511,0.366856
597,1.194000,1.623186,2139.845,2462.954,-34.214993,9.255978,4.778152,2.337913,0.956891,-1.809085,-2.536889,1.031174,0.918614,-0.801955,0.030266,1.948106,0.229294,-0.566773,-0.038917,-0.020514,-0.112999,-0.879800,-0.290344,0.407234
598,1.196000,1.706613,2090.893,2376.964,-33.935768,9.504297,4.687654,2.305501,1.279372,-1.737591,-2.934077,0.810475,1.054985,-0.752451,-0.098889,1.877001,0.484358,-0.458471,-0.107665,0.027061,0.069694,-0.824661,-0.177242,0.529214
599,1.198000,1.785222,2046.418,2295.459,-33.739044,9.721287,4.608175,2.273923,1.584909,-1.673636,-3.357910,0.477356,1.153950,-0.660959,-0.275985,1.750234,0.711608,-0.295709,-0.120177,0.123618,0.228335,-0.666080,0.049650,0.724545
600,1.200000,1.850131,2012.822,2227.460,-33.679176,9.842894,4.529695,2.240518,1.814502,-1.639415,-3.766081,0.092521,1.238524,-0.533167,-0.476720,1.620646,0.911914,-0.124781,-0.079098,0.242520,0.346069,-0.426128,0.339443,0.969512
601,1.202000,1.895409,1992.874,2177.979,-33.757362,9.862341,4.454510,2.201859,1.941974,-1.632092,-4.124645,-0.277800,1.329614,-0.385096,-0.682544,1.517027,1.086974,0.023492,0.013402,0.355454,0.420548,-0.134484,0.642076,1.237341
602,1.204000,1.918016,1986.503,2148.520,-33.851578,9.931923,4.495730,2.244578,2.061298,-1.538688,-4.321221,-0.513765,1.485561,-0.194980,-0.849441,1.448681,1.219420,0.099277,0.114925,0.400656,0.396000,0.084684,0.811355,1.386006
603,1.206000,1.917557,1991.379,2138.012,-33.892769,10.126897,4.670193,2.358883,2.204008,-1.307062,-4.305698,-0.573349,1.702056,0.041698,-0.933942,1.413061,1.293013,0.073750,0.206809,0.389735,0.284827,0.160511,0.764239,1.334164
604,1.208000,1.896328,2003.574,2143.369,-33.979858,10.292124,4.781966,2.340311,2.219034,-1.066667,-4.191952,-0.565522,1.857027,0.259128,-0.934261,1.396698,1.321464,-0.011206,0.335123,0.437535,0.223418,0.185115,0.617807,1.209368
605,1.210000,1.859835,2017.280,2159.215,-34.102081,10.434471,4.822507,2.170241,2.097893,-0.832996,-3.984951,-0.489719,1.929365,0.450432,-0.835594,1.396618,1.326962,-0.113092,0.483156,0.550869,0.228354,0.156467,0.395464,1.017933
606,1.212000,1.816632,2024.833,2177.815,-34.250660,10.569542,4.827606,1.882798,1.854474,-0.609863,-3.681901,-0.326767,1.939173,0.618898,-0.641775,1.412232,1.338961,-0.178140,0.629633,0.703991,0.291667,0.076501,0.127997,0.767459
607,1.214000,1.776764,2018.733,2190.470,-34.439674,10.685781,4.836423,1.530930,1.516761,-0.398333,-3.301461,-0.088988,1.912370,0.762040,-0.376043,1.437404,1.371176,-0.171497,0.752930,0.855425,0.394465,-0.049987,-0.148821,0.485647
608,1.216000,1.748826,1995.243,2190.207,-34.677238,10.771683,4.893794,1.179074,1.137778,-0.186860,-2.876614,0.176755,1.865459,0.869516,-0.079660,1.447278,1.406907,-0.102317,0.819546,0.946162,0.503234,-0.216672,-0.408272,0.202892
609,1.218000,1.736153,1957.750,2175.642,-34.942665,10.837646,5.037828,0.880632,0.786233,0.041735,-2.440548,0.416741,1.804317,0.938719,0.199635,1.405013,1.421016,-0.000459,0.808390,0.922473,0.582245,-0.393744,-0.631342,-0.064215
610,1.220000,1.735156,1916.160,2153.333,-35.213375,10.883204,5.262229,0.642342,0.507193,0.282024,-2.035899,0.579742,1.721971,0.983628,0.430041,1.297736,1.423263,0.137139,0.756288,0.782728,0.623676,-0.517262,-0.796505,-0.312791
611,1.222000,1.736965,1882.767,2135.978,-35.473114,10.894773,5.527387,0.435941,0.299071,0.491883,-1.720289,0.620724,1.593278,1.004765,0.593068,1.151189,1.447317,0.331865,0.734576,0.584668,0.652298,-0.533405,-0.887649,-0.539360
612,1.224000,1.731430,1867.780,2137.490,-35.696510,10.861614,5.784447,0.238580,0.142986,0.621365,-1.540812,0.524287,1.402636,0.989546,0.675545,1.011337,1.513574,0.575272,0.786539,0.399897,0.697492,-0.439392,-0.904190,-0.723507
613,1.226000,1.710486,1877.792,2168.552,-35.862961,10.752605,5.954556,0.034972,0.035566,0.656929,-1.499532,0.325888,1.191566,0.960434,0.683338,0.915811,1.613501,0.817608,0.893613,0.254602,0.754880,-0.284197,-0.863380,-0.832925
614,1.228000,1.670180,1916.400,2234.043,-35.962730,10.530394,5.951539,-0.184483,-0.007196,0.618768,-1.571617,0.068786,1.017382,0.962260,0.636426,0.879358,1.726286,1.013641,1.016793,0.146721,0.801334,-0.133654,-0.791997,-0.833209
615,1.230000,1.611252,1985.585,2332.125,-35.988083,10.190604,5.729371,-0.429645,0.022688,0.521213,-1.739285,-0.224839,0.907413,1.028762,0.556278,0.894904,1.829325,1.144675,1.127220,0.079624,0.826969,-0.030690,-0.712701,-0.709662
616,1.232000,1.539559,2084.670,2453.166,-35.944832,9.775671,5.326535,-0.700911,0.096160,0.355703,-1.976939,-0.523800,0.859957,1.166692,0.457592,0.928255,1.880872,1.198996,1.190706,0.041127,0.841423,0.036340,-0.632644,-0.499575
617,1.234000,1.465687,2207.400,2579.729,-35.835320,9.364004,4.842635,-0.970933,0.181774,0.127419,-2.243032,-0.790084,0.847626,1.347583,0.350518,0.920414,1.815877,1.173183,1.183183,-0.002187,0.858544,0.116555,-0.543762,-0.278122
618,1.236000,1.403066,2339.441,2689.864,-35.624519,9.051245,4.374432,-1.183494,0.302483,-0.108841,-2.496985,-0.998454,0.837091,1.530324,0.257762,0.822654,1.577837,1.074531,1.104015,-0.083536,0.871546,0.230120,-0.441202,-0.101490
619,1.238000,1.363682,2460.306,2764.606,-35.299160,8.869982,3.944851,-1.314994,0.482573,-0.302556,-2.719052,-1.136362,0.805136,1.681410,0.215371,0.620612,1.154284,0.931036,0.985781,-0.205219,0.875233,0.372465,-0.317654,0.025553
620,1.240000,1.353702,2550.716,2795.767,-34.899414,8.791110,3.537957,-1.381478,0.710323,-0.441212,-2.899827,-1.188423,0.748304,1.780106,0.246600,0.335042,0.588109,0.774577,0.870600,-0.347404,0.872969,0.534480,-0.168530,0.120866
621,1.242000,1.371274,2601.897,2788.432,-34.489151,8.771685,3.145723,-1.406387,0.956614,-0.544361,-3.043771,-1.152968,0.662291,1.804739,0.338100,-0.004152,-0.055524,0.614081,0.785879,-0.492885,0.856811,0.699538,-0.004004,0.191162
622,1.244000,1.408328,2618.177,2756.178,-34.101883,8.807378,2.802684,-1.382958,1.208675,-0.631145,-3.162547,-1.053042,0.533192,1.732803,0.441877,-0.384968,-0.725692,0.434089,0.730308,-0.644645,0.796029,0.829951,0.138845,0.212287
623,1.246000,1.455336,2610.327,2713.699,-33.732124,8.925187,2.575839,-1.275271,1.468933,-0.709809,-3.265417,-0.925239,0.352991,1.567199,0.519127,-0.786930,-1.366210,0.237252,0.693951,-0.802277,0.666325,0.885663,0.210929,0.133875
624,1.248000,1.504740,2588.722,2671.925,-33.386391,9.105811,2.486876,-1.071938,1.721939,-0.799356,-3.368023,-0.812861,0.126179,1.343364,0.564932,-1.158172,-1.901730,0.064353,0.677638,-0.938354,0.481410,0.864310,0.195136,-0.077200
625,1.250000,1.552038,2560.097,2636.344,-33.097332,9.277131,2.500079,-0.789142,1.951108,-0.911579,-3.476893,-0.747374,-0.125710,1.105745,0.571009,-1.463593,-2.292748,-0.062948,0.657061,-1.033445,0.275266,0.801916,0.122553,-0.395798
626,1.252000,1.595312,2527.941,2607.620,-32.900490,9.362291,2.556226,-0.451033,2.155566,-1.046929,-3.598087,-0.750135,-0.365814,0.894358,0.512547,-1.698677,-2.544747,-0.152186,0.593258,-1.089671,0.079059,0.742210,0.028454,-0.775365
627,1.254000,1.634279,2494.137,2583.357,-32.812164,9.322993,2.605123,-0.081792,2.347279,-1.200870,-3.748151,-0.840555,-0.556195,0.737316,0.365780,-1.874733,-2.682967,-0.217175,0.464171,-1.119546,-0.087785,0.717648,-0.067697,-1.171265
628,1.256000,1.668837,2461.014,2560.420,-32.827354,9.173218,2.623307,0.296355,2.543422,-1.358035,-3.934971,-1.023979,-0.665760,0.660003,0.141982,-2.003440,-2.737327,-0.268387,0.276501,-1.125629,-0.210102,0.745180,-0.148956,-1.531258
629,1.258000,1.697816,2432.592,2536.885,-32.922115,8.972660,2.612053,0.655135,2.755055,-1.481526,-4.131474,-1.280221,-0.677577,0.685354,-0.102676,-2.087223,-2.739494,-0.315187,0.065824,-1.084974,-0.268917,0.824841,-0.191647,-1.788210
630,1.260000,1.719075,2414.113,2512.612,-33.061157,8.792452,2.564668,0.938022,2.970775,-1.521467,-4.284213,-1.576201,-0.604142,0.806935,-0.311782,-2.132351,-2.721261,-0.367770,-0.119385,-0.967645,-0.264617,0.924101,-0.185578,-1.885499
631,1.262000,1.730124,2411.393,2488.737,-33.223518,8.665352,2.442028,1.061201,3.141093,-1.462085,-4.361977,-1.883287,-0.482495,0.964965,-0.495919,-2.178687,-2.710807,-0.436072,-0.253587,-0.785863,-0.250362,0.972738,-0.152935,-1.820297
632,1.264000,1.729253,2429.476,2466.751,-33.399231,8.604919,2.244167,1.001982,3.226307,-1.327185,-4.365794,-2.149278,-0.310340,1.111169,-0.692321,-2.257309,-2.697295,-0.507140,-0.331921,-0.576324,-0.274848,0.930269,-0.118291,-1.641180
633,1.266000,1.716667,2470.941,2447.369,-33.565395,8.639032,2.044799,0.836464,3.246045,-1.138847,-4.309793,-2.305307,-0.039800,1.262000,-0.884201,-2.343530,-2.635646,-0.555281,-0.354375,-0.355089,-0.332929,0.806926,-0.100769,-1.421489
634,1.268000,1.695903,2533.604,2429.353,-33.683395,8.791347,1.921098,0.649143,3.227614,-0.925288,-4.220828,-2.307628,0.365132,1.458890,-1.017166,-2.385422,-2.480645,-0.548255,-0.307990,-0.107315,-0.379214,0.641776,-0.102919,-1.211332
635,1.270000,1.674492,2607.819,2409.357,-33.731415,9.038033,1.889387,0.466093,3.167232,-0.727751,-4.134538,-2.165340,0.881803,1.713302,-1.055711,-2.354714,-2.219177,-0.464388,-0.177054,0.187656,-0.360471,0.485298,-0.106315,-1.022550
636,1.272000,1.662233,2676.520,2383.963,-33.721687,9.309803,1.917477,0.284544,3.072594,-0.553623,-4.065779,-1.941685,1.418082,1.981113,-1.003218,-2.247380,-1.866179,-0.310521,0.021896,0.510577,-0.265485,0.358566,-0.109834,-0.861778
637,1.274000,1.667728,2720.222,2352.250,-33.662910,9.557121,1.975848,0.103509,2.968911,-0.370572,-3.997466,-1.715836,1.870123,2.198263,-0.879867,-2.061863,-1.450968,-0.126127,0.233921,0.805747,-0.125399,0.252331,-0.140625,-0.748922
638,1.276000,1.694502,2726.154,2316.178,-33.540688,9.781040,2.058038,-0.083625,2.858889,-0.156942,-3.916136,-1.558461,2.171459,2.321148,-0.712933,-1.805679,-1.022201,0.023459,0.395958,1.023179,0.024619,0.155046,-0.227659,-0.697771
639,1.278000,1.739276,2694.115,2278.842,-33.364182,9.988361,2.180269,-0.267116,2.726892,0.069617,-3.828825,-1.496823,2.325650,2.347928,-0.545829,-1.516765,-0.632692,0.101476,0.491159,1.151325,0.170075,0.075587,-0.356707,-0.674383
640,1.280000,1.793367,2634.636,2243.317,-33.179047,10.167385,2.354458,-0.432182,2.560739,0.282864,-3.738808,-1.513960,2.374878,2.299723,-0.424556,-1.244214,-0.322140,0.104124,0.539357,1.218378,0.321402,0.031598,-0.489737,-0.625905
641,1.282000,1.845760,2562.570,2213.043,-33.032093,10.308740,2.576823,-0.573084,2.362202,0.473047,-3.629911,-1.573466,2.355791,2.203626,-0.366997,-1.011172,-0.107715,0.032170,0.544630,1.250953,0.477964,0.008132,-0.619116,-0.533493
642,1.284000,1.886084,2491.093,2192.259,-32.951187,10.413840,2.837760,-0.683216,2.136668,0.623393,-3.486626,-1.629334,2.298925,2.086485,-0.358785,-0.815128,0.013115,-0.105019,0.494288,1.256227,0.615436,-0.026081,-0.748344,-0.400241
643,1.286000,1.906384,2429.122,2185.683,-32.945206,10.482296,3.121193,-0.750483,1.892597,0.716696,-3.294646,-1.636860,2.222645,1.960337,-0.367910,-0.640095,0.057844,-0.280688,0.383803,1.243192,0.709266,-0.099317,-0.884458,-0.244046
644,1.288000,1.901588,2381.835,2197.592,-33.018032,10.503506,3.412798,-0.747558,1.652840,0.752638,-3.040166,-1.564492,2.130540,1.811431,-0.374914,-0.473525,0.057037,-0.449610,0.232839,1.233477,0.743281,-0.236855,-1.044593,-0.099742
645,1.290000,1.869658,2351.729,2231.033,-33.179455,10.460921,3.700804,-0.661414,1.432800,0.737543,-2.739293,-1.418196,2.023587,1.616696,-0.383661,-0.311791,0.041205,-0.582441,0.064027,1.256003,0.725465,-0.441106,-1.229934,0.014342
646,1.292000,1.811743,2339.860,2287.592,-33.429497,10.340780,3.968541,-0.501075,1.240846,0.675432,-2.434436,-1.222351,1.922627,1.371802,-0.407164,-0.154787,0.029505,-0.688698,-0.120683,1.327158,0.682219,-0.689424,-1.419413,0.102426
647,1.294000,1.732123,2346.937,2367.052,-33.751228,10.127112,4.185328,-0.287771,1.085612,0.561366,-2.168960,-0.989238,1.864050,1.092706,-0.461899,-0.005097,0.031107,-0.802751,-0.332096,1.450222,0.646914,-0.952957,-1.579666,0.181133
648,1.296000,1.638227,2373.619,2466.306,-34.114807,9.818026,4.330683,-0.045988,0.975330,0.393336,-1.965257,-0.719598,1.878614,0.810646,-0.559313,0.136714,0.045491,-0.965663,-0.580824,1.622758,0.648079,-1.216790,-1.681835,0.268182
649,1.298000,1.540817,2419.063,2577.288,-34.501778,9.435461,4.416877,0.192695,0.903395,0.190530,-1.814731,-0.432175,1.965646,0.574283,-0.690394,0.260969,0.062284,-1.176502,-0.854882,1.820494,0.699821,-1.455386,-1.707577,0.358793
650,1.300000,1.453329,2478.423,2685.844,-34.899811,9.017139,4.467475,0.408521,0.869923,-0.016262,-1.700427,-0.162450,2.094573,0.425143,-0.829923,0.358809,0.074052,-1.379450,-1.117281,1.991525,0.793522,-1.624573,-1.648675,0.421767
651,1.302000,1.388280,2542.754,2775.093,-35.284992,8.605388,4.494864,0.602535,0.880457,-0.222578,-1.628634,0.065174,2.228264,0.369912,-0.948176,0.450136,0.087588,-1.510060,-1.324948,2.081600,0.904568,-1.688767,-1.507751,0.424671
652,1.304000,1.352937,2601.732,2832.078,-35.619324,8.244892,4.500965,0.778613,0.912504,-0.462869,-1.620798,0.253700,2.337337,0.383381,-1.006230,0.578968,0.109720,-1.548146,-1.453218,2.059259,1.009808,-1.639178,-1.304000,0.364955
653,1.306000,1.347030,2648.653,2853.342,-35.846466,7.992526,4.494196,0.939416,0.920886,-0.783785,-1.694831,0.424633,2.386519,0.402084,-0.981676,0.768876,0.133238,-1.515977,-1.477934,1.950848,1.111736,-1.484405,-1.061991,0.283735
654,1.308000,1.364127,2682.388,2844.600,-35.895439,7.920194,4.497235,1.082949,0.874664,-1.190079,-1.852985,0.587342,2.332729,0.349254,-0.904907,0.971338,0.132603,-1.443283,-1.359635,1.851117,1.255400,-1.231127,-0.791278,0.249039
655,1.310000,1.394567,2707.049,2816.245,-35.776756,8.014065,4.495944,1.184996,0.772848,-1.621792,-2.053153,0.769060,2.188355,0.216654,-0.810555,1.117088,0.098914,-1.359742,-1.116256,1.805184,1.434433,-0.940700,-0.528041,0.291314
656,1.312000,1.429614,2727.715,2777.804,-35.584137,8.185797,4.460303,1.226314,0.639820,-2.000494,-2.233900,1.001608,1.997756,0.035973,-0.719102,1.180711,0.062625,-1.289874,-0.849429,1.756797,1.572469,-0.708787,-0.315363,0.408962
657,1.314000,1.463756,2747.209,2735.198,-35.383583,8.392363,4.396948,1.206118,0.493819,-2.297497,-2.379003,1.267632,1.770444,-0.198554,-0.667535,1.167238,0.054732,-1.236896,-0.643170,1.670098,1.639454,-0.573778,-0.155822,0.602998
658,1.316000,1.494916,2765.624,2691.026,-35.209618,8.614233,4.312048,1.117325,0.333720,-2.528769,-2.505187,1.537603,1.527326,-0.482796,-0.663420,1.123336,0.098119,-1.191242,-0.527899,1.560654,1.655725,-0.533432,-0.051326,0.855145
659,1.318000,1.522875,2781.553,2646.911,-35.078602,8.835897,4.218311,0.973420,0.169075,-2.712909,-2.626912,1.797600,1.312034,-0.794299,-0.702725,1.097042,0.199818,-1.154693,-0.515611,1.444560,1.638038,-0.573903,-0.014918,1.131459
660,1.320000,1.548578,2792.222,2604.367,-34.982964,9.057447,4.147930,0.822854,0.040345,-2.843544,-2.742240,2.041569,1.170798,-1.101527,-0.790652,1.110609,0.353639,-1.144132,-0.619070,1.316755,1.582169,-0.673385,-0.067709,1.385256
661,1.322000,1.573290,2794.880,2564.627,-34.906067,9.273174,4.108191,0.703783,-0.005381,-2.900360,-2.855015,2.243904,1.131218,-1.372399,-0.941503,1.162814,0.559360,-1.163423,-0.832889,1.169432,1.492914,-0.783019,-0.224712,1.566469
662,1.324000,1.598193,2787.852,2528.376,-34.824333,9.459459,4.046473,0.616109,0.071227,-2.865883,-3.003852,2.347921,1.211604,-1.574395,-1.175517,1.241296,0.847120,-1.171479,-1.120238,1.010001,1.420185,-0.819407,-0.485423,1.635415
663,1.326000,1.624072,2771.767,2495.673,-34.696815,9.623489,3.931098,0.560616,0.285231,-2.720365,-3.213343,2.290549,1.399265,-1.677457,-1.471117,1.344700,1.231091,-1.113630,-1.405261,0.861966,1.403402,-0.732167,-0.830066,1.567975
664,1.328000,1.651643,2748.075,2466.152,-34.491829,9.798487,3.789533,0.558187,0.620844,-2.437628,-3.447375,2.041110,1.637444,-1.664555,-1.756789,1.474007,1.653343,-0.986706,-1.606084,0.760108,1.419796,-0.560196,-1.219554,1.375349
665,1.330000,1.681203,2718.642,2439.790,-34.215816,9.982280,3.631902,0.608097,1.046288,-2.003404,-3.651936,1.613256,1.872811,-1.525203,-1.971759,1.598439,2.014987,-0.835764,-1.695106,0.715740,1.415168,-0.379964,-1.592070,1.103197
666,1.332000,1.712199,2685.947,2416.999,-33.903931,10.140010,3.443490,0.683570,1.520082,-1.449359,-3.811337,1.060758,2.093359,-1.261278,-2.110530,1.670307,2.261816,-0.692120,-1.695478,0.710874,1.375180,-0.218692,-1.882400,0.790253
667,1.334000,1.744153,2650.918,2397.128,-33.592102,10.257775,3.241746,0.759475,1.986855,-0.848411,-3.932521,0.463832,2.302518,-0.898980,-2.204189,1.652649,2.382746,-0.568267,-1.627863,0.731530,1.322278,-0.064136,-2.039143,0.472004
668,1.336000,1.776850,2612.540,2378.100,-33.287388,10.360195,3.057828,0.806170,2.401251,-0.268093,-4.026612,-0.106048,2.507695,-0.462863,-2.294636,1.509610,2.373871,-0.467983,-1.495975,0.765793,1.279092,0.105267,-2.038960,0.173626
669,1.338000,1.809296,2569.773,2357.622,-33.000748,10.476247,2.926477,0.799884,2.730988,0.244355,-4.090792,-0.600031,2.697138,0.012902,-2.409698,1.237641,2.243134,-0.398156,-1.307007,0.802800,1.250149,0.286549,-1.901125,-0.080206
670,1.340000,1.838751,2523.526,2334.827,-32.761845,10.610419,2.863625,0.732648,2.968346,0.664585,-4.117707,-1.008960,2.835428,0.493965,-2.545412,0.867087,2.018188,-0.346621,-1.077162,0.821350,1.214152,0.460972,-1.660787,-0.257832
671,1.342000,1.860579,2477.110,2311.247,-32.600933,10.742754,2.854270,0.612194,3.121159,0.977666,-4.105298,-1.347708,2.884648,0.963297,-2.666560,0.431925,1.729618,-0.280053,-0.828827,0.799841,1.157033,0.622907,-1.352483,-0.337309
672,1.344000,1.869405,2434.907,2290.433,-32.536476,10.842037,2.866275,0.458085,3.200236,1.181766,-4.051905,-1.630173,2.819411,1.413563,-2.718146,-0.040041,1.395181,-0.173620,-0.586784,0.734190,1.082406,0.773515,-1.011413,-0.313187
673,1.346000,1.861018,2400.447,2276.883,-32.579479,10.877356,2.870901,0.284479,3.217035,1.309754,-3.958035,-1.866458,2.639562,1.826068,-2.656433,-0.513589,1.023709,-0.039196,-0.376407,0.643319,0.991445,0.916920,-0.656261,-0.206925
674,1.348000,1.833481,2375.467,2274.931,-32.737213,10.824448,2.861070,0.101646,3.175686,1.416823,-3.826200,-2.064090,2.365528,2.159525,-2.468918,-0.944003,0.624414,0.082811,-0.224666,0.561839,0.884549,1.062394,-0.286270,-0.064634
675,1.350000,1.788045,2359.647,2287.333,-33.004013,10.671853,2.851023,-0.071427,3.063399,1.536841,-3.653094,-2.224272,2.025827,2.372206,-2.166997,-1.303229,0.201208,0.160608,-0.149680,0.513549,0.769420,1.221318,0.109608,0.077423
676,1.352000,1.729738,2350.457,2313.837,-33.352375,10.440508,2.869972,-0.223409,2.843527,1.655617,-3.436545,-2.360070,1.640553,2.444738,-1.773661,-1.570179,-0.235942,0.188426,-0.141713,0.498163,0.648993,1.392847,0.535599,0.202053
677,1.354000,1.666960,2343.237,2349.989,-33.727318,10.197067,2.960412,-0.353680,2.466325,1.703782,-3.195521,-2.509186,1.209266,2.387274,-1.296339,-1.691908,-0.645636,0.186570,-0.153028,0.500491,0.504263,1.540840,0.961493,0.287763
678,1.356000,1.609570,2332.755,2387.726,-34.075943,10.009996,3.159948,-0.452464,1.916447,1.609153,-2.949856,-2.694415,0.725507,2.217294,-0.746503,-1.615518,-0.978799,0.176076,-0.118970,0.510434,0.299555,1.600777,1.337126,0.318098
679,1.358000,1.566228,2314.593,2417.635,-34.378059,9.896114,3.460325,-0.492320,1.277841,1.393387,-2.662327,-2.847588,0.240037,1.949061,-0.199688,-1.364160,-1.223543,0.138478,-0.020817,0.534654,0.043878,1.544118,1.639411,0.318769
680,1.360000,1.541350,2286.877,2432.687,-34.575367,9.878027,3.804776,-0.435683,0.731198,1.148143,-2.315223,-2.852175,-0.104549,1.624258,0.215063,-0.991846,-1.316216,0.071185,0.083818,0.573588,-0.185365,1.376135,1.805469,0.305772
681,1.362000,1.533459,2251.796,2431.869,-34.649529,9.950493,4.136489,-0.286944,0.373956,0.917756,-1.948283,-2.673936,-0.237364,1.285810,0.420609,-0.550166,-1.214456,-0.010864,0.148759,0.612030,-0.338486,1.124413,1.801280,0.270869
682,1.364000,1.536507,2214.459,2420.292,-34.647690,10.042200,4.364800,-0.119717,0.197597,0.688289,-1.671932,-2.419392,-0.191554,0.975237,0.375566,-0.154421,-0.958764,-0.075984,0.139117,0.567834,-0.416492,0.887009,1.655295,0.145397
683,1.366000,1.543388,2180.300,2405.964,-34.592377,10.126361,4.466617,0.039963,0.192143,0.471516,-1.530246,-2.160883,0.003714,0.729005,0.097026,0.122197,-0.605827,-0.103369,0.032004,0.387188,-0.438898,0.717676,1.389333,-0.112355
684,1.368000,1.548617,2152.589,2396.112,-34.543148,10.187111,4.513287,0.200732,0.269931,0.263379,-1.453162,-1.896113,0.265165,0.522061,-0.307640,0.302570,-0.248100,-0.123105,-0.135458,0.116447,-0.462869,0.567196,1.049779,-0.434945
685,1.370000,1.549244,2133.051,2394.860,-34.539925,10.190378,4.517581,0.357428,0.363703,0.059518,-1.399462,-1.622113,0.532631,0.326720,-0.750369,0.413978,0.065673,-0.132353,-0.324985,-0.190967,-0.518177,0.396129,0.667930,-0.758391
686,1.372000,1.545551,2122.431,2402.015,-34.576843,10.107635,4.436680,0.492822,0.452252,-0.128195,-1.368336,-1.356021,0.764616,0.139091,-1.162895,0.450846,0.298071,-0.104087,-0.488651,-0.494669,-0.616216,0.198157,0.267159,-1.042397
687,1.374000,1.541312,2120.500,2413.158,-34.585266,9.948307,4.208598,0.590799,0.549520,-0.290359,-1.381932,-1.127346,0.920095,-0.022888,-1.472840,0.374257,0.376977,-0.019052,-0.556941,-0.766448,-0.770512,0.003829,-0.117129,-1.261374
688,1.376000,1.541798,2127.708,2422.489,-34.473831,9.761386,3.815173,0.660048,0.664810,-0.461655,-1.455460,-0.924177,0.977064,-0.148367,-1.617605,0.163010,0.233520,0.112233,-0.477443,-0.984619,-0.964432,-0.110693,-0.444680,-1.421798
689,1.378000,1.550806,2145.877,2426.583,-34.219769,9.619471,3.353780,0.719842,0.769982,-0.676858,-1.583594,-0.730652,0.953670,-0.233146,-1.604283,-0.150939,-0.090470,0.250261,-0.284204,-1.117445,-1.124052,-0.083228,-0.675762,-1.519880
690,1.380000,1.568695,2177.812,2426.417,-33.872917,9.568916,2.946832,0.774367,0.853370,-0.903526,-1.742266,-0.573795,0.890431,-0.246852,-1.472751,-0.506033,-0.463018,0.379531,-0.049559,-1.160339,-1.200261,0.079403,-0.778307,-1.536281
691,1.382000,1.592272,2226.594,2426.830,-33.513573,9.581102,2.626855,0.805114,0.911495,-1.118025,-1.911650,-0.479032,0.803995,-0.184669,-1.248328,-0.840601,-0.787417,0.494415,0.177877,-1.158160,-1.210459,0.324823,-0.770047,-1.505446
692,1.384000,1.616322,2294.499,2433.930,-33.205082,9.603361,2.377604,0.799957,0.938943,-1.331161,-2.084931,-0.441996,0.697863,-0.071854,-0.939139,-1.101130,-1.033793,0.580883,0.386738,-1.156037,-1.189942,0.606713,-0.687069,-1.482115
693,1.386000,1.635848,2381.756,2451.706,-32.984547,9.596722,2.188138,0.779977,0.949190,-1.545764,-2.253947,-0.432469,0.589089,0.069883,-0.547350,-1.248440,-1.210356,0.636800,0.599433,-1.166034,-1.157013,0.905893,-0.546302,-1.494203
694,1.388000,1.647769,2485.452,2479.977,-32.876801,9.547684,2.076797,0.785986,0.967946,-1.726068,-2.399567,-0.424648,0.511714,0.244198,-0.086361,-1.267913,-1.322761,0.687501,0.842575,-1.168467,-1.098553,1.217040,-0.350986,-1.527289
695,1.390000,1.650547,2600.016,2515.092,-32.903259,9.447479,2.048289,0.834053,0.998966,-1.838861,-2.516703,-0.420125,0.483871,0.442260,0.403089,-1.173594,-1.378535,0.758341,1.117878,-1.147264,-1.005481,1.526559,-0.104453,-1.554325
696,1.392000,1.643516,2718.074,2551.702,-33.074673,9.278221,2.051235,0.891250,1.016168,-1.891922,-2.623598,-0.435847,0.485666,0.608912,0.853487,-0.996281,-1.398969,0.847338,1.398849,-1.115218,-0.911226,1.805330,0.184336,-1.566043
697,1.394000,1.626620,2831.377,2584.529,-33.362061,9.051659,2.016470,0.908175,1.004808,-1.900195,-2.720809,-0.463100,0.492973,0.688091,1.212086,-0.747016,-1.383812,0.949542,1.662382,-1.088411,-0.863109,2.031169,0.511321,-1.553657
698,1.396000,1.600777,2930.988,2609.682,-33.706135,8.809698,1.892099,0.836977,0.968074,-1.865054,-2.782759,-0.476859,0.487264,0.658042,1.453543,-0.432611,-1.317957,1.066368,1.895620,-1.068813,-0.884106,2.198289,0.858552,-1.509576
699,1.398000,1.568201,3007.478,2625.233,-34.037277,8.614323,1.680832,0.664413,0.925656,-1.777995,-2.779527,-0.462530,0.460698,0.552010,1.590610,-0.074786,-1.194770,1.207393,2.099269,-1.038868,-0.959744,2.310775,1.180076,-1.434294
700,1.400000,1.532807,3051.174,2631.008,-34.291718,8.532954,1.447268,0.431210,0.914560,-1.629174,-2.693441,-0.417982,0.415638,0.429576,1.654125,0.281223,-1.032421,1.376765,2.282173,-0.974727,-1.057238,2.375810,1.430439,-1.322341
701,1.402000,1.500794,3052.604,2627.315,-34.427505,8.612293,1.275280,0.195270,0.963742,-1.420966,-2.542257,-0.368348,0.342532,0.322965,1.660815,0.573656,-0.881469,1.536063,2.428094,-0.866371,-1.147842,2.402841,1.603667,-1.152481
702,1.404000,1.478978,3007.575,2614.073,-34.448853,8.841324,1.213112,-0.017257,1.067043,-1.167505,-2.379348,-0.357446,0.234692,0.239602,1.623003,0.762148,-0.793971,1.614976,2.487176,-0.726161,-1.218602,2.391185,1.719327,-0.927383
703,1.406000,1.472357,2922.063,2591.249,-34.382591,9.172186,1.282653,-0.192040,1.207754,-0.859771,-2.238195,-0.392054,0.123340,0.188829,1.565977,0.845110,-0.789298,1.568224,2.409297,-0.588978,-1.289912,2.298799,1.773079,-0.710008
704,1.408000,1.481249,2814.384,2561.018,-34.272369,9.524062,1.469504,-0.330434,1.356704,-0.489943,-2.137157,-0.465157,0.031819,0.162466,1.510571,0.840090,-0.856595,1.405872,2.194589,-0.470862,-1.366956,2.101672,1.777164,-0.549345
705,1.410000,1.501680,2707.911,2528.639,-34.163227,9.814577,1.724438,-0.447411,1.482588,-0.082630,-2.080590,-0.563571,-0.041829,0.145109,1.473909,0.778259,-0.969425,1.175945,1.900027,-0.366741,-1.423673,1.826832,1.765052,-0.450482
706,1.412000,1.526897,2622.947,2501.985,-34.085014,9.997396,1.993096,-0.559905,1.566804,0.314116,-2.048806,-0.664244,-0.095396,0.133680,1.474844,0.700930,-1.094295,0.928182,1.598250,-0.267704,-1.433737,1.522111,1.762863,-0.401821
707,1.414000,1.549785,2571.753,2489.142,-34.042351,10.076351,2.252090,-0.681831,1.601984,0.663961,-2.011147,-0.752659,-0.100702,0.128632,1.503846,0.641826,-1.200635,0.678712,1.331327,-0.149598,-1.391010,1.210314,1.783268,-0.387356
708,1.416000,1.565257,2557.813,2495.083,-34.010555,10.076687,2.494659,-0.813883,1.583838,0.935642,-1.953024,-0.820974,-0.032640,0.110660,1.524932,0.624621,-1.279171,0.421561,1.116094,0.011939,-1.306618,0.896729,1.825516,-0.396248
709,1.418000,1.571218,2577.316,2520.128,-33.952911,10.012163,2.708676,-0.926314,1.515800,1.096430,-1.877422,-0.856905,0.095498,0.042025,1.506576,0.666262,-1.346910,0.155074,0.969847,0.214294,-1.195938,0.606281,1.882859,-0.426808
710,1.420000,1.569479,2619.715,2559.520,-33.851143,9.896545,2.902997,-0.972556,1.401665,1.136361,-1.796922,-0.867657,0.236815,-0.097525,1.426149,0.766914,-1.411045,-0.115234,0.893529,0.437858,-1.064984,0.362485,1.939591,-0.473161
711,1.422000,1.566630,2666.889,2603.419,-33.717560,9.755224,3.110526,-0.915230,1.243314,1.071368,-1.721176,-0.871596,0.346638,-0.288749,1.284347,0.913273,-1.449262,-0.376799,0.861885,0.664271,-0.909789,0.158033,1.956042,-0.533707
712,1.424000,1.572406,2695.263,2638.954,-33.570240,9.622385,3.358850,-0.724352,1.056389,0.919234,-1.640021,-0.854065,0.398713,-0.499985,1.118023,1.085514,-1.448385,-0.613679,0.842174,0.864411,-0.736972,-0.029875,1.878608,-0.623997
713,1.426000,1.595359,2684.568,2654.046,-33.420059,9.541083,3.670968,-0.378572,0.875649,0.708551,-1.522681,-0.774905,0.387525,-0.711734,0.962295,1.253788,-1.423216,-0.822320,0.801494,1.005936,-0.561710,-0.217071,1.682371,-0.743794
714,1.428000,1.638379,2628.748,2641.381,-33.286301,9.541315,4.054043,0.104695,0.731245,0.475484,-1.350636,-0.608354,0.329530,-0.912949,0.826982,1.393907,-1.394243,-1.010800,0.724065,1.081604,-0.398809,-0.403801,1.394648,-0.863563
715,1.430000,1.697248,2538.485,2601.169,-33.200325,9.619703,4.480528,0.657884,0.627680,0.236876,-1.155099,-0.380926,0.238018,-1.101016,0.696766,1.481462,-1.387707,-1.199635,0.606869,1.102898,-0.265731,-0.583907,1.070145,-0.944529
716,1.432000,1.762576,2433.862,2541.246,-33.186378,9.748718,4.897617,1.197351,0.559416,-0.008006,-0.993339,-0.148273,0.123138,-1.262572,0.565920,1.499739,-1.422038,-1.395863,0.462927,1.089559,-0.179028,-0.752130,0.760398,-0.954616
717,1.434000,1.823481,2334.124,2474.058,-33.242092,9.902469,5.257510,1.662445,0.533136,-0.257622,-0.905282,0.046859,-0.000153,-1.376304,0.447269,1.444128,-1.499919,-1.584731,0.321029,1.062293,-0.155287,-0.909686,0.502238,-0.877414
718,1.436000,1.870839,2251.640,2412.123,-33.349300,10.060091,5.528467,2.014549,0.557704,-0.501345,-0.894616,0.190740,-0.111886,-1.429836,0.360077,1.327699,-1.598924,-1.735227,0.215629,1.039895,-0.201812,-1.053241,0.322742,-0.715447
719,1.438000,1.898629,2191.885,2364.888,-33.488617,10.207506,5.701327,2.232884,0.629707,-0.722987,-0.931401,0.292300,-0.193180,-1.431385,0.316913,1.184114,-1.675325,-1.821347,0.165424,1.040753,-0.300520,-1.169369,0.237712,-0.484971
720,1.440000,1.904118,2155.910,2337.653,-33.643433,10.335712,5.783510,2.315533,0.727271,-0.915450,-0.978212,0.370075,-0.228415,-1.410622,0.309560,1.056012,-1.684775,-1.841912,0.158568,1.074646,-0.411685,-1.234393,0.252853,-0.210732
721,1.442000,1.887862,2141.882,2331.583,-33.801754,10.434315,5.789158,2.278129,0.816025,-1.077575,-1.011370,0.435100,-0.206243,-1.393804,0.316388,0.974426,-1.606594,-1.813783,0.170184,1.143039,-0.492747,-1.223084,0.365442,0.078562
722,1.444000,1.853607,2145.335,2344.195,-33.962811,10.481742,5.733411,2.159357,0.875336,-1.204995,-1.035230,0.484991,-0.112837,-1.381861,0.318040,0.950120,-1.446297,-1.753293,0.185115,1.244859,-0.510533,-1.115873,0.563802,0.348121
723,1.446000,1.808055,2158.910,2369.630,-34.136681,10.454447,5.633678,2.008574,0.907559,-1.284132,-1.067762,0.510831,0.055339,-1.360687,0.313116,0.983401,-1.230771,-1.682272,0.197260,1.382891,-0.447132,-0.917141,0.819098,0.561648
724,1.448000,1.759650,2173.071,2399.696,-34.327995,10.353545,5.511094,1.865047,0.937634,-1.284696,-1.112188,0.506526,0.278991,-1.313526,0.324610,1.076661,-0.994821,-1.629525,0.198873,1.554242,-0.302971,-0.660399,1.089812,0.688542
725,1.450000,1.716798,2177.680,2425.518,-34.532745,10.218807,5.410364,1.768983,1.003609,-1.173393,-1.142720,0.480673,0.528856,-1.220359,0.386926,1.236839,-0.764786,-1.618688,0.174835,1.731077,-0.097332,-0.392438,1.333410,0.706704
726,1.452000,1.685502,2165.351,2439.947,-34.763054,10.077321,5.364618,1.745649,1.109301,-0.969961,-1.153311,0.436541,0.777092,-1.074329,0.512823,1.460366,-0.548555,-1.647249,0.113266,1.866784,0.143689,-0.135440,1.540635,0.637055
727,1.454000,1.666837,2135.564,2440.379,-35.037544,9.923034,5.362382,1.778643,1.204390,-0.749380,-1.173629,0.356296,0.992628,-0.889896,0.690679,1.727915,-0.342542,-1.686347,0.011590,1.919367,0.394823,0.114537,1.729201,0.552686
728,1.456000,1.656883,2094.706,2429.136,-35.332108,9.773937,5.385132,1.841181,1.241125,-0.574718,-1.210238,0.243755,1.157595,-0.692633,0.891615,2.000596,-0.143764,-1.693945,-0.124893,1.859451,0.612198,0.337108,1.890266,0.520482
729,1.458000,1.649322,2051.725,2411.257,-35.593426,9.668008,5.408662,1.895989,1.195655,-0.467741,-1.224497,0.142210,1.269450,-0.523365,1.058629,2.209360,0.047639,-1.616652,-0.267712,1.694130,0.746905,0.486086,1.989084,0.573999
730,1.460000,1.638764,2013.861,2391.773,-35.781021,9.635941,5.425641,1.930666,1.091836,-0.409574,-1.174812,0.087416,1.326398,-0.411567,1.149406,2.292350,0.220327,-1.438934,-0.403349,1.447781,0.763618,0.524687,1.988152,0.692398
731,1.462000,1.623120,1984.944,2373.782,-35.890694,9.690711,5.473321,1.984115,1.000324,-0.361795,-1.058699,0.071305,1.321983,-0.352110,1.171933,2.232822,0.344754,-1.218234,-0.566374,1.131554,0.655218,0.456998,1.863901,0.802604
732,1.464000,1.603749,1966.020,2358.844,-35.959522,9.794350,5.560363,2.040088,0.922015,-0.337972,-0.915787,0.067841,1.254063,-0.327654,1.145988,2.057057,0.420901,-0.984061,-0.737142,0.805235,0.476863,0.345094,1.640168,0.869480
733,1.466000,1.584034,1956.794,2347.968,-36.009289,9.914221,5.686052,2.042114,0.792474,-0.392287,-0.795327,0.061109,1.133428,-0.323009,1.074394,1.805426,0.472671,-0.728221,-0.851378,0.547658,0.294037,0.245184,1.339490,0.871484
734,1.468000,1.568344,1955.642,2340.940,-36.026466,10.060104,5.876907,1.963098,0.557914,-0.565886,-0.738757,0.034175,0.968724,-0.328997,0.953106,1.517749,0.515840,-0.457872,-0.868105,0.398786,0.145187,0.184355,0.966702,0.772413
735,1.470000,1.560660,1959.464,2336.018,-36.019829,10.220520,6.141968,1.805169,0.212355,-0.836803,-0.743061,-0.008649,0.778708,-0.333283,0.784117,1.215081,0.528786,-0.226853,-0.804130,0.347031,0.057896,0.194643,0.564042,0.590653
736,1.472000,1.562137,1965.176,2331.488,-36.029991,10.350454,6.456735,1.589567,-0.208202,-1.132030,-0.766988,-0.040964,0.593609,-0.324482,0.584268,0.918407,0.488590,-0.085247,-0.697296,0.354892,0.042776,0.286859,0.182680,0.374039
737,1.474000,1.570589,1971.909,2326.323,-36.067757,10.427023,6.772686,1.344450,-0.658414,-1.386642,-0.778073,-0.052332,0.430621,-0.305659,0.385566,0.667211,0.412927,-0.020227,-0.553544,0.404635,0.100349,0.426026,-0.165216,0.156133
738,1.476000,1.587145,1985.113,2316.028,-35.872261,10.544611,6.773857,0.901242,-0.995769,-1.345730,-0.703447,-0.203024,0.128409,-0.264865,0.386816,0.585878,0.232320,-0.143127,-0.351267,0.687529,0.341864,0.426889,-0.668182,0.011719
739,1.478000,1.625492,2025.332,2287.646,-35.054825,10.821166,6.002743,0.048551,-1.014187,-0.773398,-0.527886,-0.653832,-0.450523,-0.211364,0.716607,0.784334,-0.063237,-0.559863,-0.141193,1.367046,0.920469,0.148100,-1.525493,-0.014799
740,1.480000,1.706776,2116.397,2224.541,-33.874527,11.107092,4.718240,-0.819579,-0.785488,-0.147154,-0.469946,-1.120856,-0.939871,-0.194755,0.962377,1.015892,-0.206969,-0.848518,0.054016,2.006828,1.572669,-0.163660,-2.343026,0.038336
741,1.482000,1.842694,2258.084,2119.023,-32.578865,11.336854,3.205919,-1.551752,-0.480060,0.329838,-0.531829,-1.511486,-1.286537,-0.221394,1.027961,1.168883,-0.187541,-0.887623,0.270952,2.423365,2.105752,-0.428528,-2.936069,0.122806
742,1.484000,2.022935,2418.412,1982.673,-31.330875,11.518076,1.685613,-2.161808,-0.237259,0.651977,-0.621168,-1.826021,-1.575463,-0.289537,0.974163,1.262611,-0.059450,-0.755004,0.501721,2.625071,2.481678,-0.669075,-3.314476,0.229976
743,1.486000,2.220144,2560.854,1841.564,-30.244690,11.664038,0.319511,-2.665821,-0.094052,0.853418,-0.691527,-2.066860,-1.840375,-0.367693,0.883080,1.349872,0.144342,-0.544222,0.728752,2.682634,2.738688,-0.894641,-3.533430,0.357157
744,1.488000,2.404584,2668.367,1719.808,-29.378922,11.783178,-0.791599,-3.065691,-0.008086,0.991372,-0.725199,-2.220920,-2.057426,-0.408387,0.820526,1.472046,0.406561,-0.305322,0.956939,2.678936,2.925685,-1.089258,-3.640846,0.490411
745,1.490000,2.553917,2741.394,1629.973,-28.752972,11.869335,-1.594984,-3.362010,0.079338,1.126618,-0.708766,-2.273687,-2.199195,-0.393938,0.808323,1.634444,0.701743,-0.063619,1.190301,2.673276,3.066841,-1.239780,-3.676072,0.604693
746,1.492000,2.654726,2786.553,1575.180,-28.373278,11.894344,-2.082480,-3.572670,0.189144,1.286695,-0.650265,-2.237142,-2.262766,-0.349613,0.828068,1.805031,0.982907,0.151631,1.409003,2.688269,3.159739,-1.348610,-3.667505,0.675496
747,1.494000,2.699963,2810.144,1554.868,-28.238588,11.834929,-2.267060,-3.719954,0.305307,1.467434,-0.573666,-2.142428,-2.252017,-0.312910,0.857808,1.943367,1.199445,0.305979,1.577053,2.719113,3.193674,-1.424074,-3.624322,0.689832
748,1.496000,2.686440,2816.082,1568.947,-28.329885,11.707071,-2.153056,-3.809972,0.396925,1.646538,-0.505558,-2.024569,-2.164323,-0.310653,0.885005,2.012743,1.300469,0.352958,1.648198,2.738011,3.160738,-1.467865,-3.532853,0.655674
749,1.498000,2.613507,2805.616,1619.684,-28.628296,11.545638,-1.741893,-3.838062,0.430883,1.792022,-0.468193,-1.912899,-1.995641,-0.345705,0.905904,1.997957,1.252682,0.255445,1.590814,2.713873,3.062289,-1.469088,-3.370174,0.596792
750,1.500000,2.482805,2778.010,1711.898,-29.149117,11.347374,-1.061280,-3.802064,0.377833,1.873592,-0.473276,-1.830493,-1.758102,-0.405640,0.919517,1.920455,1.075333,0.035428,1.430445,2.645022,2.916389,-1.413838,-3.125070,0.538111
751,1.502000,2.299804,2730.809,1851.710,-29.918947,11.078756,-0.153862,-3.685238,0.223282,1.872016,-0.511742,-1.787874,-1.484047,-0.478608,0.914299,1.807307,0.821715,-0.235669,1.232986,2.547416,2.741861,-1.307952,-2.812345,0.487607
752,1.504000,2.076493,2662.133,2042.407,-30.923616,10.718164,0.940076,-3.435863,-0.029226,1.766484,-0.549309,-1.764965,-1.209312,-0.542281,0.880982,1.658638,0.541253,-0.476974,1.051966,2.415166,2.537280,-1.178002,-2.461242,0.436736
753,1.506000,1.834968,2575.573,2275.851,-32.091160,10.265333,2.159716,-2.984195,-0.366282,1.513438,-0.542315,-1.705012,-0.958287,-0.559213,0.823489,1.431790,0.261384,-0.601934,0.921801,2.211003,2.283158,-1.048164,-2.097824,0.372450
754,1.508000,1.608326,2486.964,2522.271,-33.323242,9.721223,3.390648,-2.290286,-0.754039,1.052598,-0.497538,-1.555597,-0.731975,-0.498524,0.745475,1.063982,-0.009167,-0.517910,0.884667,1.887297,1.955963,-0.900117,-1.714862,0.298908
755,1.510000,1.431891,2422.550,2732.059,-34.500053,9.120001,4.491489,-1.375702,-1.103618,0.372087,-0.502861,-1.298075,-0.465056,-0.354658,0.604871,0.516260,-0.260967,-0.190322,0.962729,1.428700,1.537784,-0.706793,-1.289211,0.228928
756,1.512000,1.323539,2397.898,2863.941,-35.456963,8.565238,5.321495,-0.358137,-1.300530,-0.428247,-0.642329,-0.940126,-0.072953,-0.184350,0.316105,-0.158363,-0.454782,0.256932,1.072889,0.911035,1.073293,-0.508737,-0.852726,0.190192
757,1.514000,1.273835,2399.323,2914.602,-35.962891,8.235691,5.709012,0.425872,-1.327990,-1.011847,-0.758261,-0.592645,0.256667,-0.095501,0.012117,-0.712584,-0.602886,0.494709,1.039931,0.522664,0.752617,-0.343495,-0.552882,0.113984
758,1.516000,1.261860,2399.431,2908.278,-35.980141,8.213192,5.681909,0.756292,-1.305436,-1.150223,-0.647177,-0.373096,0.276166,-0.111355,-0.088263,-0.994477,-0.765086,0.378854,0.836580,0.337345,0.640669,-0.177443,-0.413527,-0.054524
759,1.518000,1.273847,2384.842,2868.242,-35.787128,8.352789,5.540018,0.875735,-1.314950,-1.094967,-0.466686,-0.204374,0.172992,-0.139755,-0.085104,-1.158729,-0.896599,0.147102,0.631579,0.262622,0.551903,-0.035758,-0.274121,-0.163571
760,1.520000,1.301166,2358.409,2812.593,-35.541142,8.548155,5.429186,0.924620,-1.362752,-0.989815,-0.322819,-0.042241,0.047309,-0.151561,-0.032627,-1.239287,-0.950493,-0.106128,0.455504,0.252993,0.466616,0.080945,-0.134891,-0.233143
761,1.522000,1.335460,2328.177,2756.965,-35.327614,8.732115,5.400078,0.950384,-1.440505,-0.898492,-0.251135,0.130294,-0.072228,-0.155561,0.026247,-1.248398,-0.932789,-0.345359,0.307143,0.274248,0.379065,0.157705,-0.019710,-0.296239
762,1.524000,1.370280,2300.271,2711.346,-35.178799,8.873421,5.453455,0.962415,-1.530169,-0.841560,-0.255357,0.298830,-0.191333,-0.159774,0.065146,-1.190843,-0.882138,-0.551679,0.201235,0.323072,0.287705,0.174454,0.058418,-0.352225
763,1.526000,1.402138,2276.603,2679.235,-35.090347,8.976801,5.585914,0.975465,-1.615535,-0.831763,-0.329647,0.446003,-0.305883,-0.152542,0.078620,-1.060574,-0.823763,-0.707405,0.146585,0.386278,0.189512,0.128357,0.099556,-0.384203
764,1.528000,1.430601,2255.417,2658.466,-35.041988,9.066095,5.786617,1.005008,-1.684968,-0.876576,-0.461602,0.562716,-0.391355,-0.097763,0.089563,-0.850449,-0.754305,-0.795748,0.138548,0.429134,0.076693,0.028823,0.110336,-0.366166
765,1.530000,1.456834,2233.569,2643.676,-35.026188,9.155893,6.028570,1.059627,-1.719455,-0.966797,-0.624985,0.651739,-0.421887,0.034830,0.117873,-0.586546,-0.664459,-0.806458,0.168668,0.426926,-0.041262,-0.094245,0.106033,-0.284877
766,1.532000,1.482205,2208.582,2628.501,-35.057281,9.240694,6.275070,1.133666,-1.701500,-1.084565,-0.790302,0.710611,-0.401436,0.230698,0.150346,-0.334807,-0.563349,-0.738285,0.239531,0.388517,-0.134156,-0.195898,0.105640,-0.154067
767,1.534000,1.507521,2179.583,2607.387,-35.148468,9.314857,6.497814,1.206930,-1.635020,-1.218157,-0.934940,0.732261,-0.352269,0.446500,0.167273,-0.146866,-0.465355,-0.598072,0.356952,0.329616,-0.182638,-0.238607,0.123578,0.001630
768,1.536000,1.531956,2148.000,2578.034,-35.306702,9.364637,6.664392,1.248375,-1.541378,-1.354901,-1.041697,0.714165,-0.291805,0.640252,0.160942,-0.040980,-0.381000,-0.404442,0.510057,0.250461,-0.190453,-0.207796,0.157738,0.147294
769,1.538000,1.552263,2117.697,2542.641,-35.518181,9.384960,6.748652,1.234743,-1.442774,-1.471416,-1.103464,0.647699,-0.240166,0.778059,0.131344,-0.016935,-0.318686,-0.191665,0.666130,0.158671,-0.158274,-0.106947,0.202131,0.259954
770,1.540000,1.563088,2094.235,2507.203,-35.748657,9.389761,6.745609,1.158479,-1.362561,-1.543971,-1.131101,0.510045,-0.234200,0.824015,0.071319,-0.071647,-0.288840,-0.009722,0.780879,0.090221,-0.066913,0.046717,0.262583,0.355676
771,1.542000,1.558573,2083.437,2479.846,-35.968239,9.380763,6.643109,1.011514,-1.322294,-1.557458,-1.139527,0.297560,-0.290283,0.770283,-0.017280,-0.185651,-0.282381,0.104031,0.822204,0.082142,0.093846,0.210598,0.332978,0.458128
772,1.544000,1.534242,2090.152,2469.007,-36.163330,9.336367,6.416580,0.786856,-1.328581,-1.511718,-1.140681,0.037513,-0.390222,0.645483,-0.124301,-0.328329,-0.274298,0.139127,0.787924,0.143982,0.302760,0.329193,0.390040,0.577103
773,1.546000,1.488330,2117.494,2482.010,-36.334763,9.233349,6.068763,0.497459,-1.374006,-1.421466,-1.147747,-0.240973,-0.516155,0.477094,-0.257411,-0.485835,-0.254000,0.102479,0.694600,0.256910,0.522542,0.370866,0.422586,0.715393
774,1.548000,1.423465,2165.310,2522.900,-36.487095,9.071589,5.660982,0.190973,-1.438670,-1.301934,-1.158814,-0.516276,-0.658525,0.285343,-0.434595,-0.664719,-0.242732,0.000882,0.546557,0.372968,0.703295,0.323621,0.415428,0.838645
775,1.550000,1.347519,2228.255,2590.227,-36.612282,8.887944,5.303860,-0.055021,-1.482761,-1.151356,-1.146014,-0.766941,-0.801856,0.099287,-0.657636,-0.870997,-0.284832,-0.171478,0.324838,0.430298,0.788425,0.176851,0.325527,0.866533
776,1.552000,1.272315,2294.689,2675.862,-36.704105,8.724895,5.093583,-0.178251,-1.467534,-0.961687,-1.073376,-0.967820,-0.911837,-0.033170,-0.888986,-1.069720,-0.381861,-0.384613,0.047738,0.422393,0.777431,-0.032539,0.142803,0.760367
777,1.554000,1.210896,2348.022,2765.334,-36.761589,8.621914,5.089878,-0.133462,-1.344218,-0.699173,-0.889055,-1.073684,-0.929631,-0.054323,-1.057294,-1.190291,-0.473549,-0.564314,-0.214591,0.400722,0.725468,-0.221755,-0.090569,0.556598
778,1.556000,1.175736,2370.003,2838.942,-36.801376,8.583280,5.277756,0.067067,-1.111303,-0.364024,-0.587579,-1.074581,-0.836163,0.037527,-1.127069,-1.205499,-0.516887,-0.671169,-0.416358,0.393842,0.664974,-0.330550,-0.330562,0.311913
779,1.558000,1.174415,2350.014,2878.082,-36.864410,8.554886,5.550629,0.325967,-0.854945,-0.042801,-0.258676,-1.034830,-0.694538,0.167973,-1.120292,-1.141873,-0.513228,-0.720107,-0.565931,0.373185,0.572682,-0.362379,-0.565078,0.059037
780,1.560000,1.205932,2293.087,2873.422,-36.927723,8.543429,5.836295,0.569962,-0.651737,0.179861,0.002333,-1.002446,-0.561344,0.282970,-1.033279,-0.991771,-0.444471,-0.718290,-0.675591,0.295650,0.397586,-0.372312,-0.807245,-0.202055
781,1.562000,1.262342,2215.862,2828.114,-36.950417,8.570995,6.094286,0.767369,-0.530282,0.274743,0.157524,-0.969601,-0.460149,0.351361,-0.871198,-0.758963,-0.309621,-0.675093,-0.742130,0.156345,0.129449,-0.392352,-1.044497,-0.476347
782,1.564000,1.332522,2136.449,2755.112,-36.931664,8.623713,6.297449,0.909873,-0.483609,0.263041,0.229613,-0.897358,-0.391934,0.361267,-0.671665,-0.498491,-0.149381,-0.620326,-0.763288,-0.010094,-0.181308,-0.409971,-1.240523,-0.764066
783,1.566000,1.405117,2067.530,2671.520,-36.886852,8.691698,6.452389,1.004549,-0.495633,0.174742,0.259333,-0.760313,-0.342164,0.353927,-0.436365,-0.246160,0.018115,-0.568802,-0.736226,-0.154839,-0.463563,-0.400813,-1.364735,-1.045168
784,1.568000,1.469972,2015.331,2593.519,-36.837452,8.775097,6.586927,1.068786,-0.540851,0.045536,0.293661,-0.555303,-0.295204,0.393060,-0.137228,-0.007916,0.195531,-0.526955,-0.662185,-0.236179,-0.657800,-0.345675,-1.404863,-1.289803
785,1.570000,1.519335,1981.031,2532.888,-36.815224,8.863571,6.721883,1.116541,-0.594448,-0.095022,0.363513,-0.302273,-0.250089,0.511537,0.233745,0.218512,0.382006,-0.502460,-0.552887,-0.238638,-0.740077,-0.246798,-1.370365,-1.484215
786,1.572000,1.549205,1962.394,2494.815,-36.855865,8.927500,6.853991,1.152427,-0.642249,-0.240063,0.453814,-0.046097,-0.222553,0.688131,0.638996,0.435247,0.570347,-0.499979,-0.431166,-0.174688,-0.719854,-0.132291,-1.285313,-1.633283
787,1.574000,1.558975,1955.671,2478.972,-36.971474,8.940426,6.962527,1.180264,-0.668621,-0.389768,0.516994,0.166560,-0.217281,0.872162,1.012723,0.648912,0.761928,-0.511209,-0.320815,-0.061795,-0.609325,-0.039604,-1.177966,-1.738881
788,1.576000,1.550016,1957.381,2482.169,-37.131912,8.909995,7.031280,1.213026,-0.646489,-0.538781,0.498393,0.299787,-0.225071,1.004111,1.275103,0.851766,0.958584,-0.528238,-0.244584,0.092837,-0.401899,0.019771,-1.061536,-1.779902
789,1.578000,1.525298,1964.851,2499.446,-37.272285,8.896733,7.077704,1.275175,-0.547676,-0.671029,0.371396,0.329031,-0.257029,1.017865,1.344769,0.994743,1.127125,-0.563554,-0.216406,0.282322,-0.104624,0.071576,-0.918842,-1.718021
790,1.580000,1.490336,1975.427,2523.403,-37.322334,8.980857,7.138836,1.381303,-0.372769,-0.766210,0.154531,0.246670,-0.347878,0.857920,1.170204,1.010189,1.206243,-0.625018,-0.214370,0.497332,0.235961,0.153838,-0.710481,-1.513921
791,1.582000,1.452909,1986.509,2544.815,-37.305305,9.103854,7.140267,1.467972,-0.174987,-0.805924,-0.085694,0.116031,-0.443462,0.591111,0.838997,0.940352,1.210492,-0.662170,-0.198481,0.697867,0.520054,0.232037,-0.481560,-1.219498
792,1.584000,1.421709,1996.001,2554.246,-37.233860,9.215889,7.029143,1.502096,0.009535,-0.788222,-0.311155,-0.015091,-0.499691,0.267210,0.424704,0.831568,1.156417,-0.648871,-0.170387,0.843678,0.701851,0.284011,-0.277818,-0.862645
793,1.586000,1.404385,2002.677,2544.553,-37.116344,9.306353,6.814157,1.494145,0.168813,-0.734339,-0.527168,-0.128305,-0.501186,-0.094042,-0.034910,0.710293,1.041965,-0.616062,-0.183801,0.907226,0.792358,0.295252,-0.140971,-0.462100
794,1.588000,1.404395,2008.022,2515.126,-36.984123,9.370428,6.523645,1.446841,0.283012,-0.687459,-0.767600,-0.221333,-0.437124,-0.462399,-0.500913,0.600540,0.881288,-0.595560,-0.281097,0.899333,0.835545,0.257050,-0.091556,-0.042202
795,1.590000,1.421057,2016.290,2472.214,-36.855965,9.417879,6.193322,1.360671,0.337731,-0.692523,-1.071448,-0.294358,-0.290324,-0.797152,-0.935659,0.519659,0.710878,-0.604263,-0.488972,0.841317,0.873958,0.165630,-0.128019,0.372952
796,1.592000,1.452318,2032.468,2424.825,-36.735115,9.458620,5.861524,1.242483,0.320497,-0.783186,-1.443999,-0.339492,-0.054031,-1.060258,-1.304101,0.467423,0.556800,-0.652727,-0.812048,0.746356,0.932972,0.038124,-0.223572,0.755085
797,1.594000,1.496618,2059.714,2380.578,-36.608315,9.513304,5.592181,1.132768,0.241538,-0.945513,-1.805154,-0.318426,0.272693,-1.209329,-1.571973,0.425044,0.418198,-0.739618,-1.209933,0.631580,1.028181,-0.074663,-0.331693,1.060324
798,1.596000,1.552162,2098.431,2344.149,-36.436352,9.614994,5.451119,1.122066,0.191462,-1.097579,-2.036020,-0.179941,0.709621,-1.205437,-1.736609,0.386579,0.327404,-0.840360,-1.632827,0.521554,1.185123,-0.118627,-0.431246,1.251096
799,1.598000,1.617000,2144.556,2315.784,-36.216751,9.737862,5.417877,1.244759,0.238493,-1.192705,-2.114093,0.047812,1.231561,-1.066789,-1.854641,0.349413,0.337328,-0.935112,-2.069706,0.415285,1.412767,-0.069878,-0.534862,1.327319
800,1.600000,1.687840,2191.237,2292.891,-35.987793,9.828384,5.425495,1.451380,0.361230,-1.248483,-2.107793,0.272337,1.754933,-0.847999,-1.976306,0.302923,0.461190,-1.022052,-2.520120,0.280999,1.670833,0.060890,-0.666119,1.290777
801,1.602000,1.759606,2231.690,2272.633,-35.741753,9.900803,5.431579,1.687403,0.550016,-1.271119,-2.115751,0.406875,2.216215,-0.582182,-2.115332,0.233718,0.707916,-1.068432,-2.963245,0.088991,1.922402,0.262647,-0.865107,1.096992
802,1.604000,1.826290,2261.246,2253.380,-35.446472,10.016493,5.437071,1.915170,0.799653,-1.262981,-2.224955,0.383441,2.554169,-0.297908,-2.252546,0.142234,1.077552,-1.021022,-3.332367,-0.141584,2.143939,0.510882,-1.148401,0.717679
803,1.606000,1.881524,2278.940,2235.104,-35.124481,10.188618,5.436540,2.096859,1.096241,-1.206228,-2.435689,0.213128,2.755267,-0.001195,-2.360713,0.022043,1.509921,-0.880880,-3.585925,-0.391672,2.298862,0.761994,-1.478740,0.205075
804,1.608000,1.919532,2287.093,2218.943,-34.837723,10.380390,5.399354,2.184404,1.412716,-1.075363,-2.685718,-0.035985,2.854024,0.315632,-2.425345,-0.134045,1.917224,-0.685087,-3.720525,-0.654612,2.355290,0.970104,-1.789744,-0.329058
805,1.610000,1.935959,2289.991,2206.766,-34.612854,10.568727,5.295437,2.134552,1.705464,-0.870525,-2.938513,-0.326138,2.880903,0.639477,-2.462504,-0.330134,2.249549,-0.419423,-3.715193,-0.915772,2.305332,1.112430,-2.020583,-0.806381
806,1.612000,1.928759,2291.872,2200.714,-34.462585,10.729727,5.123957,1.947824,1.925157,-0.614244,-3.166072,-0.625580,2.863743,0.936577,-2.489797,-0.549953,2.478394,-0.072228,-3.560940,-1.152422,2.159490,1.173170,-2.141427,-1.189472
807,1.614000,1.898344,2295.786,2203.168,-34.399284,10.829741,4.909484,1.673267,2.048465,-0.333874,-3.345548,-0.908286,2.835123,1.187912,-2.501499,-0.767366,2.579201,0.342306,-3.270977,-1.346809,1.943475,1.164895,-2.142236,-1.481380
808,1.616000,1.848083,2302.435,2215.932,-34.423328,10.848469,4.695719,1.379420,2.074558,-0.055555,-3.446742,-1.141658,2.826849,1.392902,-2.479339,-0.955525,2.549408,0.799017,-2.868704,-1.486833,1.698946,1.139342,-2.021509,-1.697242
809,1.618000,1.784723,2309.421,2238.750,-34.513386,10.796988,4.531424,1.120716,2.007869,0.193595,-3.438882,-1.295209,2.849189,1.552528,-2.411720,-1.100934,2.401394,1.261147,-2.381151,-1.568039,1.462736,1.161916,-1.782954,-1.837856
810,1.620000,1.718473,2310.725,2267.761,-34.631123,10.713707,4.450271,0.915162,1.848627,0.391252,-3.309324,-1.361135,2.886224,1.664626,-2.299566,-1.207093,2.148449,1.681185,-1.839808,-1.599795,1.245177,1.275591,-1.435885,-1.889367
811,1.622000,1.661036,2298.405,2295.871,-34.742531,10.638288,4.459532,0.747374,1.598517,0.531702,-3.072976,-1.365963,2.895836,1.718408,-2.155902,-1.282985,1.802316,2.006397,-1.283673,-1.598215,1.035267,1.469731,-1.012604,-1.839765
812,1.624000,1.621927,2266.648,2315.328,-34.818855,10.590628,4.530242,0.595506,1.289514,0.628751,-2.774459,-1.348099,2.829633,1.687746,-2.009138,-1.319871,1.398823,2.193703,-0.746170,-1.548286,0.835019,1.674103,-0.580048,-1.683081
813,1.626000,1.604537,2216.383,2321.595,-34.842411,10.569580,4.622633,0.449083,0.968721,0.704561,-2.459516,-1.327810,2.652678,1.558814,-1.874278,-1.288049,1.002011,2.229623,-0.245143,-1.409742,0.667999,1.804953,-0.209957,-1.426629
814,1.628000,1.604766,2155.999,2316.307,-34.838985,10.558540,4.740966,0.309488,0.646947,0.783321,-2.129947,-1.312537,2.332389,1.358029,-1.727015,-1.182626,0.655287,2.144355,0.222857,-1.180407,0.542930,1.831336,0.065240,-1.116616
815,1.630000,1.613275,2097.223,2306.543,-34.844456,10.542181,4.902874,0.197293,0.339619,0.876296,-1.779562,-1.289575,1.880523,1.117583,-1.555174,-1.017291,0.378899,1.959049,0.639027,-0.891853,0.453512,1.742277,0.235077,-0.793058
816,1.632000,1.619370,2050.101,2301.219,-34.879990,10.521081,5.115521,0.138790,0.074411,0.979527,-1.411721,-1.238940,1.345982,0.854385,-1.360524,-0.806034,0.168360,1.674795,0.969053,-0.586855,0.384702,1.533102,0.298497,-0.479488
817,1.634000,1.613378,2021.415,2308.148,-34.957420,10.483106,5.337631,0.140245,-0.126002,1.065637,-1.060046,-1.154971,0.794553,0.571327,-1.165926,-0.568976,0.023137,1.309994,1.184041,-0.297623,0.347585,1.231388,0.260758,-0.195676
818,1.636000,1.589493,2014.022,2331.369,-35.079918,10.403265,5.497549,0.184470,-0.264983,1.090603,-0.769040,-1.034150,0.293871,0.275091,-0.997828,-0.333926,-0.051559,0.909932,1.284742,-0.025833,0.375152,0.890233,0.146191,0.036055
819,1.638000,1.547638,2027.145,2369.888,-35.243370,10.271584,5.555622,0.249565,-0.368395,1.029468,-0.548491,-0.866156,-0.108431,-0.013162,-0.860305,-0.136660,-0.072529,0.528592,1.307655,0.245160,0.482219,0.564655,-0.002042,0.180597
820,1.640000,1.492634,2057.965,2418.709,-35.427769,10.097372,5.499861,0.315174,-0.439117,0.901314,-0.391594,-0.655489,-0.381849,-0.257420,-0.751097,-0.018135,-0.063642,0.230407,1.301143,0.518160,0.651712,0.311726,-0.129659,0.195395
821,1.642000,1.434250,2100.728,2468.825,-35.590626,9.898207,5.317451,0.364273,-0.434711,0.747814,-0.315952,-0.432621,-0.506232,-0.420650,-0.675301,-0.002080,-0.024783,0.091475,1.295085,0.762915,0.847597,0.199945,-0.184821,0.048597
822,1.644000,1.385495,2146.992,2508.959,-35.707615,9.697771,5.057768,0.399016,-0.371490,0.544821,-0.319230,-0.192930,-0.513860,-0.518238,-0.590528,-0.022102,0.032257,0.112147,1.302257,0.978552,1.018921,0.232935,-0.140330,-0.201905
823,1.646000,1.357983,2188.109,2530.381,-35.753220,9.532682,4.792676,0.421901,-0.307792,0.223279,-0.401709,0.080306,-0.444498,-0.564851,-0.435447,0.011494,0.086891,0.249068,1.316122,1.157754,1.118928,0.384276,0.013820,-0.453875
824,1.648000,1.357904,2217.617,2530.868,-35.718193,9.423941,4.571458,0.434710,-0.275009,-0.240278,-0.563236,0.376533,-0.329473,-0.560532,-0.198733,0.125513,0.124490,0.470586,1.338200,1.292221,1.142439,0.617370,0.251213,-0.643884
825,1.650000,1.383853,2233.890,2515.898,-35.616081,9.356149,4.409825,0.450733,-0.267188,-0.806043,-0.782604,0.663851,-0.214243,-0.512652,0.088790,0.282968,0.130102,0.764518,1.389693,1.381680,1.118787,0.867104,0.495228,-0.756443
826,1.652000,1.428151,2240.274,2495.570,-35.444908,9.305349,4.296361,0.500181,-0.255438,-1.409387,-1.023135,0.904250,-0.157653,-0.425107,0.403764,0.410137,0.070575,1.116178,1.480217,1.405507,1.073977,1.053993,0.659521,-0.777894
827,1.654000,1.480344,2242.900,2479.976,-35.191746,9.274624,4.236870,0.633379,-0.203219,-1.987651,-1.240104,1.070025,-0.216811,-0.320303,0.714195,0.417210,-0.100675,1.472710,1.569644,1.324182,1.016871,1.123834,0.701954,-0.685119
828,1.656000,1.530016,2249.547,2476.665,-34.874214,9.279676,4.255965,0.880312,-0.101909,-2.495185,-1.397920,1.158186,-0.412995,-0.246609,0.961937,0.246839,-0.399116,1.753372,1.585415,1.108500,0.934222,1.062351,0.629581,-0.496413
829,1.658000,1.569082,2267.616,2489.833,-34.553925,9.282513,4.315425,1.198522,0.006342,-2.909089,-1.471032,1.188310,-0.716341,-0.204674,1.138831,-0.063556,-0.753469,1.936530,1.508824,0.794714,0.819084,0.884939,0.472009,-0.282538
830,1.660000,1.593072,2301.966,2520.352,-34.274719,9.225004,4.331142,1.513235,0.063347,-3.218086,-1.440999,1.174558,-1.089193,-0.156549,1.265364,-0.444822,-1.065647,2.046387,1.365601,0.462297,0.682362,0.629984,0.275256,-0.108646
831,1.662000,1.600728,2354.090,2566.388,-34.035759,9.090351,4.250245,1.776564,0.047915,-3.399138,-1.301203,1.126019,-1.485008,-0.069505,1.341766,-0.843069,-1.273093,2.108685,1.189759,0.175978,0.540476,0.353585,0.081932,-0.007402
832,1.664000,1.592929,2422.519,2624.173,-33.818855,8.904319,4.076385,1.985444,-0.006441,-3.418514,-1.056068,1.070258,-1.821601,0.087123,1.363963,-1.199620,-1.331489,2.167236,1.030309,-0.017004,0.427418,0.123316,-0.075840,0.026996
833,1.666000,1.572460,2502.606,2688.105,-33.613579,8.709044,3.843865,2.153455,-0.042707,-3.263352,-0.729490,1.033019,-2.032259,0.313128,1.336378,-1.454364,-1.224496,2.254996,0.922142,-0.090471,0.383631,-0.010488,-0.180622,0.018603
834,1.668000,1.543449,2586.977,2751.398,-33.435593,8.517680,3.563181,2.265243,-0.043145,-2.995405,-0.390255,1.003258,-2.122560,0.535104,1.249769,-1.575342,-0.996791,2.341771,0.859583,-0.059842,0.397799,-0.051981,-0.226549,-0.022495
835,1.670000,1.510662,2666.247,2807.152,-33.286797,8.341900,3.237546,2.309632,-0.011047,-2.719131,-0.112573,0.969177,-2.119165,0.666473,1.112197,-1.528504,-0.709863,2.362941,0.837685,0.057151,0.426790,-0.016984,-0.162601,-0.062746
836,1.672000,1.478519,2731.581,2849.620,-33.159206,8.204969,2.887933,2.275897,0.023580,-2.521900,0.061456,0.913578,-2.034383,0.680866,0.953193,-1.299557,-0.414495,2.259868,0.843280,0.232775,0.435321,0.083891,0.065216,-0.045570
837,1.674000,1.451081,2776.372,2874.683,-33.067467,8.126032,2.566871,2.160368,0.021819,-2.415659,0.147821,0.806955,-1.874111,0.615812,0.798052,-0.928141,-0.148604,2.018241,0.846360,0.410316,0.411052,0.230292,0.437457,0.055591
838,1.676000,1.431840,2797.299,2880.495,-33.033356,8.112361,2.336613,2.004124,-0.008852,-2.344785,0.201947,0.647500,-1.653074,0.504038,0.649737,-0.484631,0.045735,1.668043,0.837604,0.533123,0.341725,0.375907,0.865111,0.196921
839,1.678000,1.422607,2795.612,2868.609,-33.067841,8.159238,2.234976,1.861634,-0.042607,-2.261504,0.258480,0.458168,-1.402793,0.352134,0.498977,-0.039300,0.120907,1.258648,0.832249,0.569878,0.223846,0.477629,1.253345,0.312389
840,1.680000,1.423827,2775.468,2842.911,-33.170250,8.256166,2.265865,1.752071,-0.081995,-2.168130,0.308188,0.267150,-1.164890,0.160104,0.335256,0.347157,0.043004,0.835815,0.849466,0.517412,0.072894,0.518232,1.540822,0.364185
841,1.682000,1.435979,2740.601,2807.311,-33.321663,8.407829,2.435059,1.682143,-0.131478,-2.070787,0.338743,0.116585,-0.960833,-0.053611,0.158356,0.632381,-0.191338,0.426357,0.895762,0.386028,-0.094710,0.490374,1.688984,0.337576
842,1.684000,1.459957,2692.988,2764.402,-33.504005,8.606965,2.734857,1.646145,-0.195420,-1.965511,0.342534,0.040436,-0.793489,-0.258341,-0.017183,0.801583,-0.545121,0.051704,0.973637,0.196598,-0.265039,0.399836,1.690947,0.251466
843,1.686000,1.496026,2633.606,2715.752,-33.689354,8.845934,3.139194,1.636443,-0.268594,-1.845639,0.316080,0.048071,-0.662238,-0.433302,-0.168590,0.862629,-0.958776,-0.263434,1.090731,-0.018257,-0.425109,0.269697,1.571653,0.145846
844,1.688000,1.542499,2564.482,2662.694,-33.835014,9.133627,3.611053,1.658397,-0.312088,-1.688493,0.275598,0.135212,-0.557092,-0.567489,-0.264711,0.852157,-1.363352,-0.498786,1.251125,-0.226648,-0.573596,0.119784,1.357445,0.032417
845,1.690000,1.595257,2489.992,2607.115,-33.926414,9.442137,4.061491,1.689127,-0.291962,-1.484109,0.234234,0.273217,-0.471452,-0.664841,-0.286744,0.821162,-1.690358,-0.650632,1.448431,-0.390745,-0.696143,-0.016082,1.095797,-0.084609
846,1.692000,1.648080,2416.709,2552.227,-33.963257,9.731499,4.397610,1.702339,-0.182844,-1.227234,0.217605,0.429229,-0.395441,-0.718742,-0.229145,0.817117,-1.873622,-0.738794,1.645912,-0.476362,-0.762753,-0.104196,0.848288,-0.198891
847,1.694000,1.693874,2351.887,2502.443,-33.950348,9.978153,4.574203,1.690238,0.022761,-0.930346,0.250571,0.580489,-0.327715,-0.724838,-0.100223,0.860803,-1.882500,-0.795535,1.791169,-0.480182,-0.757560,-0.132944,0.663577,-0.304142
848,1.696000,1.726041,2302.288,2462.617,-33.918350,10.158468,4.584843,1.643078,0.298116,-0.641786,0.313302,0.715509,-0.278680,-0.712949,0.076025,0.946806,-1.748418,-0.845561,1.855257,-0.438429,-0.701584,-0.119563,0.558014,-0.396810
849,1.698000,1.740033,2273.232,2436.926,-33.893463,10.261653,4.457335,1.565414,0.596961,-0.419421,0.351535,0.828489,-0.257878,-0.727227,0.276571,1.069574,-1.527033,-0.895309,1.839404,-0.391387,-0.635934,-0.101480,0.524389,-0.472682
850,1.700000,1.734535,2267.769,2427.843,-33.872200,10.296565,4.244282,1.485663,0.858034,-0.298575,0.319288,0.903615,-0.269340,-0.797945,0.484724,1.228603,-1.261458,-0.934727,1.758765,-0.357897,-0.589164,-0.113098,0.548133,-0.529791
851,1.702000,1.711654,2286.827,2435.686,-33.842186,10.267565,4.001235,1.440636,1.016330,-0.274150,0.203771,0.913951,-0.309447,-0.945456,0.678488,1.413903,-0.998097,-0.951387,1.636143,-0.343222,-0.557809,-0.157356,0.611445,-0.575974
852,1.704000,1.676634,2328.844,2458.553,-33.813709,10.158289,3.765357,1.450257,1.036193,-0.308267,0.023187,0.846497,-0.361003,-1.175297,0.827711,1.602257,-0.788825,-0.950085,1.496588,-0.340946,-0.518831,-0.208408,0.697513,-0.619684
853,1.706000,1.636692,2389.720,2492.782,-33.817379,9.952290,3.544999,1.492492,0.926637,-0.370502,-0.200412,0.718502,-0.407642,-1.461091,0.916937,1.766502,-0.668506,-0.957067,1.352588,-0.334162,-0.461537,-0.238717,0.793090,-0.660561
854,1.708000,1.600526,2462.466,2533.051,-33.849728,9.659288,3.312644,1.520536,0.745613,-0.452168,-0.479784,0.546656,-0.433502,-1.752483,0.940686,1.882899,-0.636871,-0.990955,1.193089,-0.300703,-0.377579,-0.230266,0.886920,-0.684205
855,1.710000,1.579888,2544.181,2572.198,-33.754539,9.318594,2.897029,1.476568,0.656860,-0.524079,-0.892837,0.312186,-0.382743,-1.986164,0.860591,1.924309,-0.642879,-1.036666,0.959323,-0.243682,-0.243808,-0.185716,0.956664,-0.663263
856,1.712000,1.595142,2645.212,2595.282,-33.135723,9.025775,1.924652,1.268822,0.875700,-0.506519,-1.439875,-0.025935,-0.283123,-2.107903,0.671368,1.825497,-0.637194,-1.004385,0.612908,-0.186816,-0.028383,-0.177813,0.928499,-0.489978
857,1.714000,1.673135,2780.540,2577.208,-31.756882,8.876341,0.306448,0.909231,1.333508,-0.417225,-1.846769,-0.396760,-0.336168,-2.129596,0.477897,1.500469,-0.656938,-0.747519,0.274931,-0.134153,0.201680,-0.329125,0.816810,-0.025829
858,1.716000,1.827194,2943.715,2500.844,-29.876230,8.906721,-1.508255,0.560509,1.779631,-0.395885,-1.959503,-0.648358,-0.537833,-2.123434,0.293234,1.008459,-0.687378,-0.253788,0.092507,-0.037791,0.392158,-0.600340,0.691510,0.548917
859,1.718000,2.041564,3103.050,2377.003,-27.860012,9.108622,-3.142561,0.254305,2.088845,-0.462838,-1.854375,-0.743938,-0.771394,-2.155192,0.100115,0.526878,-0.668017,0.357790,0.109508,0.146242,0.552780,-0.893546,0.553525,0.997730
860,1.720000,2.281525,3228.287,2236.280,-25.975895,9.393557,-4.500944,-0.047195,2.266728,-0.556508,-1.635196,-0.725661,-0.995620,-2.226529,-0.071552,0.156721,-0.580321,0.959210,0.241147,0.370228,0.694540,-1.140061,0.421870,1.273775
861,1.722000,2.513775,3308.892,2104.929,-24.357376,9.695423,-5.587264,-0.365260,2.346136,-0.626415,-1.369204,-0.623563,-1.199589,-2.302742,-0.195773,-0.094657,-0.441800,1.471022,0.397175,0.580476,0.822994,-1.319196,0.298008,1.409578
862,1.724000,2.715849,3348.608,1995.084,-23.048445,9.998138,-6.406106,-0.692685,2.356007,-0.649434,-1.095180,-0.447066,-1.369784,-2.345632,-0.264640,-0.257597,-0.279481,1.862433,0.534110,0.754182,0.935723,-1.443028,0.159299,1.439100
863,1.726000,2.875406,3354.819,1908.866,-22.064827,10.299867,-6.962018,-1.012108,2.324502,-0.613681,-0.825006,-0.197316,-1.489971,-2.326373,-0.272917,-0.350981,-0.100026,2.144666,0.647061,0.894423,1.033192,-1.520824,-0.001808,1.398387
864,1.728000,2.986661,3333.629,1844.185,-21.414713,10.601304,-7.260831,-1.309984,2.273671,-0.519933,-0.563484,0.112821,-1.556987,-2.236892,-0.222865,-0.381869,0.100684,2.343723,0.740149,1.004274,1.106844,-1.568741,-0.188648,1.312455
865,1.730000,3.047391,3289.190,1797.970,-21.096664,10.912466,-7.302189,-1.579411,2.214958,-0.384254,-0.320773,0.452002,-1.585679,-2.092217,-0.134426,-0.364408,0.310147,2.463880,0.791931,1.056651,1.120335,-1.629174,-0.422504,1.180561
866,1.732000,3.057326,3223.972,1767.552,-21.106152,11.244041,-7.081521,-1.819077,2.153082,-0.226938,-0.103548,0.786374,-1.590453,-1.913318,-0.033965,-0.317412,0.504185,2.493323,0.770613,1.016457,1.038145,-1.743918,-0.722765,0.994427
867,1.734000,3.017485,3139.334,1751.230,-21.462740,11.565928,-6.619417,-2.048877,2.076454,-0.064910,0.092003,1.094223,-1.567846,-1.709819,0.065205,-0.243786,0.677749,2.442611,0.681599,0.894244,0.878882,-1.905029,-1.069071,0.766184
868,1.736000,2.930137,3036.300,1748.643,-22.195087,11.815994,-5.951013,-2.295941,1.954969,0.092343,0.272805,1.358321,-1.500098,-1.484060,0.158880,-0.131239,0.843677,2.342973,0.562128,0.736916,0.700669,-2.068696,-1.414675,0.521874
869,1.738000,2.799130,2916.933,1761.278,-23.293362,11.950868,-5.083656,-2.554324,1.753920,0.251673,0.443283,1.551672,-1.367439,-1.246707,0.229198,0.026807,1.001112,2.207822,0.436019,0.574318,0.545056,-2.204226,-1.729424,0.276452
870,1.740000,2.630444,2786.154,1793.227,-24.704548,11.948951,-4.006796,-2.785893,1.432744,0.423750,0.598707,1.632397,-1.153318,-1.012191,0.244953,0.233313,1.139986,2.032471,0.316332,0.419996,0.437205,-2.288387,-1.991929,0.043425
871,1.742000,2.432874,2653.516,1851.806,-26.338913,11.811495,-2.715466,-2.933013,0.967414,0.605237,0.722437,1.557863,-0.857063,-0.793180,0.169018,0.478193,1.247608,1.797050,0.209784,0.283212,0.389440,-2.293815,-2.170911,-0.157026
872,1.744000,2.218530,2533.545,1946.327,-28.070210,11.563770,-1.246012,-2.933072,0.397930,0.759730,0.780957,1.323810,-0.504572,-0.604009,-0.014820,0.730683,1.299240,1.473163,0.118198,0.166568,0.384037,-2.193564,-2.223253,-0.314716
873,1.746000,2.002909,2441.721,2082.206,-29.731560,11.229457,0.270228,-2.724210,-0.149451,0.801667,0.725380,0.997018,-0.151766,-0.474763,-0.259822,0.957100,1.235725,1.054639,0.062984,0.054061,0.363755,-1.969005,-2.111996,-0.449527
874,1.748000,1.805141,2384.932,2250.676,-31.166122,10.817836,1.667941,-2.270076,-0.571587,0.636483,0.548604,0.635823,0.096260,-0.393353,-0.462013,1.090902,1.000321,0.607350,0.051441,-0.080853,0.314330,-1.636051,-1.873328,-0.575349
875,1.750000,1.647268,2354.901,2423.012,-32.295212,10.368595,2.888247,-1.599941,-0.885192,0.257321,0.315115,0.209950,0.130343,-0.286400,-0.558508,1.041514,0.601096,0.204619,0.025144,-0.211609,0.299007,-1.288929,-1.601073,-0.641678
876,1.752000,1.550582,2333.503,2558.279,-33.115173,9.951615,3.918458,-0.837394,-1.127241,-0.265088,0.031195,-0.269638,0.004669,-0.176481,-0.609216,0.844122,0.093872,-0.149931,-0.022837,-0.314416,0.293314,-0.968564,-1.311589,-0.686996
877,1.754000,1.524688,2306.106,2626.417,-33.615189,9.630676,4.683208,-0.165210,-1.307893,-0.808362,-0.288860,-0.727942,-0.161550,-0.149475,-0.712515,0.593379,-0.414865,-0.447288,-0.102153,-0.435151,0.260379,-0.621260,-0.990141,-0.809375
878,1.756000,1.557240,2269.317,2629.880,-33.758476,9.436644,5.075458,0.281835,-1.399051,-1.235429,-0.587997,-1.121033,-0.312208,-0.234152,-0.908428,0.347666,-0.798335,-0.659853,-0.250892,-0.603036,0.203546,-0.240630,-0.623551,-1.005083
879,1.758000,1.621937,2228.285,2595.100,-33.592484,9.358049,5.124453,0.526719,-1.342066,-1.474015,-0.844485,-1.425533,-0.393170,-0.377870,-1.165130,0.129605,-0.994048,-0.767744,-0.437121,-0.770133,0.136008,0.105434,-0.238921,-1.185944
880,1.760000,1.693064,2190.881,2550.726,-33.235630,9.376751,5.009383,0.690903,-1.110385,-1.500700,-1.010914,-1.605553,-0.379499,-0.494730,-1.373815,-0.033134,-1.010137,-0.777162,-0.592959,-0.869779,0.086695,0.379810,0.128524,-1.303342
881,1.762000,1.753300,2163.643,2515.625,-32.812141,9.453480,4.879957,0.852151,-0.731577,-1.339478,-1.058522,-1.646206,-0.295867,-0.544466,-1.452115,-0.116650,-0.877729,-0.725937,-0.702167,-0.890065,0.089304,0.607979,0.465528,-1.359212
882,1.764000,1.793220,2150.657,2498.835,-32.429249,9.517363,4.760607,0.979644,-0.302327,-1.076645,-1.026115,-1.583035,-0.201369,-0.546152,-1.410628,-0.154728,-0.670150,-0.671478,-0.782529,-0.859976,0.146654,0.806537,0.754455,-1.363505
883,1.766000,1.808687,2152.666,2502.931,-32.160980,9.525648,4.649009,1.039247,0.087387,-0.786575,-0.953257,-1.457430,-0.137904,-0.522194,-1.291280,-0.187964,-0.461560,-0.644607,-0.841281,-0.819798,0.236338,0.978043,0.977421,-1.322521
884,1.768000,1.800165,2167.263,2525.499,-32.034843,9.486649,4.560706,1.033787,0.380745,-0.518920,-0.862369,-1.295573,-0.106482,-0.479887,-1.138213,-0.234278,-0.297088,-0.640333,-0.867098,-0.801888,0.329883,1.114282,1.119314,-1.232086
885,1.770000,1.771826,2190.196,2560.696,-32.041389,9.438418,4.516533,0.975014,0.537688,-0.324227,-0.782052,-1.131827,-0.101669,-0.427507,-0.993906,-0.300780,-0.199766,-0.642555,-0.851007,-0.829701,0.394431,1.193892,1.170489,-1.082429
886,1.772000,1.730747,2215.823,2600.161,-32.154869,9.420303,4.527772,0.871834,0.546253,-0.244347,-0.745839,-1.003327,-0.122230,-0.368098,-0.881553,-0.388783,-0.173877,-0.640159,-0.797390,-0.908381,0.401130,1.194567,1.135858,-0.873035
887,1.774000,1.686401,2236.938,2633.429,-32.361603,9.431463,4.576208,0.732978,0.436422,-0.282079,-0.764451,-0.920363,-0.151647,-0.290997,-0.801423,-0.494780,-0.211341,-0.625065,-0.711808,-1.009481,0.349822,1.118394,1.044483,-0.617373
888,1.776000,1.648809,2246.214,2649.877,-32.643356,9.446115,4.627189,0.578237,0.266911,-0.405840,-0.827941,-0.869924,-0.158029,-0.186932,-0.749285,-0.615309,-0.305327,-0.594176,-0.599042,-1.083483,0.263716,0.985586,0.938841,-0.333051
889,1.778000,1.625885,2238.849,2642.025,-32.952538,9.460158,4.669267,0.448039,0.098244,-0.577059,-0.927613,-0.838615,-0.118055,-0.064690,-0.723755,-0.744822,-0.451668,-0.549066,-0.464168,-1.082665,0.166990,0.817145,0.862224,-0.031835
890,1.780000,1.621130,2214.438,2608.653,-33.239632,9.485726,4.717166,0.385554,-0.033297,-0.766645,-1.058891,-0.819976,-0.034731,0.055950,-0.717516,-0.868807,-0.632049,-0.486267,-0.304562,-0.978433,0.071219,0.627700,0.843406,0.271001
891,1.782000,1.632748,2177.156,2556.071,-33.484222,9.521854,4.783304,0.409502,-0.120584,-0.958359,-1.217268,-0.809404,0.064110,0.160955,-0.716433,-0.968706,-0.807707,-0.402393,-0.114020,-0.775974,-0.027132,0.426762,0.879166,0.542012
892,1.784000,1.654856,2134.025,2495.881,-33.672958,9.570530,4.878559,0.523548,-0.155469,-1.125901,-1.382493,-0.791055,0.145728,0.252527,-0.703062,-1.032233,-0.934798,-0.304543,0.110444,-0.499909,-0.118456,0.245670,0.958669,0.755556
893,1.786000,1.679804,2092.802,2441.071,-33.790268,9.634068,5.004178,0.718386,-0.129276,-1.233783,-1.518303,-0.743536,0.191881,0.347431,-0.659942,-1.060835,-0.987171,-0.215652,0.356153,-0.180890,-0.173985,0.137965,1.078215,0.898009
894,1.788000,1.700251,2060.575,2402.898,-33.844856,9.686672,5.141194,0.962351,-0.061623,-1.272338,-1.604228,-0.665717,0.208635,0.465361,-0.577248,-1.070063,-0.968838,-0.168655,0.594964,0.147590,-0.178520,0.137015,1.227079,0.952769
895,1.790000,1.709992,2043.386,2389.748,-33.875725,9.676924,5.269518,1.222611,0.009823,-1.260695,-1.641290,-0.574422,0.226689,0.619140,-0.460157,-1.079698,-0.900692,-0.182403,0.809893,0.465585,-0.142692,0.238633,1.393197,0.917422
896,1.792000,1.704202,2046.469,2407.197,-33.930435,9.551672,5.374240,1.470312,0.050848,-1.228143,-1.639619,-0.493245,0.274975,0.803302,-0.327520,-1.097435,-0.799939,-0.249523,1.003456,0.771428,-0.086329,0.416988,1.567359,0.806218
897,1.794000,1.680282,2073.921,2457.446,-34.038155,9.288057,5.441085,1.665340,0.043605,-1.195661,-1.606462,-0.436285,0.360740,0.997777,-0.200009,-1.112435,-0.672010,-0.343040,1.179942,1.070750,-0.022910,0.640930,1.737991,0.636169
898,1.796000,1.638356,2127.720,2538.269,-34.201065,8.908371,5.455629,1.755491,-0.017867,-1.176947,-1.556448,-0.404871,0.472439,1.185587,-0.090537,-1.104036,-0.515313,-0.426334,1.336985,1.368425,0.036029,0.874016,1.892599,0.430604
899,1.798000,1.581490,2206.077,2642.185,-34.399582,8.468338,5.401318,1.689517,-0.143435,-1.182715,-1.512287,-0.395198,0.590291,1.358722,0.004940,-1.047396,-0.325033,-0.468472,1.462872,1.659640,0.082193,1.082931,2.024121,0.229993
900,1.800000,1.515701,2301.728,2757.039,-34.609451,8.032404,5.278657,1.460282,-0.333757,-1.215297,-1.494209,-0.404128,0.696913,1.507508,0.095854,-0.932377,-0.098899,-0.448255,1.545787,1.922144,0.115327,1.245239,2.126134,0.074230
901,1.802000,1.450219,2399.305,2866.469,-34.805084,7.675255,5.140682,1.145036,-0.546079,-1.251641,-1.502848,-0.420900,0.778855,1.607615,0.166464,-0.792215,0.136310,-0.368105,1.570267,2.105612,0.125098,1.334850,2.172848,-0.031633
902,1.804000,1.396912,2474.688,2951.547,-34.936707,7.507880,5.110635,0.902161,-0.677634,-1.226358,-1.500937,-0.418124,0.825864,1.623221,0.167210,-0.711357,0.291791,-0.289107,1.488126,2.111940,0.052393,1.295246,2.099206,-0.136821
903,1.806000,1.367558,2501.811,2995.202,-35.017288,7.540559,5.222665,0.794985,-0.699064,-1.124115,-1.469289,-0.370682,0.858122,1.573953,0.102731,-0.703705,0.344717,-0.211928,1.336689,1.931290,-0.091647,1.146265,1.903544,-0.244504
904,1.808000,1.369249,2467.006,2988.186,-35.108635,7.691938,5.415514,0.770898,-0.667707,-0.989056,-1.417640,-0.263017,0.921818,1.519660,0.014898,-0.715211,0.352184,-0.077754,1.214727,1.633141,-0.235407,0.956731,1.628430,-0.321112
905,1.810000,1.401374,2378.008,2932.827,-35.225056,7.925206,5.671791,0.807226,-0.607325,-0.847505,-1.345404,-0.085831,1.055295,1.499464,-0.074268,-0.704827,0.358384,0.130291,1.160460,1.254651,-0.341118,0.761675,1.295979,-0.357186
906,1.812000,1.455025,2259.854,2843.631,-35.367996,8.198363,5.966806,0.895863,-0.515189,-0.721833,-1.261269,0.135891,1.248946,1.514282,-0.145587,-0.650308,0.383289,0.393891,1.165722,0.817780,-0.384622,0.590623,0.938704,-0.345496
907,1.814000,1.517188,2140.322,2741.362,-35.528900,8.450511,6.227344,1.000139,-0.398409,-0.642270,-1.183366,0.344409,1.436241,1.530530,-0.178527,-0.557375,0.415873,0.672206,1.212770,0.366605,-0.346499,0.462759,0.598080,-0.286171
908,1.816000,1.575805,2038.738,2645.168,-35.667614,8.639225,6.371356,1.084447,-0.262099,-0.615188,-1.096223,0.507909,1.551686,1.530783,-0.140669,-0.440214,0.434949,0.908963,1.272811,-0.031049,-0.225828,0.362939,0.303200,-0.205674
909,1.818000,1.622825,1963.768,2567.526,-35.724243,8.766773,6.371722,1.151796,-0.102997,-0.613634,-0.957133,0.634020,1.566611,1.535628,-0.002380,-0.305229,0.432430,1.047287,1.291919,-0.316641,-0.046622,0.246659,0.061176,-0.153882
910,1.820000,1.654847,1916.493,2513.123,-35.674789,8.862658,6.271602,1.221797,0.079643,-0.590352,-0.747177,0.740062,1.492178,1.571796,0.229603,-0.153861,0.413556,1.062576,1.223710,-0.475253,0.146854,0.070830,-0.148923,-0.181036
911,1.822000,1.671919,1894.406,2480.810,-35.559769,8.939394,6.128373,1.279268,0.254267,-0.524747,-0.512480,0.815650,1.349898,1.639181,0.515932,0.016668,0.382587,0.976947,1.074284,-0.521808,0.320535,-0.160691,-0.344045,-0.293453
912,1.824000,1.676217,1893.684,2466.056,-35.447720,8.981615,5.972275,1.286412,0.362691,-0.439272,-0.328385,0.835862,1.161560,1.718854,0.804117,0.206808,0.342900,0.836158,0.882386,-0.477687,0.465395,-0.407439,-0.528943,-0.461658
913,1.826000,1.670382,1910.716,2463.984,-35.374168,8.989815,5.830251,1.238819,0.372558,-0.355436,-0.231319,0.797567,0.961134,1.790122,1.041558,0.411811,0.302078,0.675156,0.676772,-0.371934,0.574908,-0.640014,-0.720548,-0.665782
914,1.828000,1.656835,1942.320,2470.993,-35.334831,8.980078,5.716219,1.158630,0.291502,-0.276269,-0.214818,0.719075,0.792289,1.832334,1.182891,0.621007,0.273588,0.517079,0.482777,-0.224328,0.647963,-0.840981,-0.927738,-0.879934
915,1.830000,1.637552,1986.091,2485.235,-35.294617,8.976325,5.624491,1.072178,0.158879,-0.198785,-0.263285,0.620108,0.691094,1.821004,1.193274,0.814613,0.267814,0.377258,0.330767,-0.040716,0.694191,-0.995168,-1.133534,-1.064175
916,1.832000,1.614643,2040.361,2506.237,-35.213470,8.986286,5.529652,0.997819,0.029767,-0.127712,-0.369250,0.514987,0.672572,1.731822,1.060858,0.970835,0.276998,0.250383,0.244282,0.167720,0.712699,-1.098026,-1.308806,-1.188179
917,1.834000,1.590661,2103.633,2534.019,-35.073208,8.993812,5.408102,0.943327,-0.056638,-0.076059,-0.522359,0.412639,0.717895,1.546694,0.815903,1.083176,0.272936,0.108112,0.235656,0.378142,0.678950,-1.164814,-1.433674,-1.245014
918,1.836000,1.568232,2173.996,2568.020,-34.882523,8.974370,5.247251,0.900590,-0.095004,-0.055609,-0.710173,0.306617,0.784846,1.267863,0.516052,1.157661,0.227254,-0.076288,0.299433,0.562461,0.567819,-1.221301,-1.507503,-1.242598
919,1.838000,1.549607,2248.573,2606.470,-34.666054,8.911907,5.045526,0.853368,-0.099570,-0.064314,-0.917137,0.176968,0.835058,0.929267,0.216716,1.198543,0.130794,-0.305157,0.412088,0.697625,0.380403,-1.282994,-1.538860,-1.179520
920,1.840000,1.536391,2323.121,2646.326,-34.459755,8.798082,4.812757,0.796936,-0.085115,-0.105671,-1.130862,0.008840,0.842521,0.570588,-0.049769,1.205885,-0.010119,-0.565138,0.542314,0.780844,0.144361,-1.356966,-1.542769,-1.050434
921,1.842000,1.529633,2392.009,2683.005,-34.300304,8.633790,4.562794,0.749558,-0.042365,-0.185272,-1.339979,-0.184782,0.802571,0.219696,-0.275137,1.191414,-0.170948,-0.834800,0.664360,0.834380,-0.098622,-1.450549,-1.548030,-0.867317
922,1.844000,1.529975,2448.763,2711.061,-34.193382,8.460256,4.328379,0.757282,0.081102,-0.272625,-1.511811,-0.349859,0.747736,-0.096018,-0.452535,1.199958,-0.298740,-1.079716,0.774943,0.903403,-0.300279,-1.564651,-1.585308,-0.661046
923,1.846000,1.537600,2487.341,2725.898,-34.112839,8.357710,4.166787,0.874293,0.356856,-0.296457,-1.594821,-0.416948,0.739204,-0.330315,-0.560317,1.293027,-0.319830,-1.248134,0.888322,1.026780,-0.410964,-1.677630,-1.674590,-0.474099
924,1.848000,1.551208,2505.363,2725.902,-34.070534,8.341904,4.076901,1.073964,0.764766,-0.256325,-1.614811,-0.392942,0.789339,-0.467106,-0.610632,1.474170,-0.203195,-1.312012,0.995474,1.185430,-0.421367,-1.770955,-1.826778,-0.347684
925,1.850000,1.567649,2506.331,2713.552,-34.099823,8.362283,4.000124,1.273521,1.206321,-0.228000,-1.664021,-0.341287,0.865775,-0.529493,-0.645405,1.703121,0.041760,-1.280997,1.056948,1.310907,-0.377878,-1.860349,-2.043536,-0.300942
926,1.852000,1.582491,2499.532,2695.159,-34.202423,8.378958,3.909001,1.430853,1.604049,-0.248002,-1.774575,-0.282939,0.950977,-0.534228,-0.683311,1.949104,0.400143,-1.167936,1.058666,1.363790,-0.319495,-1.956805,-2.293902,-0.323852
927,1.854000,1.591528,2497.497,2679.192,-34.362675,8.354608,3.802950,1.540522,1.915187,-0.299060,-1.914238,-0.200816,1.035711,-0.505846,-0.742599,2.173038,0.829774,-0.994829,1.014023,1.354504,-0.245842,-2.047158,-2.521872,-0.396012
928,1.856000,1.592336,2512.190,2673.558,-34.537964,8.278220,3.698753,1.611091,2.117237,-0.360062,-2.056683,-0.084274,1.113642,-0.473210,-0.842997,2.335643,1.263472,-0.793129,0.937506,1.305605,-0.143739,-2.111255,-2.664193,-0.480319
929,1.858000,1.584667,2552.475,2683.189,-34.664619,8.177422,3.618265,1.660587,2.216368,-0.427643,-2.207006,0.056493,1.177470,-0.463927,-0.995165,2.405801,1.611279,-0.604836,0.842353,1.236344,-0.012142,-2.135215,-2.675127,-0.534458
930,1.860000,1.570249,2622.763,2708.445,-34.684517,8.087453,3.552768,1.702573,2.248433,-0.508472,-2.381952,0.197690,1.216711,-0.490479,-1.181273,2.374146,1.779620,-0.480420,0.755494,1.169292,0.115440,-2.122757,-2.537655,-0.531008
931,1.862000,1.552159,2721.717,2745.116,-34.567402,8.018642,3.452171,1.730109,2.264079,-0.591772,-2.582732,0.311589,1.227364,-0.532516,-1.344790,2.262131,1.711584,-0.455667,0.721110,1.130703,0.168744,-2.107343,-2.258612,-0.458243
932,1.864000,1.533539,2841.783,2786.278,-34.338631,7.949339,3.274592,1.724313,2.292197,-0.660346,-2.793108,0.376724,1.218075,-0.556640,-1.423461,2.109277,1.417066,-0.535014,0.768756,1.151538,0.105860,-2.128439,-1.873124,-0.323292
933,1.866000,1.516756,2969.566,2824.736,-34.074883,7.851697,3.035122,1.672603,2.316801,-0.716021,-2.983636,0.389549,1.200022,-0.554566,-1.390283,1.956222,0.976883,-0.685749,0.883499,1.249108,-0.041436,-2.192693,-1.440916,-0.154323
934,1.868000,1.503331,3087.260,2855.195,-33.848091,7.723806,2.786851,1.577464,2.304782,-0.776093,-3.129084,0.356064,1.178531,-0.540133,-1.251425,1.822663,0.488618,-0.854329,1.031828,1.414972,-0.215302,-2.279849,-1.017572,0.010867
935,1.870000,1.494440,3175.014,2875.210,-33.692795,7.590905,2.579907,1.449885,2.225281,-0.866373,-3.224687,0.286418,1.155290,-0.530216,-1.024060,1.716118,0.032379,-0.987301,1.196336,1.634041,-0.369908,-2.361078,-0.633717,0.138698
936,1.872000,1.491202,3214.875,2884.662,-33.602695,7.500456,2.455144,1.314969,2.073339,-0.992533,-3.266848,0.211346,1.145776,-0.517516,-0.717753,1.649108,-0.330251,-1.045740,1.377826,1.903549,-0.465299,-2.400829,-0.292264,0.222547
937,1.874000,1.494057,3196.411,2883.982,-33.549965,7.501077,2.442977,1.217698,1.891372,-1.115464,-3.232481,0.192065,1.187964,-0.469240,-0.339395,1.641743,-0.550227,-1.011429,1.575550,2.221028,-0.464441,-2.362682,0.022271,0.297696
938,1.876000,1.502879,3119.171,2872.092,-33.504913,7.619430,2.549480,1.199333,1.743743,-1.187106,-3.115668,0.270041,1.299381,-0.376543,0.060952,1.680088,-0.621738,-0.915217,1.739095,2.534059,-0.365759,-2.245691,0.295644,0.390144
939,1.878000,1.516946,2993.040,2846.557,-33.447525,7.849295,2.745141,1.266446,1.675639,-1.190178,-2.960752,0.419827,1.448688,-0.271471,0.380382,1.691849,-0.599612,-0.829355,1.771228,2.728995,-0.219824,-2.090837,0.466379,0.464026
940,1.880000,1.534921,2835.993,2805.873,-33.377541,8.144681,2.959630,1.380530,1.707124,-1.127218,-2.838192,0.573622,1.609923,-0.157933,0.540520,1.614006,-0.519501,-0.764697,1.631020,2.723614,-0.052809,-1.893093,0.507898,0.464440
941,1.882000,1.555324,2669.606,2751.540,-33.308643,8.444871,3.120528,1.485647,1.838986,-1.007494,-2.805526,0.664253,1.788921,0.003439,0.525104,1.433965,-0.374679,-0.667588,1.348576,2.500829,0.141435,-1.605518,0.448780,0.358849
942,1.884000,1.576243,2515.141,2689.765,-33.269447,8.708233,3.229097,1.553308,2.031006,-0.854450,-2.857219,0.669489,1.976609,0.229331,0.373796,1.189630,-0.176162,-0.525563,0.967445,2.093409,0.350060,-1.230830,0.324076,0.154354
943,1.886000,1.595707,2390.006,2630.552,-33.275017,8.909424,3.309775,1.559359,2.206706,-0.698188,-2.930785,0.615196,2.133838,0.489385,0.166090,0.967136,0.064295,-0.373917,0.514847,1.568273,0.565473,-0.799869,0.169929,-0.118270
944,1.888000,1.612450,2307.287,2584.882,-33.273216,9.035469,3.328445,1.477268,2.304164,-0.560649,-2.957572,0.550456,2.224140,0.721603,-0.019258,0.852373,0.337082,-0.254488,0.008067,0.989443,0.775428,-0.352421,0.029071,-0.422515
945,1.890000,1.627005,2274.548,2560.732,-33.165924,9.074143,3.204046,1.312731,2.306591,-0.461638,-2.908864,0.520652,2.253021,0.873514,-0.126855,0.878028,0.599929,-0.178908,-0.484315,0.429443,0.936926,0.036287,-0.060589,-0.693547
946,1.892000,1.641612,2292.193,2559.542,-32.867283,9.026739,2.864715,1.082724,2.236496,-0.385081,-2.782139,0.527354,2.239487,0.941618,-0.120382,1.005522,0.775033,-0.122865,-0.848060,-0.044072,0.995601,0.294034,-0.077812,-0.859436
947,1.894000,1.658761,2352.377,2575.452,-32.355705,8.915979,2.298109,0.813885,2.145905,-0.305895,-2.600817,0.552130,2.193480,0.942780,0.004403,1.186650,0.803759,-0.074840,-0.985681,-0.367429,0.921063,0.391873,-0.011396,-0.880143
948,1.896000,1.679788,2439.824,2597.808,-31.701595,8.794326,1.611181,0.549374,2.054296,-0.230371,-2.402774,0.574980,2.108194,0.883418,0.186666,1.384457,0.710642,-0.028961,-0.886385,-0.504178,0.762368,0.369293,0.123251,-0.768921
949,1.898000,1.703761,2535.942,2616.544,-31.024317,8.720442,0.970117,0.331721,1.942921,-0.180831,-2.227866,0.566674,1.965190,0.776750,0.342711,1.569132,0.574845,0.034612,-0.609901,-0.462022,0.618297,0.299550,0.288361,-0.570811
950,1.900000,1.727192,2624.819,2626.574,-30.432762,8.711607,0.474924,0.185689,1.811494,-0.167888,-2.104826,0.523335,1.770526,0.653051,0.430430,1.739212,0.454559,0.111993,-0.237476,-0.279535,0.546462,0.223757,0.454458,-0.328732
951,1.902000,1.744941,2697.036,2628.058,-30.006851,8.744766,0.142122,0.108687,1.678980,-0.190500,-2.048628,0.464911,1.554107,0.535973,0.434798,1.898666,0.361517,0.166635,0.141699,-0.013935,0.545440,0.134874,0.603922,-0.060729
952,1.904000,1.751941,2749.604,2623.849,-29.787582,8.800768,-0.039009,0.088543,1.567049,-0.248441,-2.067734,0.403171,1.339101,0.418745,0.339439,2.030595,0.275942,0.157231,0.450074,0.281203,0.586628,0.005701,0.725792,0.234621
953,1.906000,1.744550,2785.047,2617.213,-29.794601,8.864327,-0.087360,0.103083,1.479634,-0.354590,-2.168289,0.334310,1.141062,0.288026,0.150240,2.125429,0.194703,0.082070,0.656201,0.579877,0.644180,-0.183652,0.810533,0.554542
954,1.908000,1.721619,2809.683,2610.687,-30.030191,8.921444,-0.021694,0.126989,1.409285,-0.523712,-2.350840,0.251432,0.978119,0.138402,-0.105101,2.177678,0.135731,-0.029067,0.761884,0.865824,0.693070,-0.440474,0.844953,0.879965
955,1.910000,1.685218,2831.189,2605.637,-30.465084,8.960451,0.131342,0.147523,1.370350,-0.750337,-2.623235,0.149251,0.881727,-0.033841,-0.417859,2.153765,0.125287,-0.138657,0.762223,1.113152,0.722320,-0.745406,0.810054,1.173881
956,1.912000,1.640935,2856.639,2601.812,-31.037361,8.962317,0.311566,0.165454,1.413541,-1.004417,-3.014962,0.026936,0.910460,-0.219177,-0.809321,1.999440,0.206961,-0.200727,0.631125,1.288572,0.755347,-1.036943,0.683256,1.383082
957,1.914000,1.596545,2890.915,2597.609,-31.693989,8.908915,0.484501,0.201561,1.562239,-1.249028,-3.518939,-0.103104,1.087725,-0.399394,-1.265136,1.686507,0.394218,-0.185635,0.369739,1.372599,0.796540,-1.249505,0.478762,1.466324
958,1.916000,1.559984,2934.087,2590.778,-32.404266,8.801531,0.678007,0.292632,1.775977,-1.453634,-4.047032,-0.202411,1.370345,-0.557536,-1.710600,1.250343,0.651874,-0.113395,0.015030,1.376251,0.818907,-1.358350,0.243615,1.421335
959,1.918000,1.536357,2980.883,2579.767,-33.111134,8.671988,0.915531,0.456681,2.001169,-1.582710,-4.475586,-0.222541,1.689749,-0.678186,-2.073473,0.774629,0.951768,-0.037018,-0.418092,1.308379,0.829429,-1.347001,0.007385,1.252891
960,1.920000,1.526488,3022.117,2564.704,-33.709644,8.568235,1.157148,0.654074,2.189694,-1.607705,-4.699222,-0.129750,1.958535,-0.768524,-2.316324,0.353726,1.279257,-0.005938,-0.934942,1.138621,0.871475,-1.164746,-0.202725,0.951430
961,1.922000,1.528749,3045.773,2546.578,-34.087589,8.526409,1.317487,0.821595,2.312095,-1.543638,-4.693704,0.072862,2.098160,-0.846137,-2.431912,0.036685,1.587080,-0.030961,-1.487144,0.823537,0.951642,-0.776699,-0.330661,0.541107
962,1.924000,1.540705,3040.872,2526.269,-34.191299,8.551394,1.325642,0.938749,2.388833,-1.444100,-4.554974,0.312137,2.090949,-0.876976,-2.413339,-0.204265,1.759607,-0.104677,-1.940134,0.387182,0.996909,-0.265556,-0.330745,0.111365
963,1.926000,1.559998,3002.571,2503.663,-34.030899,8.638915,1.155908,1.004544,2.455471,-1.355611,-4.404910,0.492670,1.966372,-0.816203,-2.247542,-0.391792,1.704680,-0.239460,-2.186362,-0.090724,0.913468,0.215365,-0.194379,-0.248615
964,1.928000,1.585065,2933.896,2477.534,-33.666405,8.800217,0.874344,1.028295,2.498739,-1.316654,-4.289048,0.582720,1.763709,-0.690028,-1.970506,-0.510830,1.461017,-0.419886,-2.228940,-0.548675,0.687313,0.567141,0.026332,-0.531399
965,1.930000,1.614161,2844.764,2447.340,-33.195343,9.033838,0.594730,1.029446,2.485853,-1.362892,-4.206937,0.593452,1.517871,-0.556668,-1.656981,-0.566189,1.127398,-0.590429,-2.111972,-0.940820,0.370883,0.754049,0.236696,-0.780550
966,1.932000,1.644089,2748.572,2415.081,-32.721752,9.300220,0.388394,1.011202,2.412070,-1.499099,-4.134212,0.555169,1.255995,-0.449552,-1.356379,-0.589173,0.761924,-0.713929,-1.869609,-1.232752,0.011824,0.792316,0.388088,-1.011430
967,1.934000,1.670564,2657.135,2385.214,-32.335030,9.552435,0.305787,0.982226,2.300553,-1.675985,-4.012079,0.516119,1.009395,-0.353930,-1.064549,-0.604030,0.393821,-0.769791,-1.528615,-1.407047,-0.348118,0.742963,0.486246,-1.197242
968,1.936000,1.688943,2577.968,2363.233,-32.081337,9.775494,0.396933,0.978317,2.188184,-1.819582,-3.786384,0.527062,0.812464,-0.238017,-0.744292,-0.597645,0.060037,-0.737562,-1.101767,-1.445733,-0.670728,0.669828,0.565571,-1.306302
969,1.938000,1.695084,2513.874,2354.287,-31.996616,9.932712,0.652123,1.004063,2.068148,-1.902931,-3.474422,0.589884,0.659448,-0.114180,-0.395584,-0.562985,-0.232833,-0.638762,-0.629024,-1.360033,-0.949684,0.585763,0.647232,-1.338263
970,1.940000,1.685919,2464.482,2362.186,-32.091255,9.981352,1.014930,1.041434,1.921202,-1.930135,-3.141824,0.677501,0.529314,-0.024204,-0.061433,-0.490755,-0.482563,-0.522841,-0.175510,-1.177809,-1.180625,0.462153,0.724477,-1.313593
971,1.942000,1.660751,2427.370,2388.164,-32.312801,9.917356,1.407031,1.083041,1.782512,-1.896299,-2.860573,0.781228,0.444460,-0.001148,0.188214,-0.345476,-0.637380,-0.438427,0.178544,-0.915883,-1.318114,0.263822,0.761685,-1.238392
972,1.944000,1.622128,2399.503,2429.928,-32.566917,9.782520,1.749685,1.124201,1.722074,-1.782239,-2.684799,0.894687,0.450665,-0.052074,0.274163,-0.103021,-0.610537,-0.405431,0.356504,-0.601133,-1.291219,-0.006369,0.701234,-1.125090
973,1.946000,1.575571,2379.757,2481.934,-32.789001,9.632059,2.004815,1.146008,1.766058,-1.566294,-2.615605,0.985763,0.548408,-0.154018,0.151557,0.193305,-0.373221,-0.414870,0.322493,-0.305652,-1.075707,-0.285651,0.512905,-1.023336
974,1.948000,1.528872,2369.314,2536.193,-32.972401,9.503456,2.188844,1.130620,1.869544,-1.250489,-2.596575,1.025855,0.684305,-0.278004,-0.158397,0.461157,0.001317,-0.465790,0.111369,-0.096616,-0.722864,-0.502354,0.235416,-0.963437
975,1.950000,1.489779,2370.771,2584.451,-33.134052,9.406492,2.332511,1.077933,1.964429,-0.879521,-2.570057,1.011170,0.798685,-0.406358,-0.592241,0.622039,0.385978,-0.566692,-0.200020,-0.003572,-0.312266,-0.607622,-0.064111,-0.939738
976,1.952000,1.464918,2385.245,2619.742,-33.269699,9.326387,2.428088,1.013366,2.032105,-0.530755,-2.519870,0.974854,0.871379,-0.532218,-1.068175,0.641860,0.673732,-0.705815,-0.530276,-0.035405,0.089009,-0.563988,-0.341425,-0.946767
977,1.954000,1.459765,2408.611,2637.023,-33.340168,9.240565,2.431715,0.984733,2.114285,-0.290989,-2.456317,0.994986,0.918092,-0.660995,-1.465655,0.572246,0.793306,-0.850133,-0.771908,-0.176820,0.392017,-0.356156,-0.545145,-0.992788
978,1.956000,1.477357,2431.987,2634.799,-33.274483,9.155602,2.307816,1.034504,2.272284,-0.220712,-2.407562,1.147460,0.984666,-0.791749,-1.665120,0.518078,0.714896,-0.976719,-0.821497,-0.368589,0.498851,-0.022550,-0.600834,-1.070037
979,1.958000,1.516961,2446.372,2616.658,-33.044380,9.127970,2.125489,1.146217,2.488149,-0.290692,-2.383619,1.391399,1.105757,-0.853950,-1.622957,0.521506,0.500602,-1.040456,-0.678821,-0.525613,0.435198,0.350881,-0.505815,-1.110569
980,1.960000,1.574811,2446.549,2589.477,-32.682255,9.206251,2.006564,1.280590,2.682557,-0.443058,-2.376553,1.611901,1.243942,-0.796237,-1.377640,0.553181,0.237365,-0.994967,-0.417781,-0.587092,0.324647,0.711742,-0.320740,-1.067268
981,1.962000,1.650804,2428.049,2554.413,-32.207737,9.408461,2.012885,1.412541,2.793664,-0.661384,-2.380675,1.738950,1.314762,-0.680127,-1.022711,0.587375,-0.032983,-0.842935,-0.080908,-0.509065,0.253716,1.043976,-0.095101,-0.987316
982,1.964000,1.751311,2387.068,2503.582,-31.593681,9.747184,2.129411,1.489035,2.762040,-0.944491,-2.379137,1.750150,1.241722,-0.619115,-0.671986,0.618039,-0.285475,-0.627424,0.322318,-0.269567,0.232589,1.313759,0.136389,-0.935367
983,1.966000,1.882001,2325.578,2429.112,-30.812225,10.210859,2.300067,1.455961,2.548743,-1.264925,-2.315844,1.690799,1.021428,-0.683455,-0.404140,0.654397,-0.493459,-0.410542,0.778255,0.111356,0.227911,1.485836,0.360127,-0.919309
984,1.968000,2.038768,2254.400,2333.727,-29.902809,10.736724,2.479101,1.310308,2.162776,-1.587820,-2.151565,1.628420,0.717121,-0.867365,-0.239929,0.709015,-0.641926,-0.256190,1.246132,0.563231,0.191519,1.547032,0.570770,-0.911613
985,1.970000,2.206194,2188.407,2231.564,-28.972408,11.234715,2.659546,1.106269,1.665334,-1.883976,-1.905679,1.585067,0.387539,-1.119675,-0.155270,0.786405,-0.735264,-0.205931,1.677170,1.008887,0.105697,1.529739,0.766139,-0.888866
986,1.972000,2.364833,2137.973,2139.252,-28.130075,11.635962,2.839747,0.894971,1.139855,-2.132824,-1.633541,1.548970,0.067253,-1.387745,-0.127122,0.875926,-0.777201,-0.256732,2.038043,1.408587,-0.001625,1.485448,0.930364,-0.845102
987,1.974000,2.497886,2107.306,2068.726,-27.437777,11.905878,2.978156,0.698163,0.686715,-2.327518,-1.415199,1.506918,-0.196616,-1.636376,-0.170798,0.960942,-0.745619,-0.373030,2.291611,1.751351,-0.079318,1.449134,1.027367,-0.783536
988,1.976000,2.594030,2096.613,2025.915,-26.909082,12.036960,3.003236,0.519300,0.413451,-2.467298,-1.336868,1.447899,-0.337298,-1.839242,-0.330583,1.020362,-0.600281,-0.500357,2.391882,2.026116,-0.074913,1.446234,1.013316,-0.722168
989,1.978000,2.647201,2104.461,2012.472,-26.558434,12.042480,2.892642,0.359910,0.372198,-2.546015,-1.425344,1.360674,-0.329586,-1.973863,-0.612233,1.028482,-0.346662,-0.587654,2.331896,2.207775,0.009735,1.495290,0.884332,-0.692202
990,1.980000,2.655148,2129.395,2027.822,-26.425161,11.952422,2.712962,0.236339,0.534812,-2.551012,-1.621034,1.247404,-0.216707,-2.032894,-0.953411,0.972835,-0.055708,-0.619088,2.157092,2.272409,0.102871,1.581517,0.683631,-0.715099
991,1.982000,2.618356,2170.573,2070.414,-26.537815,11.800924,2.552139,0.179839,0.854752,-2.468466,-1.847253,1.126654,-0.047838,-2.026619,-1.283680,0.860288,0.203365,-0.613506,1.907392,2.208134,0.136148,1.660533,0.445752,-0.794434
992,1.984000,2.540034,2227.428,2137.754,-26.900766,11.600594,2.453661,0.212450,1.286905,-2.306165,-2.066205,1.020970,0.152592,-1.977281,-1.553218,0.716266,0.396699,-0.596806,1.608911,2.020544,0.086276,1.700402,0.203052,-0.910865
993,1.986000,2.426796,2299.232,2225.711,-27.479851,11.342489,2.399282,0.340566,1.789284,-2.112618,-2.288921,0.961309,0.380832,-1.917223,-1.714957,0.591984,0.509401,-0.595329,1.298264,1.736353,-0.049521,1.697452,0.023351,-1.025928
994,1.988000,2.289738,2384.244,2327.005,-28.192368,11.024597,2.337607,0.559318,2.324541,-1.964849,-2.553083,0.980204,0.636416,-1.873892,-1.718001,0.547656,0.534035,-0.630924,1.026083,1.395576,-0.278325,1.654703,-0.011692,-1.101171
995,1.990000,2.145377,2477.673,2429.427,-28.953636,10.672113,2.255945,0.835629,2.833112,-1.893852,-2.862197,1.053170,0.886977,-1.829080,-1.543611,0.584638,0.500270,-0.669321,0.830459,1.037745,-0.570736,1.548202,0.083693,-1.118891
996,1.992000,2.013888,2570.680,2516.524,-29.684765,10.320881,2.155606,1.103640,3.238920,-1.879906,-3.163910,1.124053,1.067161,-1.750856,-1.221383,0.645484,0.443447,-0.646994,0.741036,0.706528,-0.871176,1.331295,0.204100,-1.088449
997,1.994000,1.912955,2652.961,2573.932,-30.286934,10.011622,2.007648,1.268879,3.464456,-1.905430,-3.379845,1.174954,1.121468,-1.636155,-0.802427,0.676804,0.351393,-0.555321,0.770573,0.449635,-1.131549,0.998726,0.270504,-1.029492
998,1.996000,1.849361,2718.673,2598.681,-30.678631,9.794164,1.805758,1.244526,3.446498,-1.969187,-3.460504,1.201076,1.016052,-1.512736,-0.343819,0.674372,0.208920,-0.428008,0.897252,0.306327,-1.298399,0.636467,0.285659,-0.973607
999,1.998000,1.815624,2770.417,2602.196,-30.880840,9.667973,1.601501,1.039198,3.198562,-2.075136,-3.425459,1.183942,0.747961,-1.417328,0.104894,0.684651,0.038740,-0.284648,1.080295,0.277495,-1.356113,0.354466,0.301655,-0.945491
1000,2.000000,1.796897,2813.702,2601.247,-31.019066,9.554586,1.454134,0.751659,2.811315,-2.208222,-3.323119,1.126331,0.381314,-1.347414,0.522643,0.752401,-0.138007,-0.130608,1.278469,0.319959,-1.356395,0.188834,0.347300,-0.933349
1001,2.002000,1.781384,2848.595,2606.329,-31.202320,9.386499,1.385276,0.480470,2.384296,-2.332704,-3.179888,1.058103,0.013968,-1.276786,0.908385,0.903940,-0.303083,0.024601,1.453990,0.389022,-1.349938,0.122072,0.402515,-0.928932
1002,2.004000,1.765271,2867.967,2618.319,-31.444183,9.170876,1.390665,0.293089,2.004086,-2.415425,-3.016724,1.009320,-0.262539,-1.188285,1.239990,1.144350,-0.416029,0.162950,1.567723,0.473390,-1.328210,0.135775,0.433431,-0.933520
1003,2.006000,1.748717,2865.777,2633.802,-31.687326,8.955113,1.441124,0.236794,1.761842,-2.436463,-2.883111,0.990686,-0.368969,-1.080037,1.453782,1.454801,-0.406791,0.267116,1.567296,0.576153,-1.235156,0.219040,0.412486,-0.938272
1004,2.008000,1.731718,2845.392,2649.178,-31.873604,8.775019,1.491443,0.322211,1.715205,-2.400761,-2.849908,0.976670,-0.268578,-0.969112,1.464779,1.773868,-0.234333,0.323065,1.402054,0.672274,-1.026043,0.361342,0.328894,-0.941471
1005,2.010000,1.714793,2818.109,2661.652,-31.993996,8.649008,1.541491,0.516823,1.829207,-2.323186,-2.926339,0.932155,-0.002310,-0.873186,1.251282,2.015600,0.054239,0.337219,1.095965,0.710337,-0.737792,0.555242,0.239706,-0.954787
1006,2.012000,1.699300,2799.536,2669.918,-32.075943,8.566964,1.595569,0.740673,2.002935,-2.229801,-3.072338,0.853233,0.366531,-0.791372,0.870405,2.126688,0.373147,0.333748,0.739262,0.661460,-0.461538,0.768828,0.227402,-0.986849
1007,2.014000,1.688164,2802.283,2673.063,-32.124634,8.515070,1.622794,0.906626,2.155066,-2.150371,-3.260870,0.759763,0.795542,-0.715569,0.403856,2.105326,0.660080,0.337784,0.431198,0.546772,-0.271240,0.951301,0.336385,-1.032154
1008,2.016000,1.685450,2830.219,2669.511,-32.113564,8.497746,1.585942,0.971041,2.262611,-2.100029,-3.484525,0.668022,1.234700,-0.656213,-0.069226,1.992353,0.878981,0.356404,0.244445,0.413783,-0.216937,1.042222,0.549437,-1.085938
1009,2.018000,1.694262,2878.333,2657.955,-32.023907,8.520290,1.469940,0.949045,2.358807,-2.059619,-3.729412,0.574521,1.610123,-0.631895,-0.471977,1.845492,1.002948,0.368550,0.194371,0.296060,-0.314429,1.011712,0.811861,-1.149935
1010,2.020000,1.715195,2936.282,2638.869,-31.869602,8.575879,1.288472,0.876740,2.477818,-1.992051,-3.961513,0.455374,1.835031,-0.653224,-0.748236,1.701216,1.013305,0.357460,0.252064,0.204087,-0.526504,0.888431,1.059514,-1.233233
1011,2.022000,1.746369,2993.197,2614.706,-31.685871,8.654121,1.077319,0.788415,2.622924,-1.887854,-4.145622,0.297365,1.848762,-0.732502,-0.886372,1.577393,0.918157,0.332967,0.375362,0.134217,-0.793428,0.722167,1.237590,-1.349598
1012,2.024000,1.784263,3041.693,2588.705,-31.522274,8.741735,0.876343,0.706211,2.776445,-1.768252,-4.267587,0.108421,1.650207,-0.874014,-0.909744,1.487671,0.749743,0.313535,0.529716,0.082292,-1.071112,0.546843,1.329850,-1.493044
1013,2.026000,1.824610,3079.176,2563.577,-31.426361,8.834782,0.725683,0.645698,2.931763,-1.639832,-4.321460,-0.082799,1.304897,-1.051422,-0.842614,1.452271,0.549467,0.298632,0.698212,0.064186,-1.324687,0.388092,1.378925,-1.616236
1014,2.028000,1.862782,3106.745,2540.874,-31.412373,8.955364,0.665893,0.633549,3.109448,-1.481481,-4.291486,-0.225141,0.919470,-1.212518,-0.689571,1.500185,0.367064,0.276588,0.887669,0.121145,-1.512682,0.264964,1.450656,-1.650464
1015,2.030000,1.894279,3126.508,2521.260,-31.472353,9.112206,0.691991,0.668349,3.305112,-1.304888,-4.185214,-0.281961,0.581019,-1.328234,-0.470795,1.627697,0.228987,0.216335,1.093961,0.283197,-1.608544,0.161154,1.565489,-1.561962
1016,2.032000,1.916093,3137.285,2504.878,-31.592852,9.285135,0.756381,0.709505,3.468694,-1.163265,-4.031431,-0.245155,0.333440,-1.404736,-0.232090,1.785573,0.133219,0.090999,1.294338,0.538439,-1.619218,0.032183,1.690569,-1.365238
1017,2.034000,1.926857,3134.560,2492.097,-31.747231,9.457083,0.827130,0.722649,3.552186,-1.091555,-3.845196,-0.118567,0.196976,-1.452795,-0.012319,1.918490,0.081119,-0.079903,1.475387,0.839554,-1.568977,-0.141309,1.794609,-1.080907
1018,2.036000,1.926081,3113.249,2483.609,-31.897537,9.617876,0.890355,0.699074,3.549436,-1.085184,-3.647084,0.080270,0.198737,-1.469876,0.162448,1.999898,0.090235,-0.250219,1.620512,1.121766,-1.474696,-0.340448,1.849597,-0.731357
1019,2.038000,1.914719,3068.371,2479.821,-32.009331,9.755774,0.939247,0.661214,3.517458,-1.101139,-3.478435,0.321011,0.387696,-1.427005,0.280283,2.042383,0.193602,-0.371635,1.703788,1.336951,-1.313969,-0.503992,1.824474,-0.355166
1020,2.040000,1.894870,2997.773,2480.571,-32.070915,9.850095,0.956395,0.618375,3.525501,-1.096896,-3.391413,0.568621,0.790712,-1.295980,0.321558,2.054043,0.414821,-0.406792,1.686341,1.445140,-1.063159,-0.566284,1.690929,-0.011897
1021,2.042000,1.869421,2904.462,2484.819,-32.103775,9.882978,0.945008,0.560266,3.592594,-1.055330,-3.396427,0.811693,1.360423,-1.077904,0.277737,2.027755,0.726606,-0.350531,1.553257,1.431715,-0.743170,-0.512479,1.454454,0.254539
1022,2.044000,1.841464,2797.776,2491.104,-32.143711,9.855494,0.956019,0.485804,3.675936,-0.978684,-3.445049,1.062598,1.977809,-0.806598,0.173243,1.952761,1.034000,-0.241490,1.333366,1.314681,-0.419778,-0.383256,1.169340,0.446007
1023,2.046000,1.813842,2691.825,2498.810,-32.185005,9.792828,1.029389,0.405881,3.734950,-0.871253,-3.490325,1.328900,2.527834,-0.529375,0.018984,1.798067,1.236676,-0.120057,1.058908,1.112782,-0.144235,-0.218339,0.890467,0.582889
1024,2.048000,1.788501,2601.811,2508.838,-32.190884,9.720823,1.155488,0.328710,3.747828,-0.744747,-3.514115,1.601601,2.934604,-0.288775,-0.179449,1.531259,1.276626,0.004166,0.759637,0.842184,0.066046,-0.030115,0.650353,0.679363
1025,2.050000,1.766575,2539.090,2522.665,-32.146782,9.632313,1.282798,0.258053,3.705865,-0.621938,-3.518216,1.864736,3.169252,-0.098217,-0.373001,1.173172,1.161859,0.151660,0.481040,0.536244,0.208952,0.186699,0.473181,0.722129
1026,2.052000,1.748261,2508.747,2540.577,-32.038376,9.532660,1.367265,0.215613,3.626176,-0.536907,-3.527313,2.089951,3.215810,0.002559,-0.523546,0.782727,0.921945,0.304021,0.263219,0.245889,0.275667,0.440923,0.405464,0.692574
1027,2.054000,1.733548,2508.564,2559.987,-31.852341,9.446111,1.375501,0.210927,3.527628,-0.528517,-3.566179,2.255211,3.072806,-0.045189,-0.617307,0.448165,0.600899,0.411451,0.150265,0.041470,0.265485,0.732013,0.486557,0.583492
1028,2.056000,1.723435,2529.794,2575.521,-31.626335,9.398184,1.321198,0.205725,3.389389,-0.580982,-3.609267,2.328953,2.776546,-0.211945,-0.648804,0.209953,0.260072,0.454181,0.145906,-0.045308,0.216984,1.029695,0.656916,0.408236
1029,2.058000,1.719742,2560.208,2581.421,-31.412479,9.407732,1.240349,0.161199,3.197513,-0.652718,-3.614902,2.306696,2.401424,-0.413656,-0.613060,0.066322,-0.055926,0.433789,0.230653,-0.026647,0.150979,1.274568,0.827959,0.201922
1030,2.060000,1.724311,2586.585,2573.639,-31.234352,9.487805,1.159203,0.083415,2.983787,-0.716853,-3.568277,2.219193,2.019612,-0.588335,-0.502393,0.023685,-0.319172,0.359697,0.394279,0.070218,0.043282,1.409200,0.970106,0.009633
1031,2.062000,1.738164,2597.084,2550.620,-31.107582,9.641563,1.101561,-0.004027,2.785515,-0.756541,-3.476880,2.084706,1.661119,-0.708674,-0.326487,0.078423,-0.503781,0.256799,0.614715,0.205981,-0.122843,1.417424,1.093335,-0.131240
1032,2.064000,1.760912,2583.639,2513.556,-31.048140,9.851294,1.079637,-0.083688,2.625431,-0.757773,-3.350630,1.909203,1.330501,-0.770889,-0.122224,0.198683,-0.594590,0.155439,0.856331,0.347631,-0.327073,1.329714,1.213992,-0.208757
1033,2.066000,1.789977,2544.604,2466.425,-31.056198,10.085642,1.092531,-0.140178,2.519254,-0.707978,-3.198331,1.696708,1.036772,-0.773165,0.067402,0.345268,-0.583293,0.086952,1.084190,0.484493,-0.518836,1.196980,1.336518,-0.232639
1034,2.068000,1.821193,2484.172,2414.934,-31.105267,10.313603,1.136878,-0.155050,2.475666,-0.601811,-3.034998,1.449265,0.801412,-0.709232,0.209187,0.488509,-0.465368,0.077655,1.262050,0.611642,-0.647174,1.049267,1.432480,-0.228202
1035,2.070000,1.850487,2410.385,2365.470,-31.154533,10.502419,1.208768,-0.119442,2.489645,-0.444278,-2.880102,1.172793,0.651920,-0.579629,0.276336,0.601346,-0.254734,0.132336,1.351696,0.715659,-0.679696,0.883281,1.449350,-0.223050
1036,2.072000,1.875412,2333.062,2324.313,-31.163116,10.630081,1.317473,-0.037756,2.544096,-0.244324,-2.746999,0.883555,0.610723,-0.391774,0.248090,0.654661,0.010918,0.233691,1.336073,0.781784,-0.604714,0.690068,1.349747,-0.231251
1037,2.074000,1.894513,2263.945,2297.689,-31.114756,10.681156,1.472937,0.071227,2.613172,-0.020550,-2.655660,0.592887,0.673948,-0.163519,0.112288,0.621191,0.287688,0.355250,1.229951,0.808459,-0.425998,0.482978,1.140006,-0.250256
1038,2.076000,1.906506,2215.451,2290.961,-31.019905,10.653332,1.675933,0.194746,2.684672,0.202374,-2.637349,0.296312,0.807961,0.072729,-0.131297,0.478075,0.535466,0.472128,1.054686,0.800527,-0.167221,0.294207,0.860940,-0.281290
1039,2.078000,1.910762,2197.061,2306.425,-30.901911,10.559000,1.913058,0.338835,2.761362,0.394342,-2.717739,-0.010348,0.970982,0.279374,-0.453458,0.223893,0.723858,0.576836,0.834646,0.764668,0.135538,0.169141,0.570887,-0.332858
1040,2.080000,1.907296,2213.196,2342.147,-30.789749,10.403923,2.143870,0.511894,2.843274,0.513041,-2.900829,-0.305548,1.136932,0.433117,-0.787204,-0.105844,0.831873,0.674395,0.607839,0.699195,0.428952,0.142427,0.310176,-0.429339
1041,2.082000,1.896401,2263.607,2392.816,-30.701096,10.183762,2.303030,0.714347,2.933419,0.504004,-3.176726,-0.537126,1.305081,0.521890,-1.054647,-0.433910,0.843528,0.753353,0.429247,0.601161,0.639247,0.218008,0.108157,-0.597538
1042,2.084000,1.879326,2343.550,2450.903,-30.618200,9.902039,2.315713,0.946548,3.058370,0.318446,-3.540638,-0.644174,1.488688,0.519621,-1.209018,-0.662158,0.743117,0.763350,0.362055,0.492449,0.677484,0.362111,0.021754,-0.833805
1043,2.086000,1.858233,2444.334,2508.905,-30.524374,9.581608,2.159932,1.191834,3.230538,-0.023802,-3.955947,-0.613544,1.688038,0.428409,-1.254608,-0.744864,0.550540,0.671145,0.423640,0.401417,0.507890,0.513761,0.075676,-1.095709
1044,2.088000,1.835468,2554.933,2561.312,-30.445036,9.266058,1.906783,1.398122,3.400865,-0.401441,-4.311279,-0.508252,1.866166,0.321935,-1.225494,-0.733089,0.341873,0.521430,0.548714,0.322755,0.212744,0.626322,0.186682,-1.335937
1045,2.090000,1.812622,2664.090,2605.502,-30.380489,9.001142,1.616017,1.534570,3.537216,-0.693397,-4.480680,-0.357993,1.977832,0.246954,-1.136084,-0.663907,0.180690,0.357863,0.678621,0.260860,-0.107727,0.678871,0.272750,-1.536721
1046,2.092000,1.789781,2762.464,2641.272,-30.318007,8.811345,1.303855,1.592590,3.631697,-0.836395,-4.388296,-0.162266,1.990477,0.204221,-0.989268,-0.549494,0.087459,0.197709,0.792245,0.239515,-0.386265,0.664171,0.298306,-1.687889
1047,2.094000,1.765672,2843.759,2669.556,-30.277637,8.684435,0.975692,1.572980,3.669313,-0.838814,-4.047137,0.063729,1.894052,0.175261,-0.804587,-0.412630,0.043626,0.043557,0.886493,0.274750,-0.592710,0.584765,0.260412,-1.776727
1048,2.096000,1.739039,2903.868,2691.104,-30.297991,8.596841,0.665107,1.504210,3.641763,-0.749097,-3.537839,0.298186,1.715091,0.146564,-0.612240,-0.275643,0.022866,-0.104875,0.962055,0.364921,-0.725796,0.457466,0.181649,-1.794832
1049,2.098000,1.708861,2941.408,2706.167,-30.399498,8.535979,0.414428,1.414896,3.544058,-0.627254,-2.974119,0.513639,1.490357,0.105801,-0.444325,-0.147243,0.012401,-0.251637,1.004915,0.490349,-0.804577,0.297645,0.088652,-1.739545
1050,2.100000,1.675209,2956.370,2713.783,-30.551651,8.524827,0.253952,1.307139,3.361389,-0.544168,-2.491575,0.666711,1.249571,0.053792,-0.306407,-0.002900,0.031113,-0.400679,0.977234,0.611015,-0.862892,0.106728,-0.002323,-1.599612
1051,2.102000,1.640737,2947.453,2711.379,-30.690535,8.608046,0.192153,1.166693,3.089932,-0.556003,-2.209143,0.716449,1.022148,-0.002525,-0.198534,0.190695,0.128002,-0.532562,0.847172,0.690664,-0.909977,-0.095475,-0.083164,-1.366810
1052,2.104000,1.610478,2912.736,2695.892,-30.793638,8.782578,0.202698,0.992175,2.783978,-0.639392,-2.151608,0.663248,0.840958,-0.079139,-0.175792,0.396768,0.321691,-0.604260,0.632229,0.743721,-0.881245,-0.227743,-0.150543,-1.082944
1053,2.106000,1.589973,2853.839,2665.860,-30.881533,9.009731,0.254049,0.788571,2.504705,-0.740274,-2.271955,0.535811,0.739648,-0.174120,-0.270760,0.561917,0.594506,-0.577074,0.367044,0.779744,-0.727966,-0.215315,-0.209063,-0.811685
1054,2.108000,1.584795,2776.239,2621.957,-30.984043,9.257559,0.350382,0.575185,2.287530,-0.813512,-2.484712,0.375818,0.733563,-0.262604,-0.446870,0.663571,0.898301,-0.448478,0.072545,0.774268,-0.479087,-0.051325,-0.269314,-0.594123
1055,2.110000,1.599025,2688.912,2567.497,-31.096916,9.533501,0.532578,0.392889,2.163102,-0.814926,-2.689634,0.229812,0.822314,-0.317717,-0.641120,0.690290,1.169111,-0.247237,-0.241393,0.698092,-0.197030,0.224898,-0.348065,-0.462513
1056,2.112000,1.632669,2602.879,2508.397,-31.191093,9.851906,0.816388,0.261868,2.142951,-0.722302,-2.819543,0.119458,0.989437,-0.319552,-0.807989,0.624845,1.350854,-0.013121,-0.565191,0.543738,0.078943,0.574332,-0.449240,-0.437175
1057,2.114000,1.679988,2528.066,2452.090,-31.256025,10.180555,1.150777,0.164410,2.202771,-0.553269,-2.863285,0.026217,1.182762,-0.277316,-0.933647,0.458331,1.411980,0.211640,-0.880665,0.337364,0.339805,0.961299,-0.552787,-0.496497
1058,2.116000,1.731957,2468.942,2404.581,-31.292210,10.453121,1.444810,0.094507,2.325593,-0.348906,-2.845405,-0.069751,1.327649,-0.243597,-1.024088,0.220157,1.342563,0.381190,-1.152003,0.129702,0.566670,1.324234,-0.624994,-0.585257
1059,2.118000,1.779724,2424.634,2368.898,-31.267815,10.620831,1.604210,0.087588,2.531618,-0.171746,-2.809154,-0.134697,1.378632,-0.298946,-1.076052,-0.000474,1.133840,0.440926,-1.308930,-0.005318,0.715001,1.585938,-0.615098,-0.661049
1060,2.120000,1.816856,2392.177,2345.695,-31.173820,10.676388,1.605516,0.155871,2.805922,-0.056004,-2.778020,-0.147365,1.329124,-0.459960,-1.080060,-0.134342,0.808955,0.387220,-1.304494,-0.022795,0.782671,1.702824,-0.513201,-0.701101
1061,2.122000,1.840020,2369.259,2334.673,-31.065350,10.651711,1.528897,0.261172,3.072684,0.028458,-2.734439,-0.152257,1.197021,-0.642256,-1.031692,-0.186999,0.435944,0.286315,-1.164168,0.053062,0.827826,1.683682,-0.370038,-0.684235
1062,2.124000,1.848192,2355.286,2335.449,-30.991766,10.583055,1.448177,0.371284,3.273155,0.095722,-2.670852,-0.171648,1.024420,-0.771484,-0.917156,-0.161165,0.071596,0.184336,-0.929100,0.176647,0.869469,1.566141,-0.190648,-0.588728
1063,2.126000,1.841180,2351.127,2348.201,-30.981075,10.491491,1.406087,0.469602,3.364997,0.121140,-2.603271,-0.201118,0.854137,-0.813878,-0.717423,-0.051469,-0.243907,0.091957,-0.649007,0.299852,0.885808,1.390611,0.048054,-0.393643
1064,2.128000,1.819172,2358.205,2373.663,-31.042130,10.382023,1.422978,0.542593,3.311864,0.057476,-2.562970,-0.235765,0.713607,-0.766012,-0.420000,0.146593,-0.479154,0.005499,-0.375202,0.381502,0.837532,1.176337,0.345709,-0.087976
1065,2.130000,1.782306,2378.092,2412.671,-31.188892,10.230332,1.490078,0.581115,3.114859,-0.113705,-2.558738,-0.268143,0.613074,-0.658363,-0.057654,0.409554,-0.627440,-0.079599,-0.129848,0.423371,0.715842,0.939315,0.672533,0.311796
1066,2.132000,1.730853,2411.939,2465.455,-31.442444,9.997776,1.580222,0.585239,2.819922,-0.363418,-2.568026,-0.287156,0.552310,-0.542263,0.292284,0.684792,-0.705140,-0.165478,0.090005,0.462837,0.553784,0.705445,0.983379,0.762262
1067,2.134000,1.667005,2459.479,2530.440,-31.783821,9.687241,1.675835,0.561200,2.487293,-0.651217,-2.580327,-0.289321,0.537261,-0.456143,0.553759,0.921634,-0.720933,-0.252065,0.269134,0.514650,0.380986,0.487618,1.216585,1.203014
1068,2.136000,1.598239,2515.778,2601.434,-32.130302,9.363346,1.772237,0.530735,2.200775,-0.924462,-2.612128,-0.277754,0.595883,-0.414756,0.659589,1.075420,-0.654955,-0.326995,0.362133,0.551330,0.216795,0.285569,1.290680,1.536455
1069,2.138000,1.539349,2568.124,2664.960,-32.364372,9.118627,1.851402,0.512625,2.049056,-1.134222,-2.710505,-0.273491,0.766155,-0.407010,0.560806,1.119345,-0.456903,-0.352984,0.323138,0.531511,0.099024,0.113759,1.136256,1.647057
1070,2.140000,1.509738,2597.904,2701.925,-32.423656,9.009289,1.896201,0.495681,2.043448,-1.268341,-2.908694,-0.319439,1.027094,-0.421675,0.270605,1.061404,-0.103857,-0.293183,0.163420,0.448923,0.076945,0.017408,0.777618,1.495677
1071,2.142000,1.524103,2591.670,2697.236,-32.325893,9.052193,1.945403,0.480834,2.132594,-1.318053,-3.152462,-0.428939,1.302268,-0.449591,-0.117149,0.939286,0.350305,-0.154710,-0.050149,0.324828,0.144455,0.009066,0.313760,1.136267
1072,2.144000,1.582867,2552.441,2650.922,-32.121750,9.220878,2.027429,0.480977,2.275290,-1.277747,-3.372650,-0.591298,1.521904,-0.484718,-0.519650,0.767138,0.804536,0.019164,-0.261351,0.164922,0.238372,0.046856,-0.155000,0.677359
1073,2.146000,1.671553,2497.723,2579.124,-31.851597,9.460095,2.124138,0.504916,2.461880,-1.156497,-3.533216,-0.774532,1.653897,-0.522187,-0.884880,0.556471,1.182168,0.202307,-0.425835,-0.018337,0.301227,0.085288,-0.545111,0.234259
1074,2.148000,1.769762,2445.950,2503.242,-31.531334,9.709315,2.189152,0.561000,2.704513,-0.977309,-3.619700,-0.908821,1.712285,-0.552295,-1.151775,0.367927,1.468943,0.406332,-0.483691,-0.167037,0.326138,0.115327,-0.787515,-0.115537
1075,2.150000,1.859421,2408.122,2439.732,-31.163614,9.918514,2.167981,0.640961,2.997605,-0.786981,-3.655045,-0.947004,1.703700,-0.597923,-1.290000,0.247454,1.640523,0.601612,-0.419842,-0.232988,0.309114,0.122705,-0.860700,-0.354405
1076,2.152000,1.928711,2387.286,2396.702,-30.770617,10.059301,2.041945,0.715456,3.298122,-0.617498,-3.668813,-0.903454,1.621670,-0.671799,-1.299990,0.196602,1.671476,0.738298,-0.272864,-0.203939,0.251011,0.088017,-0.804728,-0.504354
1077,2.154000,1.972274,2381.518,2375.525,-30.398304,10.132688,1.854522,0.763253,3.545815,-0.468921,-3.668865,-0.824573,1.476843,-0.745649,-1.198947,0.192055,1.573548,0.798135,-0.100795,-0.099467,0.169395,0.016513,-0.679868,-0.586626
1078,2.156000,1.989749,2386.948,2373.653,-30.092205,10.157082,1.674756,0.789847,3.690042,-0.349400,-3.659401,-0.739416,1.307435,-0.783826,-1.020879,0.209672,1.382583,0.788458,0.053463,0.041028,0.068839,-0.067887,-0.516533,-0.608556
1079,2.158000,1.984545,2399.285,2386.158,-29.880703,10.153440,1.550805,0.807247,3.698172,-0.278391,-3.640406,-0.648451,1.162623,-0.760490,-0.802533,0.235368,1.136898,0.723337,0.177997,0.184430,-0.059383,-0.148420,-0.326436,-0.575679
1080,2.160000,1.963050,2413.909,2406.504,-29.771984,10.139326,1.500986,0.825828,3.566860,-0.259393,-3.593619,-0.535721,1.081361,-0.666067,-0.575153,0.265989,0.873683,0.619479,0.290612,0.328138,-0.211164,-0.223092,-0.127646,-0.499961
1081,2.162000,1.933115,2426.970,2427.811,-29.762726,10.118299,1.516885,0.855876,3.323781,-0.277958,-3.498738,-0.388214,1.081512,-0.516426,-0.370429,0.307553,0.632812,0.494130,0.416434,0.487812,-0.368831,-0.309227,0.048636,-0.398571
1082,2.164000,1.902223,2437.487,2444.440,-29.839409,10.083918,1.570627,0.902005,3.013922,-0.322570,-3.366215,-0.214233,1.160077,-0.347500,-0.217053,0.374520,0.454069,0.353481,0.549115,0.666569,-0.509787,-0.432585,0.171452,-0.278821
1083,2.166000,1.875929,2448.299,2453.619,-29.975056,10.034495,1.630211,0.960812,2.693633,-0.388036,-3.240545,-0.045547,1.303308,-0.194698,-0.138842,0.476837,0.375619,0.200865,0.643007,0.842750,-0.613152,-0.612153,0.211444,-0.142507
1084,2.168000,1.856361,2465.590,2456.673,-30.138288,9.975923,1.671930,1.022405,2.426608,-0.459182,-3.169663,0.075637,1.492974,-0.075916,-0.154528,0.601231,0.418760,0.050753,0.647115,0.983535,-0.664102,-0.841809,0.146755,-0.003501
1085,2.170000,1.841777,2496.308,2458.153,-30.321455,9.908640,1.691406,1.073980,2.265583,-0.499749,-3.164978,0.113093,1.699526,0.017074,-0.263962,0.704796,0.564398,-0.063191,0.552535,1.060168,-0.667088,-1.077886,-0.011565,0.107521
1086,2.172000,1.828041,2544.693,2463.111,-30.535934,9.821817,1.685576,1.097853,2.245090,-0.472139,-3.215199,0.041354,1.889569,0.102482,-0.457603,0.738711,0.771605,-0.103552,0.388324,1.064980,-0.629360,-1.255865,-0.226548,0.169991
1087,2.174000,1.811305,2609.759,2474.251,-30.796169,9.704325,1.654891,1.078545,2.366326,-0.366891,-3.299858,-0.146072,2.024231,0.182514,-0.718213,0.675625,0.990029,-0.057212,0.200745,1.015336,-0.556343,-1.330359,-0.457649,0.192040
1088,2.176000,1.789650,2685.033,2490.940,-31.109045,9.549699,1.597330,1.005516,2.590667,-0.206144,-3.385775,-0.420324,2.073345,0.248681,-1.006716,0.521257,1.164749,0.054789,0.028270,0.923427,-0.464619,-1.294762,-0.684432,0.182366
1089,2.178000,1.762854,2760.719,2510.727,-31.449030,9.372993,1.503665,0.872927,2.850571,-0.034664,-3.440350,-0.715627,2.041670,0.300300,-1.266839,0.310151,1.256616,0.191069,-0.117255,0.786729,-0.365040,-1.159267,-0.906425,0.131849
1090,2.180000,1.731814,2826.441,2531.387,-31.742462,9.222673,1.364943,0.682279,3.067019,0.075767,-3.461392,-0.947528,1.967973,0.336744,-1.444687,0.103306,1.258687,0.305549,-0.238025,0.617256,-0.251916,-0.938314,-1.114822,0.033440
1091,2.182000,1.698462,2872.750,2552.061,-31.900366,9.143589,1.172165,0.467117,3.212321,0.060343,-3.476463,-1.032704,1.898613,0.320639,-1.515900,-0.008751,1.209386,0.372928,-0.307585,0.468249,-0.134477,-0.678625,-1.280542,-0.091418
1092,2.184000,1.666185,2892.865,2572.680,-31.886185,9.145977,0.948995,0.293562,3.323138,-0.070390,-3.485924,-0.914336,1.872463,0.221343,-1.482377,0.033629,1.164560,0.413303,-0.278771,0.402341,-0.021945,-0.419309,-1.365194,-0.195711
1093,2.186000,1.639625,2884.779,2592.821,-31.756222,9.202757,0.766197,0.187076,3.401033,-0.243752,-3.455522,-0.623021,1.886010,0.068753,-1.362301,0.183138,1.152805,0.482602,-0.151812,0.413729,0.097522,-0.149066,-1.359893,-0.254007
1094,2.188000,1.623219,2853.071,2611.221,-31.594082,9.256582,0.658840,0.114164,3.405820,-0.418005,-3.390162,-0.253452,1.894955,-0.105348,-1.190731,0.355373,1.165540,0.596544,0.024751,0.452419,0.212426,0.134595,-1.275170,-0.284933
1095,2.190000,1.618867,2808.229,2626.447,-31.449198,9.263397,0.622663,0.035035,3.308335,-0.589167,-3.324678,0.101250,1.859509,-0.272241,-0.989449,0.508527,1.188618,0.732234,0.202566,0.479842,0.297437,0.417134,-1.110312,-0.319797
1096,2.192000,1.624044,2763.270,2638.479,-31.346247,9.206646,0.642308,-0.066768,3.109563,-0.754890,-3.280615,0.378488,1.763401,-0.400850,-0.765699,0.637010,1.212510,0.859127,0.356388,0.485348,0.340792,0.685460,-0.864502,-0.376559
1097,2.194000,1.632648,2728.506,2648.912,-31.295982,9.101264,0.704931,-0.186205,2.837699,-0.901003,-3.258607,0.542901,1.606050,-0.477880,-0.533827,0.734939,1.212166,0.942856,0.480975,0.477602,0.345561,0.929176,-0.553200,-0.441887
1098,2.196000,1.637526,2708.411,2659.758,-31.290293,8.990445,0.803295,-0.307137,2.539555,-0.999533,-3.249640,0.575969,1.393820,-0.509225,-0.315505,0.784800,1.141044,0.941853,0.576605,0.470193,0.318962,1.124271,-0.222737,-0.481671
1099,2.198000,1.633162,2701.277,2671.684,-31.307667,8.924398,0.929955,-0.412195,2.267181,-1.019636,-3.247082,0.482816,1.149812,-0.501167,-0.131248,0.774901,0.965423,0.823226,0.633866,0.468272,0.266977,1.231006,0.054579,-0.469436
1100,2.200000,1.617738,2699.739,2683.183,-31.353184,8.916555,1.070407,-0.496730,2.044322,-0.962827,-3.256439,0.298692,0.913389,-0.458451,-0.001062,0.706817,0.695180,0.587547,0.632518,0.459156,0.195806,1.221578,0.216260,-0.403796
1101,2.202000,1.594077,2692.191,2690.389,-31.456585,8.964837,1.238660,-0.562140,1.852767,-0.860281,-3.272846,0.072539,0.700421,-0.398426,0.060882,0.571633,0.345226,0.260725,0.558981,0.405615,0.085978,1.084619,0.233834,-0.318378
1102,2.204000,1.569024,2665.839,2687.631,-31.634754,9.075524,1.462855,-0.611328,1.667472,-0.741102,-3.272631,-0.138625,0.517864,-0.338299,0.055191,0.357891,-0.068942,-0.112509,0.421606,0.278908,-0.081994,0.821161,0.098540,-0.258865
1103,2.206000,1.550775,2611.848,2669.355,-31.894539,9.225992,1.723704,-0.670795,1.463424,-0.636675,-3.242883,-0.284686,0.391130,-0.277685,0.002513,0.082551,-0.492495,-0.446177,0.271708,0.110288,-0.259819,0.485617,-0.156478,-0.223445
1104,2.208000,1.544726,2531.051,2633.101,-32.225807,9.387362,1.998183,-0.743233,1.241830,-0.558164,-3.171764,-0.335342,0.347460,-0.206361,-0.065103,-0.223455,-0.871752,-0.664558,0.152588,-0.064307,-0.384488,0.154511,-0.474006,-0.184712
1105,2.210000,1.550035,2435.779,2582.055,-32.612274,9.534989,2.282825,-0.800518,1.011983,-0.511379,-3.061151,-0.300534,0.381351,-0.131188,-0.129625,-0.538534,-1.190178,-0.745047,0.070781,-0.237892,-0.434126,-0.114563,-0.797843,-0.123124
1106,2.212000,1.561490,2341.963,2523.556,-33.029369,9.661016,2.587622,-0.808362,0.769986,-0.510343,-2.931053,-0.218036,0.462419,-0.074860,-0.193952,-0.848150,-1.448830,-0.704694,0.027604,-0.396930,-0.424986,-0.295774,-1.082244,-0.036549
1107,2.214000,1.572504,2262.221,2466.235,-33.416744,9.809325,2.953545,-0.706824,0.540499,-0.541635,-2.782981,-0.102842,0.579907,-0.040907,-0.252669,-1.115592,-1.623388,-0.567280,0.044892,-0.492747,-0.386231,-0.395597,-1.306439,0.044508
1108,2.216000,1.578004,2202.962,2417.207,-33.707535,10.026848,3.396814,-0.457625,0.364480,-0.577710,-2.615804,0.041573,0.726357,-0.030193,-0.296205,-1.298311,-1.677795,-0.366495,0.136646,-0.467610,-0.331754,-0.426651,-1.465444,0.078420
1109,2.218000,1.576040,2165.610,2380.993,-33.899178,10.261707,3.809573,-0.144273,0.228231,-0.624374,-2.466565,0.177517,0.850786,-0.080698,-0.340001,-1.391141,-1.611709,-0.167490,0.254755,-0.323428,-0.255973,-0.385086,-1.561022,0.041867
1110,2.220000,1.568497,2148.672,2359.381,-33.978424,10.465269,4.071841,0.140536,0.149064,-0.658561,-2.339169,0.299426,0.919521,-0.206061,-0.368510,-1.384349,-1.443877,-0.015126,0.348526,-0.117466,-0.148906,-0.251871,-1.593307,-0.083184
1111,2.222000,1.559876,2149.973,2352.139,-33.921974,10.603013,4.096665,0.346297,0.172356,-0.671976,-2.240266,0.412334,0.924940,-0.381327,-0.347006,-1.283427,-1.232712,0.087092,0.438101,0.084434,-0.033680,-0.030698,-1.542635,-0.277805
1112,2.224000,1.555743,2167.628,2357.430,-33.726318,10.652645,3.861367,0.464110,0.340358,-0.674361,-2.197732,0.495711,0.880081,-0.543164,-0.250673,-1.129312,-1.062535,0.163077,0.598352,0.256782,0.043047,0.217858,-1.391837,-0.471386
1113,2.226000,1.560924,2199.843,2371.953,-33.437851,10.610443,3.427476,0.499080,0.641873,-0.673916,-2.219615,0.522429,0.800253,-0.638913,-0.089286,-0.961780,-0.969164,0.237194,0.852027,0.398537,0.061578,0.425609,-1.143113,-0.594422
1114,2.228000,1.578102,2244.249,2391.614,-33.128784,10.501674,2.922888,0.483528,1.020693,-0.684889,-2.278354,0.499601,0.698002,-0.666264,0.104114,-0.787839,-0.928109,0.324088,1.149215,0.499140,0.026127,0.568063,-0.815017,-0.622130
1115,2.230000,1.606415,2298.299,2412.814,-32.847534,10.374241,2.470842,0.465931,1.418823,-0.721125,-2.341145,0.447998,0.577964,-0.658258,0.296537,-0.606727,-0.916001,0.417813,1.419105,0.537492,-0.077104,0.636613,-0.438703,-0.557509
1116,2.232000,1.641950,2359.492,2432.920,-32.612381,10.266174,2.140048,0.485049,1.786627,-0.793754,-2.395780,0.379509,0.439211,-0.658083,0.459382,-0.430220,-0.926104,0.500806,1.612025,0.503058,-0.273077,0.623762,-0.049616,-0.419256
1117,2.234000,1.679505,2425.215,2450.435,-32.429779,10.182924,1.938953,0.551581,2.072469,-0.913265,-2.447229,0.308974,0.293961,-0.692196,0.584844,-0.264307,-0.945456,0.572513,1.737339,0.430832,-0.549076,0.552655,0.335751,-0.232868
1118,2.236000,1.714050,2492.607,2464.937,-32.307758,10.107943,1.841439,0.647178,2.221087,-1.089010,-2.505146,0.261739,0.173828,-0.765728,0.675845,-0.120119,-0.972175,0.630483,1.833411,0.381766,-0.855132,0.469379,0.709460,-0.036687
1119,2.238000,1.741952,2557.834,2476.165,-32.246895,10.048273,1.836183,0.755604,2.206125,-1.310976,-2.564281,0.268738,0.117966,-0.872899,0.730113,-0.019848,-1.021938,0.662131,1.924808,0.398007,-1.142321,0.407074,1.054026,0.119082
1120,2.240000,1.761454,2616.203,2483.699,-32.247025,10.033045,1.934805,0.878173,2.052179,-1.545840,-2.604255,0.349871,0.145490,-1.011553,0.739484,0.020130,-1.107241,0.651140,2.002262,0.473510,-1.392722,0.362584,1.339994,0.187019
1121,2.242000,1.772448,2662.908,2487.201,-32.316246,10.080042,2.144044,1.018781,1.815310,-1.760427,-2.607145,0.503629,0.242390,-1.183242,0.700533,0.008033,-1.217230,0.584875,2.034482,0.565054,-1.608452,0.315033,1.542032,0.138697
1122,2.244000,1.775509,2694.515,2486.871,-32.470318,10.169252,2.434292,1.158556,1.539029,-1.950657,-2.571812,0.706705,0.368369,-1.386330,0.617091,-0.025381,-1.314529,0.472194,2.002410,0.636451,-1.774127,0.258289,1.653803,-0.026205
1123,2.246000,1.770882,2711.068,2483.949,-32.714390,10.251177,2.739740,1.259619,1.250530,-2.132494,-2.513433,0.921193,0.478643,-1.609685,0.488078,-0.055732,-1.358236,0.341800,1.901536,0.665896,-1.860062,0.201601,1.682932,-0.287364
1124,2.248000,1.758597,2716.360,2480.333,-33.019215,10.280986,2.974440,1.277972,0.989907,-2.305566,-2.460227,1.089821,0.539138,-1.819375,0.310405,-0.092667,-1.337338,0.230102,1.741267,0.638988,-1.855991,0.144833,1.634795,-0.613989
1125,2.250000,1.739002,2716.704,2478.004,-33.317863,10.242004,3.037426,1.156121,0.824618,-2.420918,-2.445998,1.123056,0.517685,-1.952555,0.109322,-0.171600,-1.295962,0.153969,1.554242,0.567468,-1.787648,0.059102,1.506014,-0.959157
1126,2.252000,1.713910,2718.141,2478.498,-33.538300,10.154684,2.866834,0.848684,0.816526,-2.405924,-2.478494,0.948533,0.386526,-1.952378,-0.049620,-0.297191,-1.302622,0.085118,1.386745,0.510058,-1.694619,-0.105327,1.297272,-1.245277
1127,2.254000,1.686286,2725.870,2482.960,-33.660622,10.055914,2.519176,0.405816,0.984080,-2.248204,-2.524088,0.615754,0.174624,-1.818564,-0.123366,-0.403405,-1.347729,-0.006838,1.266445,0.526330,-1.588886,-0.346847,1.042254,-1.408178
1128,2.256000,1.658924,2744.371,2492.394,-33.684719,10.003023,2.146398,-0.009238,1.339589,-1.981215,-2.518454,0.292258,-0.004163,-1.562747,-0.096546,-0.379948,-1.320328,-0.082766,1.230010,0.642627,-1.445387,-0.564265,0.840926,-1.410296
1129,2.258000,1.634043,2776.155,2507.724,-33.620239,10.003084,1.828921,-0.280354,1.841783,-1.672885,-2.442065,0.080274,-0.089907,-1.223880,0.005240,-0.186059,-1.165074,-0.118886,1.295986,0.825684,-1.280587,-0.689181,0.753831,-1.267802
1130,2.260000,1.613000,2821.574,2530.146,-33.518074,9.972065,1.537008,-0.422719,2.349651,-1.424702,-2.348233,-0.051475,-0.131700,-0.894590,0.093251,0.106583,-0.933309,-0.161375,1.415715,0.988803,-1.162214,-0.757179,0.736689,-1.065314
1131,2.262000,1.595803,2879.591,2560.879,-33.408760,9.857935,1.273686,-0.461641,2.752640,-1.268249,-2.258873,-0.127481,-0.150859,-0.618071,0.129763,0.435633,-0.660342,-0.215979,1.562045,1.105433,-1.098211,-0.803762,0.749954,-0.858600
1132,2.264000,1.582289,2946.550,2599.979,-33.298309,9.648811,1.067229,-0.407740,3.002049,-1.200021,-2.175487,-0.130055,-0.130432,-0.400268,0.141893,0.766145,-0.377083,-0.253442,1.731338,1.186262,-1.056842,-0.837180,0.782256,-0.679562
1133,2.266000,1.572975,3016.290,2645.186,-33.180820,9.373400,0.948907,-0.284326,3.073906,-1.230855,-2.110049,-0.035982,-0.041286,-0.227106,0.181092,1.078833,-0.129782,-0.268151,1.899850,1.235267,-0.998281,-0.840660,0.844327,-0.535020
1134,2.268000,1.569678,3080.392,2691.575,-33.050140,9.092556,0.947345,-0.126567,2.965474,-1.367481,-2.073888,0.159325,0.128276,-0.088667,0.276657,1.365193,0.044075,-0.291638,2.027363,1.253114,-0.894714,-0.785172,0.944152,-0.417534
1135,2.270000,1.573970,3131.811,2733.304,-32.916069,8.861656,1.074971,0.036417,2.717714,-1.577018,-2.063286,0.431969,0.336680,-0.018189,0.401976,1.610965,0.137001,-0.359478,2.080447,1.248560,-0.736584,-0.650760,1.053843,-0.338156
1136,2.272000,1.586072,3167.148,2765.181,-32.791618,8.711809,1.310496,0.181307,2.402665,-1.804938,-2.082566,0.730654,0.516074,-0.065104,0.503430,1.805398,0.177490,-0.484468,2.022476,1.213626,-0.528804,-0.420489,1.129425,-0.320552
1137,2.274000,1.604425,3187.093,2784.094,-32.695572,8.640619,1.605935,0.292310,2.098977,-2.003308,-2.147821,1.000379,0.626296,-0.243019,0.540981,1.944383,0.208154,-0.645509,1.833613,1.126968,-0.286463,-0.084335,1.135708,-0.389876
1138,2.276000,1.626078,3194.832,2789.639,-32.653023,8.628241,1.917803,0.362088,1.859871,-2.143793,-2.264971,1.200785,0.664926,-0.505807,0.520236,2.019685,0.235542,-0.813832,1.543880,0.982497,-0.058937,0.320081,1.066229,-0.533924
1139,2.278000,1.647323,3193.850,2783.942,-32.658764,8.661031,2.184311,0.365812,1.721167,-2.182954,-2.420540,1.282271,0.634906,-0.761081,0.493020,2.008373,0.211360,-0.976299,1.238520,0.810493,0.071559,0.691935,0.936209,-0.694962
1140,2.280000,1.664287,3186.936,2770.953,-32.663784,8.732735,2.308210,0.257082,1.711582,-2.063970,-2.594632,1.182083,0.528155,-0.916151,0.518417,1.880242,0.068699,-1.138670,1.017104,0.671391,0.043803,0.918430,0.767099,-0.797368
1141,2.282000,1.674269,3174.544,2754.844,-32.658958,8.815516,2.256190,0.051446,1.813553,-1.814915,-2.763767,0.923361,0.364958,-0.960865,0.592783,1.655213,-0.168482,-1.303716,0.902595,0.599026,-0.115361,0.974833,0.578477,-0.816496
1142,2.284000,1.676204,3154.974,2738.712,-32.667271,8.891327,2.097056,-0.150318,1.992504,-1.521399,-2.882915,0.640565,0.221073,-0.942952,0.671986,1.413542,-0.376181,-1.435958,0.864693,0.596929,-0.300076,0.939837,0.413147,-0.752847
1143,2.286000,1.670069,3126.848,2724.335,-32.667938,8.992651,1.925320,-0.240822,2.253507,-1.206216,-2.881081,0.481677,0.191148,-0.876278,0.759814,1.253061,-0.434397,-1.466890,0.911674,0.691589,-0.398343,0.909520,0.349858,-0.562942
1144,2.288000,1.656299,3090.940,2712.398,-32.671455,9.098743,1.756354,-0.221472,2.540115,-0.908870,-2.767998,0.474721,0.282084,-0.807145,0.829374,1.177002,-0.353285,-1.404167,1.013089,0.859429,-0.404912,0.876989,0.396665,-0.270312
1145,2.290000,1.635488,3050.291,2702.855,-32.724426,9.151501,1.579623,-0.147282,2.754276,-0.682079,-2.610431,0.569368,0.453697,-0.780366,0.843658,1.130734,-0.217097,-1.296154,1.119232,1.059324,-0.365026,0.786329,0.512137,0.044026
1146,2.292000,1.608802,3008.045,2695.271,-32.853657,9.134285,1.431230,-0.037214,2.841597,-0.536006,-2.446393,0.729813,0.686933,-0.781271,0.812601,1.093886,-0.069710,-1.150142,1.220754,1.284231,-0.292456,0.626828,0.677570,0.327881
1147,2.294000,1.578068,2966.671,2688.788,-33.068985,9.055523,1.343599,0.097128,2.777783,-0.485302,-2.308297,0.919415,0.950954,-0.785001,0.747918,1.070314,0.081331,-0.967712,1.317940,1.524936,-0.200949,0.407205,0.867784,0.556714
1148,2.296000,1.545815,2927.305,2682.106,-33.353275,8.950296,1.336273,0.246003,2.566339,-0.559750,-2.232891,1.102887,1.215242,-0.768185,0.664873,1.081483,0.245833,-0.771207,1.390025,1.752925,-0.117540,0.138906,1.046435,0.732202
1149,2.298000,1.515371,2889.083,2673.837,-33.656013,8.870434,1.422198,0.403049,2.240474,-0.778434,-2.247012,1.257815,1.468143,-0.706537,0.595056,1.157822,0.432961,-0.603952,1.382774,1.915426,-0.078409,-0.167081,1.179118,0.870175
1150,2.300000,1.490136,2850.194,2663.022,-33.916840,8.846692,1.590395,0.555392,1.866323,-1.114930,-2.340647,1.381408,1.709121,-0.590794,0.559955,1.304510,0.630617,-0.514032,1.243073,1.961798,-0.098596,-0.482170,1.236956,0.965329
1151,2.302000,1.473189,2808.249,2648.300,-34.101135,8.862335,1.784450,0.673203,1.532147,-1.489068,-2.470448,1.470307,1.929043,-0.437766,0.546378,1.479764,0.807621,-0.522972,0.967902,1.879481,-0.155327,-0.758529,1.195045,0.988640
1152,2.304000,1.466926,2760.871,2627.437,-34.198021,8.887433,1.927196,0.717972,1.309450,-1.806169,-2.599419,1.495759,2.107025,-0.259512,0.540744,1.623245,0.921999,-0.621753,0.605935,1.686423,-0.234373,-0.974200,1.038917,0.936889
1153,2.306000,1.472817,2706.078,2597.757,-34.211666,8.917528,1.970979,0.668366,1.228173,-1.993170,-2.709947,1.416755,2.217199,-0.050772,0.555371,1.692364,0.924798,-0.790563,0.238856,1.431664,-0.346761,-1.158832,0.768074,0.855861
1154,2.308000,1.491046,2643.337,2557.621,-34.162262,8.973568,1.932273,0.545237,1.274550,-2.026629,-2.792120,1.231484,2.259829,0.196316,0.620613,1.699532,0.809701,-0.990488,-0.051202,1.180260,-0.491567,-1.341277,0.409026,0.805728
1155,2.310000,1.519513,2575.380,2508.494,-34.072987,9.091934,1.893244,0.414142,1.409676,-1.936051,-2.847719,0.982602,2.252544,0.449658,0.731992,1.692369,0.643757,-1.145237,-0.205942,0.990657,-0.618138,-1.481304,0.033695,0.826474
1156,2.312000,1.553694,2508.237,2455.396,-33.941578,9.308768,1.933780,0.319335,1.570075,-1.776859,-2.908274,0.694259,2.172993,0.616366,0.816003,1.678891,0.501275,-1.181883,-0.206407,0.894423,-0.663438,-1.505197,-0.252261,0.953462
1157,2.314000,1.588166,2448.888,2405.609,-33.789127,9.578541,2.044818,0.232954,1.677904,-1.574568,-2.977911,0.418505,2.034494,0.653412,0.824252,1.651629,0.430292,-1.081291,-0.102562,0.858844,-0.646686,-1.429980,-0.403672,1.174177
1158,2.316000,1.617572,2404.726,2367.278,-33.655792,9.810453,2.176814,0.116695,1.683475,-1.339638,-3.045330,0.222071,1.894939,0.594006,0.770565,1.622242,0.451366,-0.878964,0.033416,0.851345,-0.620191,-1.338109,-0.437488,1.427711
1159,2.318000,1.637556,2382.305,2347.782,-33.566662,9.952759,2.313031,-0.024848,1.588785,-1.100955,-3.112056,0.130401,1.789239,0.474680,0.672443,1.597967,0.546092,-0.650795,0.145482,0.870245,-0.602922,-1.287395,-0.369692,1.667298
1160,2.320000,1.645529,2386.698,2351.959,-33.538059,9.996302,2.461464,-0.163174,1.428409,-0.896667,-3.163671,0.138765,1.725677,0.323735,0.548696,1.582698,0.676654,-0.476604,0.195631,0.902200,-0.599120,-1.300710,-0.215916,1.861264
1161,2.322000,1.641201,2421.011,2380.376,-33.574039,9.957062,2.628339,-0.270387,1.238190,-0.764471,-3.166682,0.234377,1.698010,0.157785,0.420527,1.577402,0.806532,-0.408221,0.166255,0.918985,-0.611708,-1.375135,0.005182,1.986678
1162,2.324000,1.626667,2485.816,2428.529,-33.657738,9.864359,2.805811,-0.328316,1.040371,-0.743134,-3.105102,0.395945,1.686707,-0.028249,0.295308,1.583740,0.916122,-0.460484,0.061666,0.910147,-0.632019,-1.492983,0.269719,2.032526
1163,2.326000,1.606152,2578.445,2487.426,-33.763538,9.744613,2.972814,-0.331633,0.841915,-0.859408,-2.993556,0.588793,1.665514,-0.247437,0.162600,1.603498,1.008154,-0.606495,-0.093123,0.891984,-0.634680,-1.627521,0.540001,1.996503
1164,2.328000,1.585576,2691.922,2545.450,-33.869545,9.613452,3.101523,-0.292045,0.646194,-1.107115,-2.866152,0.763162,1.617166,-0.498020,0.001457,1.632111,1.096043,-0.788625,-0.263676,0.882580,-0.589725,-1.744081,0.762336,1.877551
1165,2.330000,1.571716,2813.983,2590.828,-33.958038,9.475154,3.146953,-0.248610,0.470119,-1.437441,-2.763192,0.863754,1.551887,-0.746373,-0.200468,1.654147,1.182232,-0.943915,-0.412744,0.887571,-0.479075,-1.804560,0.892128,1.682539
1166,2.332000,1.570283,2927.997,2615.022,-34.009964,9.334749,3.056955,-0.255899,0.349615,-1.765563,-2.714823,0.840101,1.496390,-0.930417,-0.425629,1.647613,1.240135,-1.029163,-0.496178,0.905694,-0.318864,-1.788491,0.925994,1.452809
1167,2.334000,1.583128,3018.317,2615.883,-33.993752,9.226803,2.817848,-0.345596,0.329763,-1.999579,-2.733879,0.652510,1.457457,-0.999288,-0.635834,1.592052,1.217217,-1.039286,-0.466905,0.946562,-0.159802,-1.719954,0.894899,1.277353
1168,2.336000,1.607690,3074.399,2597.734,-33.900635,9.193626,2.483764,-0.495194,0.430252,-2.096085,-2.810781,0.320853,1.428312,-0.957951,-0.806276,1.490741,1.087540,-1.000476,-0.313770,1.018509,-0.044262,-1.633123,0.831528,1.226202
1169,2.338000,1.638040,3092.448,2568.870,-33.764709,9.265247,2.185848,-0.610011,0.642473,-2.071630,-2.904891,-0.036398,1.427583,-0.869069,-0.955272,1.376299,0.893316,-0.949712,-0.102515,1.089018,0.017855,-1.529413,0.730955,1.249563
1170,2.340000,1.666522,3075.635,2537.911,-33.583107,9.500276,2.079832,-0.558728,0.998382,-1.900488,-2.939149,-0.270388,1.504654,-0.765179,-1.088321,1.280902,0.677429,-0.936054,0.071490,1.100549,-0.009528,-1.452039,0.534370,1.215296
1171,2.342000,1.686705,3030.175,2510.594,-33.418915,9.813259,2.134207,-0.376223,1.421935,-1.635379,-2.944668,-0.358740,1.647656,-0.680203,-1.211223,1.213784,0.471904,-0.974321,0.177414,1.078912,-0.094025,-1.379142,0.290309,1.131907
1172,2.344000,1.695148,2961.971,2489.260,-33.358112,10.059084,2.234105,-0.175250,1.783172,-1.373014,-2.999705,-0.346699,1.818055,-0.638994,-1.318155,1.179813,0.305798,-1.044750,0.220940,1.084938,-0.171282,-1.258388,0.098701,1.075893
1173,2.346000,1.691674,2875.691,2473.746,-33.407604,10.200668,2.356192,0.011967,2.027969,-1.152739,-3.111192,-0.246687,2.009018,-0.626376,-1.376478,1.192219,0.195581,-1.122469,0.196288,1.127016,-0.227367,-1.099710,-0.010924,1.047104
1174,2.348000,1.678181,2776.942,2462.594,-33.552738,10.237911,2.499262,0.169562,2.126182,-1.008618,-3.258254,-0.072421,2.204595,-0.630055,-1.365960,1.254916,0.142262,-1.178337,0.108249,1.185995,-0.262863,-0.934378,-0.042533,1.021265
1175,2.350000,1.656664,2674.454,2454.696,-33.783676,10.172781,2.653917,0.279474,2.067788,-0.963241,-3.401539,0.164188,2.380530,-0.653212,-1.292930,1.352565,0.134191,-1.191869,-0.026927,1.237849,-0.279957,-0.793221,-0.018192,0.976836
1176,2.352000,1.628625,2578.536,2450.078,-34.095882,10.005877,2.800072,0.324261,1.868109,-1.014017,-3.492109,0.454123,2.510916,-0.706351,-1.175056,1.463743,0.161461,-1.154194,-0.182367,1.274426,-0.270901,-0.684219,0.038521,0.900758
1177,2.354000,1.595644,2497.627,2449.258,-34.471180,9.761840,2.927021,0.298826,1.566519,-1.134834,-3.497491,0.774393,2.571154,-0.794785,-1.021614,1.584520,0.230431,-1.060207,-0.324422,1.303820,-0.220730,-0.591118,0.111644,0.785151
1178,2.356000,1.559119,2436.955,2452.507,-34.856079,9.515041,3.050456,0.222715,1.225407,-1.286955,-3.421976,1.072439,2.538818,-0.913491,-0.836278,1.725480,0.366550,-0.888080,-0.408396,1.342792,-0.118420,-0.486554,0.195169,0.626828
1179,2.358000,1.520184,2397.383,2459.291,-35.162334,9.369350,3.186396,0.130516,0.927974,-1.420101,-3.298998,1.275766,2.407414,-1.031393,-0.628089,1.873253,0.585999,-0.595582,-0.384881,1.395987,0.016249,-0.361866,0.292386,0.443568
1180,2.360000,1.479499,2375.709,2468.393,-35.335007,9.360903,3.286267,0.034775,0.753074,-1.472902,-3.156070,1.330990,2.207378,-1.079144,-0.408469,1.969034,0.843682,-0.186138,-0.264222,1.412328,0.108181,-0.253111,0.405494,0.284075
1181,2.362000,1.437805,2365.390,2477.934,-35.407516,9.422909,3.266613,-0.074306,0.719293,-1.423436,-3.014779,1.213427,1.970226,-0.997374,-0.171021,1.983756,1.076054,0.286815,-0.093237,1.360069,0.115802,-0.197801,0.525201,0.199548
1182,2.364000,1.396093,2359.396,2486.412,-35.456421,9.478108,3.120741,-0.176674,0.793682,-1.294677,-2.885552,0.935957,1.701153,-0.800572,0.083209,1.941523,1.240832,0.751524,0.080955,1.258312,0.059987,-0.215182,0.615950,0.194133
1183,2.366000,1.355960,2352.565,2493.735,-35.544933,9.483850,2.908512,-0.236521,0.931815,-1.114380,-2.759862,0.556444,1.416886,-0.546117,0.335252,1.879532,1.325148,1.166000,0.236087,1.138444,-0.019429,-0.289670,0.658314,0.240826
1184,2.368000,1.319623,2342.829,2501.851,-35.680958,9.445804,2.713111,-0.227974,1.101612,-0.897234,-2.624561,0.153265,1.156141,-0.289949,0.554888,1.810080,1.323132,1.511788,0.373286,1.021503,-0.096109,-0.388804,0.653659,0.300124
1185,2.370000,1.289398,2331.515,2514.187,-35.822182,9.394942,2.599745,-0.150204,1.279289,-0.659306,-2.484689,-0.204576,0.957975,-0.069961,0.712783,1.724309,1.228006,1.769226,0.508967,0.927761,-0.150390,-0.472282,0.623510,0.357379
1186,2.372000,1.267095,2321.494,2533.500,-35.919876,9.347040,2.590054,-0.029956,1.436098,-0.433146,-2.369652,-0.469244,0.842861,0.095055,0.793570,1.621773,1.051204,1.919216,0.666324,0.877508,-0.168421,-0.497655,0.605274,0.430864
1187,2.374000,1.254246,2314.080,2559.490,-35.944115,9.300200,2.672336,0.090488,1.537917,-0.257969,-2.308538,-0.609705,0.812818,0.204030,0.797652,1.514856,0.819030,1.951530,0.862252,0.882187,-0.144514,-0.431169,0.635355,0.546545
1188,2.376000,1.253015,2307.264,2587.401,-35.885429,9.257174,2.820963,0.168212,1.557999,-0.161414,-2.305249,-0.613790,0.851146,0.256099,0.722777,1.400857,0.551948,1.872738,1.098530,0.943158,-0.075583,-0.258963,0.730808,0.712495
1189,2.378000,1.265914,2298.010,2609.628,-35.751244,9.226400,2.996866,0.169149,1.493544,-0.149459,-2.334666,-0.481529,0.943215,0.260547,0.576299,1.265218,0.269983,1.709459,1.352685,1.038562,0.021017,-0.018038,0.853925,0.890269
1190,2.380000,1.295480,2283.705,2617.934,-35.552872,9.224964,3.168654,0.099181,1.393340,-0.194896,-2.371422,-0.254710,1.060021,0.235246,0.385689,1.095567,0.002822,1.503788,1.582397,1.126972,0.120431,0.229631,0.935029,1.004221
1191,2.382000,1.342950,2263.342,2606.167,-35.285378,9.283387,3.319467,0.005139,1.347541,-0.252171,-2.426350,-0.035167,1.150633,0.206904,0.194273,0.889721,-0.210606,1.299632,1.732023,1.155196,0.210365,0.447581,0.934653,0.998703
1192,2.384000,1.405825,2239.014,2573.978,-34.928688,9.437037,3.438182,-0.069790,1.421834,-0.293338,-2.528849,0.072242,1.180673,0.219790,0.049170,0.650514,-0.342349,1.129940,1.756127,1.084791,0.292685,0.629310,0.863930,0.879991
1193,2.386000,1.477881,2214.935,2527.145,-34.490097,9.694915,3.529175,-0.102251,1.613677,-0.317057,-2.674640,0.025758,1.145963,0.314261,-0.001125,0.403878,-0.385661,0.992510,1.640732,0.922538,0.369754,0.766615,0.757732,0.708904
1194,2.388000,1.550851,2195.489,2474.566,-34.027878,10.011795,3.587208,-0.099307,1.869454,-0.325289,-2.820893,-0.158118,1.056523,0.503267,0.076184,0.194823,-0.347537,0.862117,1.409604,0.714899,0.437670,0.849833,0.646728,0.538957
1195,2.390000,1.617526,2182.601,2424.092,-33.608604,10.321045,3.594342,-0.082891,2.138627,-0.294608,-2.914799,-0.437150,0.930606,0.774821,0.276066,0.043879,-0.251231,0.719939,1.113661,0.512029,0.486045,0.887612,0.557427,0.384242
1196,2.392000,1.673506,2175.332,2380.288,-33.272743,10.571373,3.536839,-0.075761,2.380967,-0.194925,-2.918140,-0.755417,0.791055,1.097319,0.563007,-0.051292,-0.121261,0.568104,0.807396,0.342222,0.508480,0.910322,0.520067,0.245153
1197,2.394000,1.716703,2171.600,2344.981,-33.030373,10.737745,3.413091,-0.098437,2.556380,-0.014568,-2.818809,-1.050650,0.661612,1.427905,0.892376,-0.093699,0.026149,0.420880,0.525242,0.200802,0.500853,0.945803,0.552544,0.122802
1198,2.396000,1.745862,2170.692,2319.093,-32.875408,10.807856,3.223050,-0.162172,2.639971,0.238929,-2.635937,-1.275940,0.567184,1.735786,1.225867,-0.087338,0.174819,0.296020,0.290861,0.074989,0.468505,0.998467,0.639044,0.011364
1199,2.398000,1.760090,2174.370,2303.914,-32.793701,10.776108,2.963358,-0.265417,2.633431,0.542264,-2.414237,-1.405726,0.540639,2.017493,1.533679,-0.047669,0.304842,0.209040,0.132937,-0.030429,0.433474,1.051673,0.731482,-0.106627
1200,2.400000,1.759262,2186.321,2301.142,-32.762794,10.653853,2.632323,-0.407583,2.549810,0.857125,-2.202058,-1.427777,0.611966,2.279024,1.788334,0.002437,0.402229,0.166158,0.081093,-0.097936,0.426464,1.086432,0.781508,-0.249435
1201,2.402000,1.744254,2211.469,2312.305,-32.763306,10.466980,2.243860,-0.586680,2.402280,1.136726,-2.035136,-1.349964,0.780868,2.514565,1.975249,0.048391,0.464469,0.157327,0.153934,-0.111486,0.467516,1.093998,0.774767,-0.418716
1202,2.404000,1.717552,2254.905,2338.006,-32.786041,10.239019,1.829329,-0.781574,2.222034,1.340121,-1.948045,-1.215170,1.008039,2.701615,2.099849,0.095597,0.509776,0.161279,0.336322,-0.075488,0.562243,1.081724,0.735864,-0.592551
1203,2.406000,1.682492,2321.664,2377.827,-32.813293,9.991998,1.424852,-0.962617,2.050323,1.440201,-1.968293,-1.076427,1.249461,2.813486,2.167591,0.148248,0.557569,0.161443,0.587386,-0.010123,0.705003,1.058337,0.683404,-0.758807
1204,2.408000,1.643457,2413.723,2428.495,-32.804180,9.760670,1.069493,-1.106319,1.915198,1.426022,-2.098388,-0.971397,1.468584,2.826394,2.167397,0.189335,0.604139,0.164630,0.866040,0.059398,0.874716,1.021427,0.605152,-0.932216
1205,2.410000,1.605503,2526.937,2483.168,-32.709949,9.581622,0.796495,-1.197086,1.824342,1.297320,-2.312261,-0.918424,1.628195,2.728044,2.081276,0.183348,0.616854,0.196902,1.124462,0.095037,1.034826,0.965220,0.475122,-1.128282
1206,2.412000,1.573148,2649.891,2533.242,-32.519402,9.458117,0.606527,-1.238039,1.766928,1.059355,-2.559944,-0.912369,1.698133,2.529825,1.900694,0.091748,0.544436,0.269502,1.300238,0.047894,1.148428,0.900894,0.286793,-1.329029
1207,2.414000,1.549348,2765.822,2571.815,-32.276016,9.359274,0.467330,-1.252485,1.716839,0.726349,-2.783551,-0.930503,1.664311,2.261820,1.634449,-0.105357,0.351508,0.365148,1.344011,-0.107989,1.201450,0.859012,0.069357,-1.487759
1208,2.416000,1.535224,2857.405,2596.041,-32.035572,9.265241,0.349913,-1.258469,1.645338,0.328474,-2.940932,-0.958035,1.518955,1.949699,1.302836,-0.404407,0.044817,0.455781,1.244101,-0.354447,1.199752,0.857558,-0.135050,-1.572862
1209,2.418000,1.530773,2910.987,2606.224,-31.827194,9.189888,0.252033,-1.246798,1.542511,-0.080284,-3.005751,-0.988525,1.265660,1.617418,0.942417,-0.785894,-0.335596,0.524308,1.024795,-0.639976,1.159942,0.896221,-0.282064,-1.567979
1210,2.420000,1.535298,2918.836,2603.758,-31.653484,9.175222,0.208726,-1.174929,1.440464,-0.411598,-2.947012,-0.992756,0.953521,1.318336,0.629525,-1.196954,-0.728734,0.579699,0.743064,-0.901097,1.095808,0.962583,-0.343514,-1.472406
1211,2.422000,1.546611,2882.161,2590.295,-31.514603,9.261742,0.273852,-0.995223,1.389739,-0.579665,-2.745281,-0.927495,0.662828,1.118252,0.453674,-1.565370,-1.078966,0.638839,0.462437,-1.091815,1.004497,1.033364,-0.321033,-1.302979
1212,2.424000,1.560799,2811.190,2568.328,-31.450851,9.420229,0.450882,-0.722578,1.381804,-0.587561,-2.447269,-0.800025,0.424114,1.023090,0.440577,-1.858382,-1.369945,0.692963,0.218126,-1.198768,0.877734,1.091593,-0.221733,-1.068982
1213,2.426000,1.573695,2719.892,2541.755,-31.513538,9.581928,0.714367,-0.407891,1.368055,-0.504000,-2.131416,-0.648401,0.226105,0.990843,0.561680,-2.076335,-1.604049,0.714007,0.020351,-1.234721,0.709726,1.129027,-0.052067,-0.776159
1214,2.428000,1.582706,2620.124,2514.836,-31.718470,9.704670,1.059566,-0.085549,1.314150,-0.400439,-1.856587,-0.500107,0.058755,0.976100,0.780544,-2.214780,-1.774052,0.681088,-0.123401,-1.217654,0.502130,1.137355,0.171589,-0.446365
1215,2.430000,1.588218,2518.561,2490.260,-32.039547,9.787918,1.500837,0.227359,1.204972,-0.336696,-1.659707,-0.375543,-0.082265,0.940967,1.067879,-2.249737,-1.858038,0.598020,-0.194521,-1.148049,0.274757,1.111240,0.424932,-0.109904
1216,2.432000,1.592735,2418.284,2468.547,-32.424980,9.858417,2.048796,0.523785,1.047330,-0.348674,-1.555104,-0.286856,-0.189787,0.860196,1.393321,-2.149370,-1.830186,0.489344,-0.175587,-1.010382,0.066818,1.053495,0.671045,0.200708
1217,2.434000,1.598709,2321.939,2448.700,-32.823402,9.936808,2.674858,0.792313,0.863191,-0.444605,-1.539315,-0.228891,-0.232378,0.726673,1.709739,-1.901568,-1.675873,0.378277,-0.086349,-0.804279,-0.082958,0.969080,0.851929,0.451225
1218,2.436000,1.608082,2232.321,2428.525,-33.205139,10.025242,3.325721,1.021135,0.670203,-0.609442,-1.583120,-0.173566,-0.172522,0.549962,1.968871,-1.523118,-1.410929,0.271438,0.027222,-0.559117,-0.176388,0.844448,0.914912,0.617901
1219,2.438000,1.622158,2152.330,2405.250,-33.570156,10.116936,3.967603,1.213486,0.465783,-0.816820,-1.630538,-0.091115,-0.018686,0.338372,2.146514,-1.050593,-1.085641,0.169779,0.150298,-0.309106,-0.266798,0.654297,0.872024,0.707796
1220,2.440000,1.641505,2084.208,2376.298,-33.912815,10.206656,4.558942,1.381592,0.271342,-1.033370,-1.654975,0.018814,0.191878,0.098314,2.213515,-0.538305,-0.734097,0.089752,0.283117,-0.080319,-0.385439,0.407637,0.783123,0.746114
1221,2.442000,1.664958,2030.129,2340.784,-34.201279,10.295521,5.025408,1.524111,0.143646,-1.225034,-1.684380,0.117991,0.424848,-0.152354,2.122554,-0.063641,-0.356568,0.067034,0.401563,0.090518,-0.505933,0.172251,0.710046,0.747111
1222,2.444000,1.688867,1992.794,2301.332,-34.379742,10.389697,5.273185,1.617299,0.149686,-1.354290,-1.771022,0.143640,0.660504,-0.358484,1.845559,0.272207,0.042700,0.152122,0.472863,0.145329,-0.580119,0.044910,0.691780,0.694941
1223,2.446000,1.707495,1974.651,2263.909,-34.414246,10.485665,5.240928,1.623461,0.302663,-1.392314,-1.921608,0.048618,0.866902,-0.443193,1.437264,0.400076,0.400784,0.350687,0.502823,0.068129,-0.592268,0.061582,0.747399,0.595875
1224,2.448000,1.714399,1976.767,2235.621,-34.340248,10.571537,4.968072,1.520081,0.523234,-1.348819,-2.074036,-0.150433,0.995787,-0.380238,1.012497,0.346729,0.619982,0.563919,0.515666,-0.057272,-0.539373,0.159658,0.846244,0.498988
1225,2.450000,1.704178,1998.674,2222.742,-34.245056,10.621029,4.556176,1.321908,0.723780,-1.256929,-2.178750,-0.400494,1.032845,-0.205078,0.642011,0.185767,0.669207,0.692454,0.507546,-0.145335,-0.416456,0.276033,0.927503,0.429723
1226,2.452000,1.673103,2039.474,2230.331,-34.223030,10.590526,4.104502,1.072773,0.866413,-1.142853,-2.238959,-0.657274,0.998431,0.026101,0.337103,-0.029477,0.596462,0.727643,0.472697,-0.185204,-0.261236,0.389810,0.961586,0.386825
1227,2.454000,1.620339,2098.084,2261.891,-34.321869,10.442221,3.682244,0.812842,0.939945,-1.018091,-2.285823,-0.890856,0.918537,0.270112,0.100924,-0.277151,0.465276,0.695363,0.416615,-0.199639,-0.131885,0.500296,0.946583,0.375405
1228,2.456000,1.548695,2172.899,2318.655,-34.525105,10.165389,3.327598,0.564625,0.930341,-0.895491,-2.350543,-1.083413,0.806654,0.501104,-0.051097,-0.547910,0.319089,0.607852,0.346629,-0.207081,-0.067082,0.607633,0.891035,0.411476
1229,2.458000,1.465080,2260.157,2397.742,-34.776409,9.787601,3.059474,0.345582,0.822118,-0.805322,-2.444743,-1.224096,0.675469,0.697592,-0.119675,-0.831633,0.179364,0.477739,0.272817,-0.221626,-0.079054,0.703751,0.816072,0.505260
1230,2.460000,1.379880,2352.450,2491.180,-35.006023,9.373939,2.888086,0.180375,0.623459,-0.775070,-2.548092,-1.310885,0.532794,0.829549,-0.133416,-1.109248,0.052169,0.328006,0.206403,-0.255279,-0.164293,0.766535,0.741333,0.637732
1231,2.462000,1.306116,2437.258,2585.682,-35.144276,9.016265,2.827380,0.093248,0.370249,-0.807262,-2.618104,-1.337046,0.390037,0.874264,-0.127262,-1.352444,-0.061702,0.177573,0.153679,-0.317376,-0.311562,0.780341,0.676763,0.764043
1232,2.464000,1.256167,2499.830,2665.469,-35.168983,8.765223,2.867741,0.080420,0.100147,-0.884258,-2.619696,-1.293649,0.267996,0.839361,-0.112436,-1.523892,-0.152251,0.037418,0.113184,-0.408409,-0.490185,0.769998,0.641257,0.856632
1233,2.466000,1.237882,2529.154,2717.293,-35.097157,8.626947,2.983038,0.130649,-0.139474,-0.961703,-2.531847,-1.174572,0.198635,0.760262,-0.084817,-1.603659,-0.211477,-0.090492,0.067831,-0.526451,-0.658964,0.777569,0.639742,0.895517
1234,2.468000,1.251670,2524.414,2735.105,-34.953674,8.586772,3.133957,0.234400,-0.296100,-0.993539,-2.370484,-0.997197,0.220505,0.681289,-0.053966,-1.610253,-0.240758,-0.198380,0.000699,-0.657541,-0.771202,0.832341,0.649804,0.860280
1235,2.470000,1.291363,2494.959,2721.279,-34.759918,8.608108,3.243603,0.357381,-0.333657,-0.961564,-2.201077,-0.814364,0.369617,0.648592,-0.041359,-1.586362,-0.247336,-0.268757,-0.082439,-0.759530,-0.779014,0.944389,0.649158,0.764851
1236,2.472000,1.346373,2455.931,2685.564,-34.520081,8.655704,3.220002,0.446111,-0.222502,-0.840358,-2.090082,-0.710108,0.643732,0.708543,-0.033497,-1.565838,-0.262648,-0.304360,-0.156781,-0.778585,-0.670424,1.075439,0.616974,0.654468
1237,2.474000,1.406265,2420.941,2639.723,-34.213753,8.732615,3.016775,0.455193,0.051683,-0.585495,-2.048288,-0.747667,0.997023,0.893902,0.035783,-1.530753,-0.318597,-0.326199,-0.187305,-0.653770,-0.454936,1.157128,0.526262,0.566185
1238,2.476000,1.464278,2398.360,2592.914,-33.821289,8.876552,2.682608,0.382580,0.458586,-0.199549,-2.050092,-0.921186,1.368929,1.188046,0.221311,-1.407499,-0.389594,-0.345454,-0.178756,-0.373920,-0.150917,1.137201,0.332154,0.467162
1239,2.478000,1.517057,2392.545,2550.655,-33.377678,9.092164,2.317057,0.259460,0.917255,0.230637,-2.091731,-1.174695,1.721751,1.547866,0.502580,-1.167500,-0.433100,-0.338899,-0.158549,-0.010899,0.177985,0.998321,0.027829,0.308682
1240,2.480000,1.563623,2404.457,2515.155,-32.966286,9.325184,1.999934,0.131744,1.355371,0.604333,-2.193975,-1.450755,2.039850,1.944036,0.811500,-0.865504,-0.456173,-0.292420,-0.149199,0.343576,0.460337,0.769658,-0.326210,0.097507
1241,2.482000,1.603940,2433.051,2486.492,-32.642265,9.518257,1.759554,0.034566,1.744913,0.879190,-2.366735,-1.719400,2.288936,2.343772,1.086769,-0.568824,-0.491237,-0.234233,-0.166333,0.655061,0.691786,0.519144,-0.655104,-0.125209
1242,2.484000,1.638747,2474.828,2463.204,-32.401520,9.652773,1.593371,-0.009617,2.085885,1.059211,-2.599433,-1.964657,2.420876,2.692186,1.280142,-0.324699,-0.556410,-0.206983,-0.216556,0.925752,0.899719,0.311435,-0.898306,-0.310093
1243,2.486000,1.669641,2523.512,2442.800,-32.202244,9.744581,1.481666,0.003506,2.382483,1.163915,-2.864259,-2.169164,2.395387,2.917104,1.356868,-0.157088,-0.645912,-0.237026,-0.302503,1.155479,1.100647,0.191609,-1.008436,-0.415411
1244,2.488000,1.698786,2571.198,2422.816,-32.003571,9.815380,1.385081,0.047549,2.627420,1.215405,-3.113959,-2.304328,2.213533,2.967228,1.313392,-0.059523,-0.719214,-0.298555,-0.417248,1.326375,1.283793,0.173065,-0.974039,-0.435645
1245,2.490000,1.728268,2610.839,2401.849,-31.789570,9.868341,1.251309,0.082507,2.815670,1.229424,-3.315612,-2.356029,1.932364,2.847313,1.169185,-0.019228,-0.729137,-0.329380,-0.542936,1.419110,1.436471,0.251045,-0.829754,-0.407703
1246,2.492000,1.759081,2639.404,2380.269,-31.557896,9.892616,1.037761,0.091632,2.972544,1.210676,-3.484497,-2.351248,1.644745,2.622380,0.951530,-0.040520,-0.659637,-0.281187,-0.656713,1.434225,1.569841,0.419900,-0.637981,-0.389265
1247,2.494000,1.790580,2659.811,2360.544,-31.311422,9.879286,0.745929,0.081963,3.129137,1.158464,-3.640276,-2.331726,1.425277,2.373701,0.700892,-0.128098,-0.533502,-0.152433,-0.730014,1.389774,1.693937,0.651817,-0.450728,-0.414292
1248,2.496000,1.820947,2679.641,2346.147,-31.065664,9.820406,0.417741,0.063426,3.289664,1.068866,-3.764810,-2.315403,1.294467,2.148090,0.460560,-0.270403,-0.396485,0.023373,-0.725530,1.313404,1.793190,0.883276,-0.289952,-0.469180
1249,2.498000,1.847765,2707.656,2339.981,-30.843624,9.703001,0.083837,0.034237,3.448036,0.945642,-3.829921,-2.296324,1.241403,1.956780,0.233723,-0.462253,-0.287932,0.221807,-0.622114,1.218068,1.842642,1.056070,-0.165764,-0.526846
1250,2.500000,1.869235,2750.678,2342.498,-30.671076,9.521305,-0.242752,-0.002993,3.607834,0.808115,-3.826868,-2.263905,1.241428,1.799318,-0.007562,-0.707317,-0.232529,0.440600,-0.430585,1.100408,1.825262,1.151030,-0.080805,-0.574729
1251,2.502000,1.884992,2810.666,2350.979,-30.567005,9.295643,-0.533103,-0.018382,3.783207,0.684321,-3.762779,-2.214558,1.261201,1.673424,-0.285431,-1.004321,-0.247916,0.674898,-0.189572,0.951176,1.731480,1.183465,-0.021390,-0.613236
1252,2.504000,1.896588,2881.940,2360.568,-30.523685,9.081388,-0.727920,0.042038,3.990528,0.600284,-3.643682,-2.146481,1.269162,1.570972,-0.603968,-1.351053,-0.344657,0.905861,0.057183,0.767040,1.562844,1.181354,0.038967,-0.639424
1253,2.506000,1.906216,2952.473,2366.943,-30.534611,8.908036,-0.803925,0.195725,4.209884,0.552172,-3.488883,-2.068188,1.237833,1.479838,-0.941773,-1.743007,-0.519317,1.108701,0.274490,0.557250,1.340323,1.172659,0.123425,-0.652211
1254,2.508000,1.915526,3007.041,2368.289,-30.601702,8.757422,-0.807958,0.399241,4.382287,0.516215,-3.322256,-1.993305,1.142585,1.387673,-1.249151,-2.163384,-0.750090,1.263513,0.433565,0.336976,1.098157,1.170232,0.229743,-0.667694
1255,2.510000,1.924739,3032.001,2365.669,-30.687534,8.640352,-0.781409,0.612780,4.472518,0.498215,-3.140269,-1.920584,0.968620,1.286612,-1.460230,-2.582681,-1.012625,1.341801,0.497609,0.115366,0.873818,1.172960,0.335675,-0.705959
1256,2.512000,1.932412,3019.357,2361.640,-30.739342,8.595355,-0.733208,0.822371,4.476385,0.515660,-2.931033,-1.836776,0.721495,1.176574,-1.517902,-2.961816,-1.273652,1.327281,0.440438,-0.111440,0.688489,1.169728,0.417926,-0.769388
1257,2.514000,1.935623,2969.299,2358.170,-30.745878,8.636327,-0.665263,1.018445,4.386299,0.545463,-2.713760,-1.728719,0.436589,1.063166,-1.406871,-3.261358,-1.477024,1.251279,0.277704,-0.356769,0.533703,1.136399,0.459033,-0.847432
1258,2.516000,1.931215,2888.505,2355.711,-30.711412,8.770963,-0.580589,1.177479,4.182426,0.532938,-2.529647,-1.599522,0.151152,0.942345,-1.153699,-3.441441,-1.561024,1.170413,0.060758,-0.614883,0.406298,1.055136,0.446801,-0.932535
1259,2.518000,1.917014,2786.627,2353.809,-30.657055,8.993412,-0.475283,1.274689,3.852271,0.445273,-2.382159,-1.443354,-0.104674,0.803990,-0.808924,-3.493524,-1.518829,1.109506,-0.159412,-0.866921,0.310256,0.929021,0.389029,-1.014099
1260,2.520000,1.892640,2673.794,2352.127,-30.636993,9.262531,-0.327519,1.310305,3.411782,0.285381,-2.231526,-1.243096,-0.313841,0.642127,-0.425565,-3.448613,-1.412200,1.048215,-0.347080,-1.088672,0.242870,0.775665,0.312329,-1.074810
1261,2.522000,1.860123,2559.205,2350.573,-30.694561,9.536265,-0.095348,1.308910,2.896646,0.049504,-2.059823,-1.006510,-0.485804,0.447119,-0.048717,-3.328348,-1.300786,0.966336,-0.472591,-1.238789,0.202578,0.610071,0.227836,-1.112049
1262,2.524000,1.823822,2450.359,2348.800,-30.839052,9.794235,0.268420,1.303661,2.347506,-0.275020,-1.871474,-0.744940,-0.627655,0.220873,0.296281,-3.116937,-1.206226,0.856695,-0.524812,-1.277392,0.186683,0.445728,0.139132,-1.116071
1263,2.526000,1.788917,2353.348,2345.864,-31.076895,10.018360,0.787647,1.320665,1.791732,-0.689612,-1.665920,-0.450649,-0.728128,-0.019178,0.596423,-2.789079,-1.135270,0.706051,-0.521319,-1.193053,0.187273,0.291920,0.050836,-1.065506
1264,2.528000,1.759163,2273.010,2340.876,-31.428598,10.187050,1.449647,1.375655,1.240311,-1.181586,-1.443785,-0.109316,-0.766213,-0.256913,0.834943,-2.337171,-1.082239,0.500103,-0.494774,-1.004598,0.202059,0.145984,-0.043869,-0.951025
1265,2.530000,1.734745,2212.832,2334.270,-31.912552,10.280554,2.193635,1.463443,0.703295,-1.726388,-1.230795,0.272654,-0.717866,-0.482950,0.981360,-1.788976,-1.025077,0.243887,-0.482790,-0.757548,0.240095,-0.000896,-0.174042,-0.789608
1266,2.532000,1.711810,2174.554,2328.462,-32.497566,10.292559,2.888554,1.543297,0.231205,-2.263431,-1.093276,0.642240,-0.545197,-0.658086,0.999479,-1.231635,-0.940912,-0.012328,-0.507384,-0.521281,0.309066,-0.140830,-0.370029,-0.622238
1267,2.534000,1.684413,2157.701,2327.323,-33.072479,10.238361,3.345499,1.548670,-0.057941,-2.668764,-1.129420,0.881833,-0.198107,-0.667068,0.882849,-0.814174,-0.830474,-0.152907,-0.538948,-0.394674,0.383237,-0.222138,-0.609160,-0.512854
1268,2.536000,1.647836,2159.406,2334.528,-33.557251,10.142239,3.510538,1.478234,-0.110655,-2.850770,-1.343446,0.934469,0.306828,-0.432958,0.717010,-0.601985,-0.736777,-0.114467,-0.492644,-0.405279,0.406668,-0.218635,-0.807418,-0.465881
1269,2.538000,1.601446,2173.930,2351.667,-33.982521,10.024910,3.565080,1.448653,-0.020349,-2.842819,-1.592704,0.912597,0.876120,-0.030348,0.651303,-0.476274,-0.688507,0.034598,-0.304285,-0.450565,0.370745,-0.160697,-0.905530,-0.415666
1270,2.540000,1.550571,2192.940,2376.722,-34.362862,9.899091,3.646533,1.552704,0.134249,-2.716685,-1.792703,0.915193,1.446641,0.432432,0.759207,-0.326795,-0.659153,0.230172,0.001513,-0.452256,0.328505,-0.040215,-0.913231,-0.362470
1271,2.542000,1.507206,2204.335,2402.962,-34.692062,9.759281,3.778715,1.786456,0.298593,-2.535625,-1.943077,0.943347,1.955206,0.857909,1.038490,-0.125136,-0.638439,0.433271,0.366857,-0.375650,0.323302,0.153337,-0.851135,-0.340129
1272,2.544000,1.486301,2194.664,2420.817,-34.959084,9.604935,3.949270,2.093540,0.431912,-2.346200,-2.066432,0.951435,2.324652,1.164583,1.430343,0.101369,-0.643297,0.601774,0.728472,-0.211368,0.372119,0.396885,-0.738842,-0.371114
1273,2.546000,1.496928,2158.978,2423.413,-35.158829,9.451115,4.163657,2.434572,0.526993,-2.178892,-2.169244,0.918972,2.503798,1.311306,1.845963,0.304330,-0.690504,0.691566,1.025683,0.022592,0.466912,0.646830,-0.594286,-0.452538
1274,2.548000,1.535911,2106.467,2411.344,-35.297417,9.316664,4.442746,2.803943,0.599017,-2.060952,-2.247344,0.868051,2.484347,1.291727,2.190028,0.435992,-0.782365,0.679600,1.216808,0.275571,0.560125,0.858579,-0.413358,-0.552046
1275,2.550000,1.589325,2054.600,2392.731,-35.375835,9.216419,4.769791,3.171134,0.657876,-1.995813,-2.278957,0.840681,2.281844,1.113407,2.403662,0.496966,-0.890903,0.573738,1.285028,0.489625,0.596171,1.001574,-0.185432,-0.637600
1276,2.552000,1.639289,2018.959,2378.626,-35.393646,9.152632,5.075941,3.464272,0.700006,-1.961617,-2.240211,0.878480,1.946122,0.810480,2.482096,0.535545,-0.959159,0.422570,1.248257,0.625614,0.544739,1.064390,0.082143,-0.703448
1277,2.554000,1.671083,2008.018,2377.449,-35.350433,9.124235,5.280968,3.609713,0.722905,-1.924922,-2.139889,0.986499,1.549921,0.440742,2.438051,0.576975,-0.956219,0.278615,1.141121,0.664091,0.420791,1.063469,0.364468,-0.758195
1278,2.556000,1.675802,2024.755,2393.438,-35.252922,9.122202,5.316736,3.556726,0.730732,-1.858975,-2.028736,1.122157,1.170002,0.070233,2.280980,0.602834,-0.893137,0.178635,1.006891,0.605687,0.276519,1.041052,0.642869,-0.795057
1279,2.558000,1.650257,2069.379,2427.273,-35.121483,9.132473,5.154047,3.298841,0.735782,-1.751395,-1.968127,1.217534,0.863362,-0.242383,2.032518,0.585001,-0.808139,0.134172,0.888335,0.468336,0.157124,1.027397,0.907355,-0.796194
1280,2.560000,1.597050,2139.865,2476.095,-34.983288,9.142021,4.803640,2.866832,0.756766,-1.600408,-1.998110,1.204398,0.648718,-0.456741,1.732033,0.512110,-0.740835,0.138436,0.818326,0.281096,0.074616,1.025521,1.153284,-0.753292
1281,2.562000,1.524794,2230.157,2532.591,-34.868591,9.143993,4.318414,2.317423,0.793890,-1.429631,-2.122397,1.054611,0.522112,-0.568419,1.408612,0.392604,-0.706511,0.172175,0.799329,0.072868,0.023856,1.031022,1.367518,-0.690746
1282,2.564000,1.447343,2327.513,2585.334,-34.804562,9.133715,3.777174,1.719640,0.824846,-1.274872,-2.306121,0.792645,0.477216,-0.604959,1.067932,0.241728,-0.703574,0.201548,0.801175,-0.128930,-0.000839,1.042592,1.531730,-0.644245
1283,2.566000,1.380930,2412.353,2622.011,-34.792252,9.120193,3.263485,1.151035,0.852268,-1.130275,-2.487737,0.468931,0.515445,-0.589189,0.710986,0.063339,-0.732525,0.199922,0.790881,-0.299561,-0.012625,1.048672,1.633849,-0.643409
1284,2.568000,1.337908,2466.155,2635.746,-34.794258,9.146353,2.869587,0.698486,0.923918,-0.942970,-2.596045,0.151216,0.652263,-0.519795,0.359965,-0.134407,-0.784098,0.171670,0.759343,-0.409662,-0.025536,1.024572,1.670338,-0.704275
1285,2.570000,1.322332,2481.157,2628.298,-34.772713,9.242007,2.649297,0.413930,1.083235,-0.675290,-2.595469,-0.099271,0.900623,-0.384239,0.062887,-0.315479,-0.820318,0.158015,0.744230,-0.401409,-0.019632,0.979425,1.686084,-0.780153
1286,2.572000,1.330211,2463.728,2607.926,-34.702568,9.398108,2.591798,0.305665,1.343131,-0.339705,-2.502635,-0.246902,1.243764,-0.193041,-0.146243,-0.445231,-0.811601,0.179244,0.780510,-0.247469,0.005145,0.921362,1.724271,-0.817725
1287,2.574000,1.353840,2428.764,2584.666,-34.582176,9.550833,2.610711,0.330504,1.665861,-0.016283,-2.392743,-0.308111,1.604721,-0.002610,-0.280126,-0.529142,-0.773823,0.204301,0.855978,-0.008725,-0.011587,0.823823,1.768105,-0.824144
1288,2.576000,1.386651,2391.353,2566.339,-34.405922,9.639242,2.610469,0.436222,2.013219,0.226798,-2.316200,-0.297940,1.896954,0.136089,-0.350260,-0.574109,-0.721562,0.220289,0.964009,0.229583,-0.112423,0.685726,1.785882,-0.824439
1289,2.578000,1.425684,2361.551,2555.924,-34.159756,9.654230,2.544207,0.566864,2.361186,0.390419,-2.264640,-0.220478,2.063779,0.200961,-0.362543,-0.575655,-0.636045,0.246997,1.102225,0.406990,-0.277553,0.547122,1.768954,-0.816693
1290,2.580000,1.470131,2344.111,2552.076,-33.843296,9.628300,2.411880,0.653411,2.681998,0.515077,-2.214597,-0.099317,2.091895,0.196911,-0.327414,-0.519694,-0.481864,0.296573,1.240417,0.489579,-0.462344,0.446612,1.729829,-0.780670
1291,2.582000,1.518916,2340.143,2551.260,-33.473984,9.605902,2.239533,0.655044,2.954780,0.619751,-2.170763,0.017757,1.999554,0.137912,-0.257456,-0.399167,-0.253440,0.359164,1.342334,0.465234,-0.638899,0.405998,1.694741,-0.697518
1292,2.584000,1.569156,2348.987,2550.464,-33.089424,9.608744,2.055327,0.574768,3.171728,0.693565,-2.156135,0.081571,1.816385,0.034390,-0.168183,-0.226638,0.018472,0.418625,1.391780,0.344886,-0.791759,0.437572,1.687250,-0.563533
1293,2.586000,1.616680,2368.986,2548.137,-32.726345,9.642357,1.883986,0.434813,3.323959,0.718265,-2.190089,0.057848,1.569593,-0.104736,-0.073182,-0.021976,0.295553,0.467421,1.390311,0.157474,-0.905216,0.545433,1.723308,-0.379010
1294,2.588000,1.657739,2397.702,2543.767,-32.401676,9.708962,1.747289,0.262309,3.401288,0.683556,-2.281296,-0.068485,1.280489,-0.266507,0.010200,0.178369,0.532552,0.505194,1.350794,-0.056567,-0.965446,0.722129,1.815513,-0.140183
1295,2.590000,1.689415,2433.646,2538.016,-32.119019,9.796505,1.641826,0.071803,3.400470,0.602149,-2.413692,-0.279752,0.985529,-0.414719,0.072323,0.327845,0.687408,0.538487,1.284176,-0.264584,-0.981963,0.926718,1.946234,0.130145
1296,2.592000,1.711021,2476.536,2531.276,-31.867287,9.884249,1.529258,-0.143824,3.330412,0.508337,-2.554457,-0.526272,0.747564,-0.496880,0.108668,0.383165,0.739691,0.574475,1.186029,-0.447978,-0.973782,1.101341,2.060483,0.372735
1297,2.594000,1.725574,2525.307,2522.095,-31.617729,9.963007,1.367921,-0.391552,3.217117,0.435652,-2.691259,-0.762532,0.623954,-0.477315,0.110905,0.323318,0.701243,0.612495,1.041766,-0.585451,-0.931220,1.218338,2.105728,0.530176
1298,2.596000,1.738914,2577.239,2507.563,-31.337975,10.041531,1.144135,-0.654313,3.107288,0.410989,-2.830389,-0.953579,0.647599,-0.346982,0.076817,0.173585,0.622772,0.644784,0.837874,-0.658515,-0.832388,1.268402,2.035506,0.564387
1299,2.598000,1.757510,2628.503,2484.919,-31.006500,10.146267,0.887087,-0.888059,3.049885,0.452217,-2.970409,-1.070723,0.812972,-0.125239,0.010496,-0.009896,0.568810,0.660833,0.579208,-0.662443,-0.682191,1.229738,1.804595,0.449640
1300,2.600000,1.786015,2674.655,2453.446,-30.647390,10.270947,0.622368,-1.064835,3.043923,0.536560,-3.101876,-1.104100,1.059628,0.147187,-0.070190,-0.170817,0.586204,0.663631,0.309437,-0.592337,-0.492491,1.108308,1.424447,0.213917
1301,2.602000,1.825056,2712.933,2415.539,-30.311119,10.377951,0.352406,-1.173369,3.061636,0.621724,-3.198307,-1.044181,1.318476,0.437771,-0.136512,-0.278881,0.689174,0.668416,0.081878,-0.457800,-0.266772,0.958844,0.960567,-0.078499
1302,2.604000,1.871478,2742.177,2375.588,-30.029997,10.445691,0.079382,-1.198817,3.093585,0.679120,-3.222370,-0.875594,1.548855,0.729633,-0.162607,-0.336549,0.856659,0.684732,-0.079987,-0.302185,-0.021420,0.837827,0.473542,-0.388478
1303,2.606000,1.918807,2763.393,2338.825,-29.822842,10.463820,-0.200896,-1.144180,3.136121,0.678696,-3.166992,-0.607609,1.722484,0.998038,-0.138763,-0.369999,1.043848,0.714289,-0.183526,-0.181451,0.222051,0.781526,0.014528,-0.691275
1304,2.608000,1.959816,2777.739,2309.461,-29.682369,10.451868,-0.471568,-1.012067,3.198055,0.604212,-3.050163,-0.277592,1.812880,1.198352,-0.085205,-0.428874,1.184467,0.738203,-0.264456,-0.146678,0.447226,0.809338,-0.360092,-0.945914
1305,2.610000,1.989226,2784.142,2289.737,-29.578575,10.453660,-0.689368,-0.791738,3.296597,0.466981,-2.892284,0.061603,1.798435,1.283373,-0.041398,-0.564002,1.217421,0.732352,-0.359906,-0.217901,0.653149,0.936509,-0.584649,-1.090339
1306,2.612000,2.004450,2779.527,2280.243,-29.507038,10.476074,-0.835086,-0.489933,3.432756,0.301693,-2.690979,0.382490,1.704981,1.265583,-0.001723,-0.762442,1.146902,0.712961,-0.470605,-0.373866,0.840421,1.147747,-0.635368,-1.106193
1307,2.614000,2.005561,2759.791,2280.499,-29.480946,10.503344,-0.899816,-0.123100,3.592056,0.145318,-2.429032,0.677300,1.583959,1.193441,0.068085,-0.974398,1.013071,0.703169,-0.592148,-0.593234,0.984132,1.376734,-0.556528,-1.036081
1308,2.616000,1.994732,2721.064,2289.224,-29.500088,10.536536,-0.856193,0.295438,3.745898,0.006120,-2.112101,0.915080,1.449100,1.082528,0.173008,-1.175730,0.834845,0.692211,-0.743377,-0.873413,1.040728,1.533581,-0.427477,-0.939003
1309,2.618000,1.975330,2661.224,2304.254,-29.570589,10.566671,-0.693406,0.725906,3.844395,-0.138720,-1.770849,1.056540,1.291230,0.938084,0.315751,-1.343232,0.639809,0.682281,-0.915924,-1.186804,0.995533,1.565949,-0.306819,-0.850798
1310,2.620000,1.950460,2582.005,2322.956,-29.708618,10.575443,-0.416719,1.114938,3.841368,-0.313806,-1.440501,1.083120,1.098725,0.767789,0.498418,-1.455153,0.457328,0.689732,-1.069488,-1.476650,0.875347,1.481484,-0.213585,-0.779244
1311,2.622000,1.921425,2490.729,2343.565,-29.928469,10.551783,-0.027056,1.424016,3.708295,-0.531400,-1.151554,1.002462,0.861950,0.576010,0.712271,-1.497365,0.299989,0.718586,-1.166390,-1.693422,0.720214,1.316309,-0.151273,-0.726531
1312,2.624000,1.887255,2399.082,2366.748,-30.252598,10.474015,0.475050,1.643958,3.442061,-0.773138,-0.906147,0.858702,0.588936,0.372283,0.941892,-1.465494,0.149829,0.735949,-1.204543,-1.818793,0.564507,1.121754,-0.100292,-0.676901
1313,2.626000,1.844970,2319.986,2395.931,-30.695030,10.327053,1.091906,1.789993,3.049377,-1.008691,-0.697829,0.696237,0.287040,0.165610,1.179442,-1.349133,-0.011573,0.706909,-1.192732,-1.846899,0.428039,0.939561,-0.037888,-0.619350
1314,2.628000,1.790344,2264.599,2435.970,-31.253500,10.114683,1.811428,1.877383,2.536685,-1.212159,-0.522233,0.540468,-0.042248,-0.042699,1.422835,-1.135839,-0.179744,0.624452,-1.129113,-1.772598,0.309088,0.784712,0.042485,-0.556497
1315,2.630000,1.719478,2240.390,2490.648,-31.912535,9.846525,2.568101,1.899387,1.929493,-1.358679,-0.376368,0.411652,-0.370645,-0.255542,1.642254,-0.840143,-0.330269,0.507886,-1.017774,-1.603073,0.200307,0.656490,0.129428,-0.486384
1316,2.632000,1.631287,2250.183,2559.673,-32.612694,9.545668,3.225228,1.828216,1.310245,-1.428608,-0.300844,0.320372,-0.611719,-0.468224,1.747146,-0.509322,-0.397805,0.407454,-0.893722,-1.362376,0.132084,0.554189,0.168263,-0.409696
1317,2.634000,1.529804,2290.775,2636.490,-33.292656,9.242115,3.665607,1.640784,0.757510,-1.430565,-0.351434,0.257360,-0.701546,-0.675358,1.666010,-0.189684,-0.343968,0.358966,-0.778165,-1.063597,0.133529,0.463148,0.114930,-0.311549
1318,2.636000,1.424561,2351.345,2708.340,-33.974586,8.952444,3.908076,1.343767,0.249644,-1.402950,-0.506677,0.199055,-0.694881,-0.859930,1.472125,0.095561,-0.258141,0.346864,-0.613835,-0.712279,0.143505,0.362903,0.038307,-0.162055
1319,2.638000,1.329316,2413.711,2759.455,-34.653282,8.697878,3.989263,0.964050,-0.213240,-1.375876,-0.760111,0.112592,-0.621076,-0.957750,1.251992,0.303926,-0.219221,0.366540,-0.387649,-0.367164,0.120674,0.285809,0.003152,0.006778
1320,2.640000,1.258549,2455.863,2777.567,-35.275959,8.524837,3.991446,0.575018,-0.612713,-1.376517,-1.082428,0.017279,-0.477912,-0.926012,1.064202,0.417389,-0.256677,0.385203,-0.165427,-0.088519,0.078235,0.244807,-0.008693,0.145382
1321,2.642000,1.221249,2462.763,2761.463,-35.783554,8.487568,4.071714,0.307754,-0.930824,-1.415587,-1.381143,-0.019398,-0.293961,-0.803388,0.939356,0.461714,-0.370318,0.339446,-0.029806,0.101123,0.033503,0.183353,-0.077796,0.219792
1322,2.644000,1.215624,2436.563,2723.822,-36.127083,8.582932,4.306469,0.244345,-1.116686,-1.453452,-1.599718,0.011443,-0.090363,-0.631584,0.856402,0.444513,-0.514884,0.239684,-0.000740,0.189767,-0.021477,0.075989,-0.228133,0.196107
1323,2.646000,1.229569,2394.305,2685.636,-36.326012,8.721107,4.654292,0.345185,-1.172348,-1.461982,-1.735584,0.075823,0.135554,-0.433232,0.774166,0.383894,-0.616313,0.137583,-0.038958,0.214072,-0.066790,-0.032352,-0.407252,0.074562
1324,2.648000,1.248106,2354.927,2665.253,-36.445217,8.812739,5.048381,0.513207,-1.152770,-1.434963,-1.789011,0.157671,0.386341,-0.234591,0.658663,0.314831,-0.630969,0.053670,-0.107567,0.219329,-0.085188,-0.101186,-0.565155,-0.121211
1325,2.650000,1.259846,2330.475,2671.710,-36.549011,8.822847,5.443156,0.669575,-1.118926,-1.377895,-1.750442,0.262351,0.639479,-0.074385,0.492648,0.265102,-0.560238,-0.022952,-0.191002,0.225046,-0.085304,-0.127597,-0.687105,-0.364351
1326,2.652000,1.258680,2325.874,2705.180,-36.675117,8.751718,5.793951,0.767757,-1.113481,-1.306031,-1.626106,0.387497,0.856997,0.023458,0.280860,0.234418,-0.424629,-0.096370,-0.279230,0.226628,-0.080922,-0.116706,-0.772628,-0.634026
1327,2.654000,1.245503,2338.473,2757.582,-36.819878,8.628691,6.072392,0.798456,-1.144731,-1.230687,-1.443929,0.517538,1.010121,0.064435,0.043871,0.194604,-0.259218,-0.161196,-0.350949,0.223263,-0.068802,-0.072147,-0.827991,-0.913742
1328,2.656000,1.227323,2359.209,2814.940,-36.954750,8.496218,6.272517,0.775538,-1.194255,-1.149633,-1.242037,0.632344,1.090276,0.070317,-0.195275,0.119163,-0.102420,-0.207836,-0.379610,0.224603,-0.031291,0.002880,-0.853787,-1.182630
1329,2.658000,1.214012,2375.946,2861.754,-37.043175,8.400026,6.410971,0.720340,-1.244068,-1.054702,-1.050874,0.721056,1.111815,0.063497,-0.415888,0.008028,0.019706,-0.233777,-0.359224,0.235849,0.051782,0.106558,-0.833089,-1.408261
1330,2.660000,1.214317,2378.073,2885.817,-37.054710,8.375036,6.514276,0.655175,-1.293699,-0.951215,-0.887262,0.784986,1.107314,0.062221,-0.595128,-0.107608,0.105864,-0.249040,-0.316007,0.248972,0.188378,0.224667,-0.750599,-1.557353
1331,2.662000,1.233001,2360.299,2881.822,-36.965225,8.443705,6.612187,0.612610,-1.338737,-0.858455,-0.766515,0.823629,1.111188,0.083973,-0.706678,-0.178339,0.177787,-0.263773,-0.284208,0.255401,0.381304,0.345256,-0.591803,-1.598697
1332,2.664000,1.269469,2324.217,2852.165,-36.766312,8.605127,6.715822,0.625963,-1.353653,-0.791440,-0.702359,0.825261,1.133070,0.136222,-0.741045,-0.179248,0.247991,-0.283884,-0.282327,0.250036,0.622813,0.464240,-0.352679,-1.528223
1333,2.666000,1.318822,2276.362,2803.814,-36.479622,8.822581,6.793003,0.701189,-1.304286,-0.740548,-0.685695,0.792135,1.169100,0.221645,-0.707764,-0.122216,0.307926,-0.309182,-0.310126,0.219088,0.866921,0.557584,-0.067198,-1.387061
1334,2.668000,1.373540,2224.977,2745.098,-36.145546,9.053652,6.798975,0.816272,-1.170705,-0.684676,-0.697556,0.739922,1.210971,0.338994,-0.629738,-0.041627,0.341340,-0.332324,-0.355409,0.147402,1.051550,0.603647,0.218515,-1.220381
1335,2.670000,1.425728,2177.160,2683.178,-35.805729,9.271106,6.702715,0.929409,-0.962895,-0.615673,-0.735780,0.671224,1.246083,0.491819,-0.524810,0.029227,0.343860,-0.328973,-0.393834,0.028758,1.131078,0.610850,0.476488,-1.042671
1336,2.672000,1.468120,2138.272,2623.777,-35.502514,9.458390,6.500098,1.003268,-0.709655,-0.542754,-0.814225,0.570890,1.259089,0.684460,-0.401730,0.071485,0.325263,-0.269111,-0.404179,-0.131972,1.091937,0.607856,0.687577,-0.851251
1337,2.674000,1.495262,2111.633,2571.132,-35.279289,9.603964,6.214733,1.021909,-0.443324,-0.483255,-0.937500,0.429470,1.241563,0.912026,-0.265260,0.086681,0.297084,-0.142865,-0.381502,-0.319868,0.948702,0.613525,0.826752,-0.645299
1338,2.676000,1.505458,2097.871,2527.303,-35.163979,9.705441,5.881991,0.981326,-0.197806,-0.457357,-1.099439,0.243268,1.192998,1.162205,-0.114051,0.094254,0.266154,0.037616,-0.328479,-0.513288,0.727136,0.612663,0.863937,-0.422366
1339,2.678000,1.501077,2095.439,2493.104,-35.152969,9.771549,5.539799,0.885984,-0.003135,-0.485139,-1.296284,0.011641,1.124491,1.421362,0.054088,0.114771,0.240992,0.254886,-0.254548,-0.699972,0.451606,0.568590,0.780157,-0.178711
1340,2.680000,1.487485,2101.687,2469.344,-35.216301,9.811100,5.231287,0.765893,0.137635,-0.564457,-1.520526,-0.255204,1.054967,1.666484,0.229565,0.145506,0.225159,0.484901,-0.184170,-0.876107,0.158606,0.463190,0.588277,0.082752
1341,2.682000,1.471713,2113.175,2456.793,-35.303581,9.830418,5.000528,0.677134,0.265009,-0.640897,-1.734904,-0.528052,1.005927,1.873123,0.402922,0.165365,0.207495,0.689877,-0.153295,-1.025244,-0.092910,0.307669,0.327085,0.345324
1342,2.684000,1.460740,2126.162,2455.393,-35.347801,9.844305,4.878513,0.666335,0.430304,-0.638554,-1.884550,-0.770358,0.992386,2.033437,0.587499,0.171370,0.184533,0.835758,-0.191765,-1.116836,-0.249388,0.116385,0.030476,0.575978
1343,2.686000,1.459302,2137.631,2463.563,-35.310249,9.849939,4.848737,0.723015,0.640257,-0.531063,-1.942602,-0.957307,1.011158,2.143488,0.793757,0.177573,0.168840,0.905706,-0.307263,-1.123175,-0.289979,-0.098546,-0.279223,0.731255
1344,2.688000,1.468398,2145.902,2477.960,-35.208920,9.818967,4.847552,0.784250,0.852143,-0.362232,-1.933896,-1.082783,1.039814,2.186244,0.998223,0.191884,0.173412,0.905478,-0.475685,-1.028841,-0.222308,-0.311405,-0.569474,0.781533
1345,2.690000,1.485233,2150.848,2494.535,-35.079262,9.751413,4.830104,0.804339,1.034399,-0.194396,-1.910888,-1.155626,1.051489,2.147236,1.166325,0.218429,0.204786,0.863638,-0.642912,-0.826013,-0.058882,-0.478188,-0.791928,0.727734
1346,2.692000,1.505012,2153.764,2509.739,-34.945847,9.683029,4.787071,0.773614,1.185055,-0.072221,-1.923674,-1.194412,1.027589,2.025272,1.271048,0.253809,0.262072,0.821601,-0.742760,-0.516106,0.189077,-0.556671,-0.902188,0.601548
1347,2.694000,1.523945,2156.642,2520.564,-34.817459,9.650352,4.707956,0.686574,1.319149,0.002535,-1.981497,-1.192214,0.991331,1.845834,1.287576,0.271585,0.331643,0.806314,-0.749343,-0.153706,0.473656,-0.553492,-0.904478,0.436317
1348,2.696000,1.540674,2162.513,2524.782,-34.670593,9.686846,4.566227,0.532225,1.469975,0.070969,-2.062848,-1.125801,1.004534,1.653167,1.181631,0.222475,0.398966,0.830283,-0.691185,0.157865,0.723512,-0.517842,-0.860796,0.239555
1349,2.698000,1.557431,2174.423,2519.894,-34.463127,9.811304,4.322300,0.304536,1.677942,0.172022,-2.175977,-1.016039,1.121588,1.495001,0.930917,0.069961,0.469802,0.911145,-0.602617,0.343550,0.913573,-0.476460,-0.830126,0.023593
1350,2.700000,1.578803,2196.176,2503.717,-34.191288,9.997311,3.955801,0.013976,1.937879,0.296688,-2.355018,-0.927524,1.349776,1.404634,0.563439,-0.167377,0.563673,1.060877,-0.485537,0.403465,1.073825,-0.420434,-0.828001,-0.173072
1351,2.702000,1.610018,2231.389,2475.731,-33.886574,10.201911,3.524566,-0.282545,2.192514,0.411041,-2.590394,-0.903696,1.649162,1.375647,0.138570,-0.424120,0.685585,1.248105,-0.338267,0.372580,1.223210,-0.359060,-0.858454,-0.324256
1352,2.704000,1.654609,2281.371,2438.087,-33.572525,10.382045,3.107390,-0.521413,2.375418,0.491291,-2.840173,-0.954973,1.968689,1.382009,-0.297035,-0.640077,0.834830,1.429234,-0.173112,0.293671,1.365288,-0.308846,-0.920249,-0.422951
1353,2.706000,1.712703,2343.076,2395.042,-33.232449,10.520572,2.757847,-0.665160,2.454883,0.529853,-3.075291,-1.074882,2.264930,1.404860,-0.708851,-0.782268,1.018087,1.584625,-0.016402,0.206166,1.490012,-0.278226,-1.000522,-0.471645
1354,2.708000,1.780182,2409.934,2352.014,-32.835342,10.629654,2.501313,-0.706196,2.445494,0.524822,-3.293549,-1.237919,2.509438,1.434689,-1.060099,-0.846387,1.235038,1.716134,0.104074,0.141686,1.576593,-0.266571,-1.075704,-0.478049
1355,2.710000,1.850284,2473.858,2313.488,-32.380074,10.723323,2.326374,-0.669777,2.385709,0.476048,-3.503844,-1.394422,2.707083,1.476710,-1.312170,-0.848808,1.461524,1.823992,0.171379,0.112110,1.599107,-0.266129,-1.118919,-0.452158
1356,2.712000,1.916021,2527.281,2281.673,-31.900097,10.806238,2.192671,-0.601150,2.316416,0.388378,-3.717851,-1.499687,2.873811,1.531205,-1.445274,-0.809420,1.661582,1.900386,0.191575,0.116024,1.540063,-0.268791,-1.110382,-0.410817
1357,2.714000,1.971923,2564.516,2256.600,-31.445732,10.878411,2.066822,-0.531467,2.278297,0.286552,-3.930193,-1.529244,3.010350,1.579647,-1.467358,-0.748704,1.798548,1.936718,0.190474,0.162353,1.420191,-0.258137,-1.043452,-0.384774
1358,2.716000,2.014687,2582.305,2237.080,-31.063335,10.941687,1.938485,-0.466857,2.298127,0.197274,-4.126835,-1.476314,3.104672,1.590528,-1.399149,-0.676102,1.854208,1.924244,0.183723,0.260576,1.282001,-0.223535,-0.921485,-0.386482
1359,2.718000,2.042477,2580.745,2221.954,-30.787369,10.996338,1.803415,-0.396295,2.389441,0.125821,-4.309782,-1.342414,3.153897,1.524222,-1.273875,-0.586795,1.838510,1.844780,0.168957,0.423171,1.160556,-0.180477,-0.746559,-0.385890
1360,2.720000,2.054326,2563.930,2210.994,-30.652884,11.038130,1.670728,-0.309953,2.542116,0.066947,-4.480155,-1.140808,3.159689,1.359278,-1.123656,-0.483912,1.772464,1.689991,0.144582,0.648049,1.068269,-0.148558,-0.525963,-0.349431
1361,2.722000,2.049872,2540.176,2205.784,-30.694977,11.056933,1.573969,-0.214337,2.711701,0.020589,-4.613897,-0.898380,3.112736,1.113156,-0.960771,-0.384552,1.672864,1.481072,0.125843,0.905315,0.998170,-0.124625,-0.284240,-0.278261
1362,2.724000,2.029518,2521.624,2210.110,-30.912254,11.037262,1.542141,-0.122429,2.847865,-0.019116,-4.682842,-0.631496,3.011075,0.811284,-0.795401,-0.292543,1.547767,1.231485,0.130454,1.163752,0.932086,-0.109940,-0.056966,-0.181672
1363,2.726000,1.995188,2522.782,2229.094,-31.262112,10.962033,1.593451,-0.039919,2.906967,-0.067406,-4.664897,-0.341689,2.865220,0.468766,-0.644117,-0.198098,1.386345,0.926845,0.156704,1.394660,0.851114,-0.117468,0.125268,-0.057558
1364,2.728000,1.951262,2558.358,2266.443,-31.695805,10.809528,1.736042,0.035660,2.851194,-0.145220,-4.547167,-0.022144,2.690706,0.096350,-0.518182,-0.086107,1.166626,0.541700,0.177315,1.577295,0.751927,-0.162520,0.252803,0.105689
1365,2.730000,1.905060,2639.214,2320.446,-32.189003,10.556780,1.967662,0.111161,2.654986,-0.271493,-4.327131,0.333628,2.498687,-0.298402,-0.419251,0.063691,0.883202,0.070677,0.158685,1.718640,0.653016,-0.262960,0.330934,0.315647
1366,2.732000,1.865983,2766.401,2381.161,-32.722263,10.215634,2.295511,0.209781,2.321559,-0.448549,-3.997814,0.733006,2.300204,-0.714196,-0.355756,0.266922,0.558074,-0.466371,0.075254,1.835394,0.559715,-0.459016,0.336853,0.543883
1367,2.734000,1.843557,2924.703,2432.658,-33.257309,9.845714,2.732528,0.366687,1.894723,-0.654387,-3.546576,1.185551,2.118804,-1.143967,-0.359715,0.515990,0.240971,-1.028957,-0.096490,1.917607,0.452556,-0.786585,0.224471,0.731216
1368,2.736000,1.843782,3084.147,2462.213,-33.765663,9.476846,3.207321,0.562901,1.440820,-0.873614,-3.027815,1.661693,2.001300,-1.551126,-0.486174,0.772653,0.028570,-1.524410,-0.360723,1.951087,0.368384,-1.169981,0.010473,0.849834
1369,2.738000,1.866566,3211.240,2468.202,-34.222450,9.120023,3.607050,0.753641,1.047861,-1.091595,-2.562816,2.072931,1.981320,-1.887400,-0.781226,0.969886,-0.002665,-1.858968,-0.708153,1.920779,0.367788,-1.477677,-0.243100,0.890801
1370,2.740000,1.905532,3284.176,2458.882,-34.610229,8.829197,3.934109,0.931186,0.749959,-1.294440,-2.223114,2.316441,1.985040,-2.150754,-1.203238,1.056331,0.084093,-2.034260,-1.074824,1.838773,0.403296,-1.683314,-0.433762,0.912696
1371,2.742000,1.950358,3299.281,2444.976,-34.876564,8.688858,4.235158,1.113422,0.578221,-1.444240,-2.040527,2.321610,1.937874,-2.330320,-1.665320,1.001714,0.192346,-2.057074,-1.361472,1.717229,0.389193,-1.787713,-0.448598,0.989047
1372,2.744000,1.990106,3266.099,2434.023,-35.015945,8.717251,4.561213,1.342012,0.531272,-1.529987,-1.972916,2.174652,1.855482,-2.417420,-2.057873,0.892330,0.326831,-1.947180,-1.534395,1.582220,0.322087,-1.814055,-0.329558,1.104001
1373,2.746000,2.015610,3199.073,2429.430,-35.087227,8.837801,4.919230,1.638826,0.554511,-1.589234,-1.950443,2.029632,1.771180,-2.438288,-2.296182,0.840078,0.512638,-1.766435,-1.622062,1.449805,0.227137,-1.808904,-0.205514,1.182059
1374,2.748000,2.020628,3111.446,2432.148,-35.131447,8.965090,5.266974,1.994547,0.617673,-1.645518,-1.956818,1.939538,1.677120,-2.432613,-2.379201,0.847168,0.728418,-1.562490,-1.647523,1.308200,0.108749,-1.783286,-0.127571,1.175711
1375,2.750000,2.002236,3012.533,2442.183,-35.186504,9.038860,5.569097,2.373099,0.701551,-1.691370,-1.986311,1.885645,1.558503,-2.412792,-2.339194,0.880220,0.954323,-1.360276,-1.625428,1.154247,-0.027108,-1.742802,-0.087663,1.090711
1376,2.752000,1.960821,2907.489,2459.173,-35.279995,9.035753,5.804350,2.714145,0.781371,-1.704662,-2.010529,1.833469,1.411469,-2.368976,-2.210409,0.915952,1.177243,-1.176436,-1.567610,1.004511,-0.157168,-1.705941,-0.075050,0.950495
1377,2.754000,1.900179,2797.487,2481.945,-35.409363,8.969676,5.954382,2.955455,0.835141,-1.665638,-1.984646,1.761078,1.246766,-2.284941,-2.010804,0.950708,1.377471,-1.024410,-1.482673,0.880652,-0.251485,-1.695975,-0.089087,0.780358
1378,2.756000,1.827262,2680.847,2507.717,-35.564499,8.864865,6.011297,3.061265,0.845592,-1.572076,-1.876697,1.663645,1.088572,-2.153898,-1.756205,0.992128,1.540328,-0.902690,-1.382018,0.790015,-0.283312,-1.720424,-0.128556,0.605743
1379,2.758000,1.750805,2555.869,2531.995,-35.755180,8.734405,5.988639,3.035064,0.803748,-1.443381,-1.688793,1.543300,0.966946,-1.974851,-1.472521,1.043618,1.667278,-0.790254,-1.280804,0.720828,-0.241011,-1.767763,-0.189608,0.450317
1380,2.760000,1.678933,2424.212,2549.909,-35.999146,8.591644,5.922203,2.911119,0.718021,-1.306314,-1.453183,1.405025,0.906631,-1.745508,-1.192353,1.099109,1.780921,-0.653839,-1.189807,0.657305,-0.129699,-1.812007,-0.268844,0.328917
1381,2.762000,1.616895,2292.113,2558.561,-36.296036,8.464503,5.862705,2.744432,0.625002,-1.164468,-1.206717,1.262484,0.921235,-1.458208,-0.937278,1.152938,1.920098,-0.460338,-1.105116,0.594791,0.037065,-1.822535,-0.366265,0.246506
1382,2.764000,1.566133,2168.498,2558.308,-36.626179,8.385037,5.861105,2.596953,0.573112,-0.993579,-0.970453,1.144372,1.013843,-1.104103,-0.702735,1.205262,2.110550,-0.194616,-1.005150,0.542671,0.243762,-1.768522,-0.467007,0.211185
1383,2.766000,1.524608,2062.497,2552.163,-36.973801,8.361720,5.941722,2.503711,0.572013,-0.790907,-0.773601,1.062526,1.149667,-0.710044,-0.486888,1.232921,2.317418,0.111130,-0.875961,0.506899,0.463230,-1.634097,-0.546930,0.214861
1384,2.768000,1.489755,1980.249,2542.519,-37.311855,8.398415,6.102322,2.465639,0.581865,-0.601332,-0.665261,0.999149,1.260378,-0.345424,-0.316342,1.181591,2.450474,0.391441,-0.714397,0.506165,0.688163,-1.401613,-0.564986,0.243905
1385,2.770000,1.461961,1922.540,2528.006,-37.591187,8.510416,6.329333,2.475868,0.560133,-0.480237,-0.674344,0.941578,1.295151,-0.076972,-0.222731,1.009252,2.427302,0.596350,-0.514979,0.586065,0.949002,-1.045070,-0.474284,0.300111
1386,2.772000,1.446139,1884.378,2502.949,-37.777641,8.684473,6.584436,2.527364,0.498892,-0.450098,-0.769847,0.915960,1.260041,0.080983,-0.202009,0.722884,2.207554,0.688758,-0.303988,0.748602,1.231985,-0.603655,-0.299607,0.365232
1387,2.774000,1.450118,1857.013,2460.488,-37.858955,8.888304,6.830588,2.620476,0.424053,-0.499380,-0.887581,0.939761,1.173053,0.138429,-0.234947,0.365093,1.806222,0.652927,-0.121778,0.956493,1.490294,-0.157669,-0.119407,0.418608
1388,2.776000,1.479897,1832.236,2398.870,-37.819885,9.102375,7.046550,2.754909,0.375301,-0.601888,-0.965185,1.005542,1.041300,0.096787,-0.304987,-0.001448,1.277189,0.490295,0.011673,1.168368,1.672826,0.222376,-0.000197,0.447679
1389,2.778000,1.535027,1806.064,2324.805,-37.647171,9.309471,7.196747,2.901058,0.375271,-0.741533,-0.966373,1.101490,0.873274,-0.044811,-0.381711,-0.286590,0.708270,0.227492,0.115885,1.366842,1.747562,0.507734,0.054750,0.452678
1390,2.780000,1.607567,1779.492,2250.563,-37.345787,9.495870,7.247454,3.009122,0.411053,-0.917237,-0.895395,1.194502,0.671612,-0.265222,-0.428960,-0.416673,0.202055,-0.083877,0.213190,1.545140,1.712260,0.694245,0.076533,0.435746
1391,2.782000,1.685025,1756.479,2188.606,-36.942978,9.655451,7.205597,3.061407,0.456928,-1.125511,-0.784307,1.232330,0.438190,-0.504618,-0.430034,-0.385099,-0.164823,-0.386056,0.307934,1.696608,1.583081,0.768752,0.084347,0.383415
1392,2.784000,1.754829,1741.384,2147.463,-36.493446,9.772432,7.106073,3.081903,0.504197,-1.344968,-0.665868,1.189577,0.196017,-0.688652,-0.393824,-0.245883,-0.367983,-0.627600,0.407907,1.821065,1.390999,0.725794,0.090141,0.280684
1393,2.786000,1.807723,1737.085,2130.016,-36.061466,9.833418,6.982210,3.096730,0.562702,-1.541240,-0.562279,1.089432,-0.012388,-0.768515,-0.339635,-0.062608,-0.422227,-0.779341,0.514952,1.907393,1.172162,0.587229,0.107786,0.136483
1394,2.788000,1.838721,1744.846,2134.705,-35.695473,9.846066,6.857994,3.111966,0.640115,-1.693351,-0.491781,0.978542,-0.147321,-0.729230,-0.274138,0.141309,-0.337555,-0.826762,0.630905,1.941720,0.954077,0.391320,0.146565,-0.020822
1395,2.790000,1.846362,1765.293,2157.979,-35.421982,9.828899,6.743670,3.109007,0.716319,-1.808131,-0.468126,0.894351,-0.196086,-0.593320,-0.203747,0.367045,-0.124289,-0.772423,0.758338,1.915956,0.743981,0.171256,0.207108,-0.157005
1396,2.792000,1.832117,1798.490,2195.605,-35.254013,9.788436,6.631433,3.050745,0.740072,-1.916204,-0.502410,0.848045,-0.175975,-0.417032,-0.148102,0.611032,0.183734,-0.633546,0.900336,1.835850,0.536523,-0.052604,0.282468,-0.247466
1397,2.794000,1.800764,1842.560,2241.721,-35.174725,9.742126,6.527774,2.930558,0.681114,-2.035196,-0.594281,0.832461,-0.114861,-0.268088,-0.139343,0.849375,0.513488,-0.452944,1.040611,1.707317,0.320513,-0.274374,0.351629,-0.295456
1398,2.796000,1.760098,1892.743,2288.415,-35.140297,9.720322,6.455760,2.781374,0.553952,-2.156970,-0.738117,0.827634,-0.041767,-0.202576,-0.210307,1.043642,0.770068,-0.291728,1.142678,1.534091,0.095620,-0.483971,0.388925,-0.322315
1399,2.798000,1.719664,1941.314,2326.832,-35.119041,9.726621,6.412747,2.629768,0.388202,-2.270595,-0.932129,0.811994,0.016448,-0.249416,-0.373842,1.168993,0.895369,-0.179060,1.195283,1.345973,-0.105893,-0.643353,0.396277,-0.320586
1400,2.800000,1.688846,1979.189,2349.025,-35.105282,9.739031,6.367176,2.478523,0.211448,-2.369892,-1.168697,0.782854,0.052226,-0.388329,-0.597712,1.236206,0.897255,-0.101969,1.215942,1.182750,-0.248512,-0.717917,0.384898,-0.266470
1401,2.802000,1.674090,1999.415,2350.623,-35.076298,9.777120,6.319341,2.350173,0.073719,-2.428239,-1.415373,0.764642,0.083945,-0.560922,-0.824621,1.264764,0.803135,-0.059873,1.203756,1.050968,-0.330988,-0.718885,0.339660,-0.156379
1402,2.804000,1.676222,2001.063,2333.101,-35.003456,9.879862,6.283989,2.264501,0.017004,-2.417136,-1.639699,0.784243,0.143154,-0.702869,-1.001611,1.271619,0.644245,-0.065220,1.149093,0.949383,-0.355183,-0.673179,0.241058,-0.003084
1403,2.806000,1.690396,1989.649,2303.241,-34.900627,10.033726,6.237642,2.193145,0.028480,-2.343171,-1.842144,0.838432,0.242376,-0.780936,-1.108054,1.257912,0.443548,-0.131621,1.047940,0.883592,-0.319105,-0.607750,0.082478,0.170540
1404,2.808000,1.708940,1973.567,2270.167,-34.805374,10.195836,6.158677,2.107601,0.071896,-2.229591,-2.028843,0.909291,0.368490,-0.794014,-1.149158,1.209916,0.211924,-0.263262,0.903093,0.855958,-0.230703,-0.546941,-0.117567,0.340785
1405,2.810000,1.724252,1960.558,2242.761,-34.737595,10.333014,6.051947,2.022744,0.136115,-2.087210,-2.183096,0.987763,0.503021,-0.747136,-1.129645,1.122855,-0.033461,-0.448194,0.721615,0.860918,-0.109862,-0.508194,-0.319198,0.482567
1406,2.812000,1.731426,1955.424,2227.224,-34.690414,10.417887,5.917795,1.975478,0.233099,-1.928393,-2.282768,1.065308,0.625793,-0.651981,-1.051767,1.009620,-0.267751,-0.669171,0.513270,0.883609,0.013628,-0.495192,-0.473216,0.562974
1407,2.814000,1.728901,1960.047,2226.146,-34.638390,10.432776,5.746535,1.998206,0.380210,-1.773856,-2.314485,1.134746,0.726664,-0.526025,-0.908920,0.905479,-0.464765,-0.900402,0.302353,0.897196,0.107474,-0.489298,-0.540296,0.540479
1408,2.816000,1.718129,1974.050,2238.790,-34.563671,10.371473,5.525212,2.090433,0.586001,-1.641669,-2.291280,1.181980,0.809037,-0.390806,-0.697586,0.844847,-0.608745,-1.093415,0.127413,0.857282,0.152566,-0.450279,-0.511316,0.386942
1409,2.818000,1.702905,1995.776,2261.712,-34.449196,10.249924,5.231289,2.211449,0.860395,-1.527282,-2.265167,1.164052,0.882557,-0.264788,-0.461170,0.809343,-0.695046,-1.177290,0.009209,0.696163,0.145925,-0.321149,-0.392343,0.093003
1410,2.820000,1.688077,2024.012,2290.110,-34.279091,10.102777,4.853209,2.313217,1.204226,-1.418184,-2.291705,1.041248,0.949691,-0.175764,-0.283009,0.764712,-0.711759,-1.117420,-0.068593,0.391133,0.110254,-0.083662,-0.200945,-0.301738
1411,2.822000,1.678229,2058.801,2319.392,-34.042213,9.962347,4.389459,2.361469,1.614276,-1.298156,-2.408257,0.789961,1.001088,-0.138608,-0.227118,0.692314,-0.670473,-0.958732,-0.128354,0.011478,0.075497,0.189705,0.020780,-0.686392
1412,2.824000,1.675582,2101.936,2347.175,-33.722244,9.849176,3.830594,2.320492,2.091663,-1.126359,-2.626766,0.385937,1.016138,-0.116433,-0.291230,0.564556,-0.634557,-0.769963,-0.144702,-0.340425,0.025937,0.375140,0.234711,-0.927748
1413,2.826000,1.678383,2156.829,2374.367,-33.347946,9.755478,3.221189,2.182605,2.579106,-0.900777,-2.903302,-0.119787,0.981825,-0.089944,-0.462429,0.371044,-0.612033,-0.563265,-0.103058,-0.632314,-0.067919,0.427763,0.426831,-0.991910
1414,2.828000,1.681349,2226.992,2404.436,-32.990067,9.645328,2.643516,1.975211,2.995090,-0.645688,-3.151190,-0.617080,0.900424,-0.058914,-0.712998,0.134660,-0.552718,-0.318491,-0.019575,-0.861871,-0.190188,0.388528,0.586486,-0.923994
1415,2.830000,1.677411,2314.724,2441.790,-32.708099,9.482885,2.156401,1.740277,3.311458,-0.360374,-3.299808,-1.032126,0.785328,0.006714,-0.975752,-0.126805,-0.437331,-0.033821,0.095214,-0.991696,-0.287964,0.312251,0.698471,-0.768834
1416,2.832000,1.660781,2419.048,2489.251,-32.541840,9.246426,1.777441,1.495460,3.521781,-0.046245,-3.318800,-1.341914,0.658978,0.137939,-1.192554,-0.419670,-0.286645,0.278525,0.233167,-0.984664,-0.320247,0.231975,0.742403,-0.570325
1417,2.834000,1.629716,2533.231,2545.878,-32.526016,8.926750,1.496174,1.226678,3.606549,0.266574,-3.223672,-1.570733,0.529422,0.329330,-1.346316,-0.758959,-0.141626,0.588844,0.360912,-0.861534,-0.296011,0.150366,0.696943,-0.376235
1418,2.836000,1.587345,2643.560,2607.218,-32.671406,8.552288,1.322491,0.935045,3.558816,0.542576,-3.051895,-1.764504,0.396184,0.565804,-1.428356,-1.130944,-0.038411,0.851026,0.421689,-0.698281,-0.254960,0.074679,0.570398,-0.205657
1419,2.838000,1.540962,2730.123,2666.501,-32.936543,8.207571,1.298323,0.646419,3.384068,0.748650,-2.839554,-1.954998,0.259423,0.836454,-1.431673,-1.509809,-0.018640,1.003922,0.356075,-0.589780,-0.241672,0.021965,0.384864,-0.063574
1420,2.840000,1.500736,2771.332,2714.788,-33.241215,8.002986,1.475297,0.417280,3.118376,0.870433,-2.609187,-2.148789,0.103950,1.112000,-1.361661,-1.870602,-0.116184,1.002755,0.134617,-0.614351,-0.300647,-0.007260,0.141154,0.029020
1421,2.842000,1.477200,2756.559,2741.326,-33.517796,7.980380,1.823468,0.295522,2.828183,0.896925,-2.395182,-2.317705,-0.069118,1.354081,-1.217609,-2.143390,-0.289212,0.877701,-0.193936,-0.759062,-0.418018,-0.006863,-0.166968,0.046510
1422,2.844000,1.478845,2698.678,2736.402,-33.687218,8.085961,2.157396,0.305263,2.642779,0.784689,-2.313074,-2.389117,-0.186123,1.478429,-1.062861,-2.224453,-0.431672,0.654078,-0.568734,-0.895749,-0.504876,0.008946,-0.537820,0.019739
1423,2.846000,1.510060,2633.964,2698.012,-33.617790,8.223001,2.174786,0.470508,2.757904,0.448317,-2.546709,-2.226628,-0.104218,1.323216,-1.029573,-1.990929,-0.471578,0.244699,-0.945013,-0.827482,-0.535247,-0.072726,-0.902896,0.057015
1424,2.848000,1.570096,2605.523,2635.896,-33.262924,8.353509,1.768796,0.750483,3.188717,-0.100294,-3.096869,-1.791937,0.211587,0.885206,-1.134522,-1.498729,-0.466520,-0.301556,-1.198320,-0.519130,-0.608849,-0.280029,-1.139758,0.147105
1425,2.850000,1.654312,2640.012,2565.361,-32.711315,8.537971,1.139523,1.024033,3.741680,-0.658827,-3.749825,-1.270995,0.684534,0.464910,-1.289231,-1.057854,-0.465795,-0.666379,-1.256427,-0.199252,-0.744068,-0.433803,-1.251840,0.146832
1426,2.852000,1.755301,2736.576,2497.487,-32.056580,8.788354,0.482878,1.287246,4.301556,-1.133585,-4.346867,-0.757594,1.236665,0.196639,-1.404134,-0.739516,-0.447506,-0.754358,-1.146879,0.019469,-0.908800,-0.447402,-1.250868,0.042599
1427,2.854000,1.863071,2875.347,2436.856,-31.401928,9.037659,-0.090181,1.556403,4.775236,-1.561183,-4.819698,-0.264887,1.781677,0.021198,-1.446503,-0.475322,-0.394593,-0.676551,-0.945126,0.141075,-1.072305,-0.363696,-1.157100,-0.106473
1428,2.856000,1.967008,3032.001,2385.125,-30.817177,9.214148,-0.545167,1.803505,5.099617,-1.978307,-5.164509,0.186161,2.264781,-0.125419,-1.431665,-0.243895,-0.308443,-0.535629,-0.705436,0.182893,-1.217307,-0.237796,-0.979548,-0.265183
1429,2.858000,2.058544,3186.788,2343.847,-30.345064,9.276314,-0.871415,2.005398,5.253248,-2.392842,-5.405017,0.575426,2.668825,-0.260842,-1.381700,-0.053300,-0.193340,-0.389440,-0.456346,0.171651,-1.332097,-0.104658,-0.724071,-0.422299
1430,2.860000,2.132187,3327.186,2314.997,-30.013439,9.212651,-1.076424,2.160513,5.244332,-2.800560,-5.565771,0.905639,2.996948,-0.371858,-1.301483,0.082020,-0.078220,-0.264625,-0.206903,0.129436,-1.418218,0.021568,-0.418743,-0.590413
1431,2.862000,2.185247,3447.455,2300.358,-29.822872,9.041982,-1.186775,2.281474,5.098997,-3.198421,-5.654445,1.199757,3.243464,-0.454787,-1.179933,0.148301,-0.024899,-0.163721,0.056652,0.061001,-1.486723,0.150764,-0.110770,-0.796082
1432,2.864000,2.217729,3545.537,2300.788,-29.750376,8.814726,-1.215826,2.388041,4.853400,-3.567606,-5.651345,1.479779,3.393883,-0.521626,-1.011663,0.142028,-0.086499,-0.078335,0.356412,-0.036621,-1.548304,0.302793,0.162342,-1.052205
1433,2.866000,2.232071,3620.130,2315.867,-29.777836,8.603778,-1.132331,2.498820,4.541518,-3.860420,-5.520254,1.745816,3.439206,-0.587067,-0.816129,0.077601,-0.263911,-0.002245,0.697799,-0.153298,-1.606702,0.483018,0.387194,-1.346406
1434,2.868000,2.232269,3669.946,2343.724,-29.895081,8.477949,-0.886723,2.635188,4.191027,-4.035865,-5.221956,1.991890,3.368291,-0.664091,-0.606629,-0.022945,-0.533866,0.073583,1.074248,-0.273271,-1.652258,0.694075,0.557342,-1.659447
1435,2.870000,2.223493,3692.563,2381.131,-30.118271,8.456199,-0.459958,2.797979,3.805202,-4.091952,-4.744023,2.198146,3.156652,-0.765036,-0.381384,-0.152543,-0.889009,0.153856,1.477236,-0.387009,-1.680464,0.929624,0.659363,-1.983989
1436,2.872000,2.211311,3684.651,2423.599,-30.488680,8.506292,0.130813,2.959092,3.368976,-4.040592,-4.105036,2.325248,2.789701,-0.876118,-0.132164,-0.322417,-1.334440,0.237301,1.897999,-0.491298,-1.703275,1.169199,0.692145,-2.315221
1437,2.874000,2.199842,3645.206,2465.682,-31.022123,8.590118,0.844933,3.087390,2.883191,-3.882141,-3.348169,2.325523,2.277159,-0.948710,0.140974,-0.564349,-1.863339,0.340264,2.322574,-0.599275,-1.724872,1.410309,0.678672,-2.637958
1438,2.876000,2.190142,3578.426,2502.375,-31.676655,8.685938,1.610345,3.159509,2.386780,-3.615120,-2.563598,2.154454,1.668000,-0.919493,0.402828,-0.919324,-2.423683,0.507868,2.709267,-0.752664,-1.714687,1.687466,0.635069,-2.943095
1439,2.878000,2.179919,3493.687,2530.987,-32.366119,8.785815,2.338405,3.172953,1.950002,-3.262317,-1.877029,1.813738,1.048712,-0.772432,0.576099,-1.386387,-2.927827,0.745576,2.974431,-0.976156,-1.615595,2.007434,0.546846,-3.188767
1440,2.880000,2.164451,3403.709,2552.133,-32.988045,8.876890,2.933731,3.160378,1.657012,-2.897723,-1.409412,1.395302,0.519643,-0.595105,0.577400,-1.852647,-3.279570,0.959057,3.039423,-1.194805,-1.390553,2.264780,0.399239,-3.252769
1441,2.882000,2.138664,3321.202,2569.260,-33.476410,8.935539,3.339700,3.158775,1.535490,-2.611540,-1.187909,1.037990,0.124257,-0.506742,0.424129,-2.157029,-3.455879,1.054705,2.941766,-1.321422,-1.110929,2.369643,0.269098,-3.083879
1442,2.884000,2.099178,3255.649,2586.699,-33.838943,8.947548,3.593248,3.175913,1.518152,-2.443420,-1.117813,0.826795,-0.177755,-0.550460,0.235287,-2.240153,-3.528070,1.039479,2.800086,-1.381361,-0.909960,2.374594,0.270894,-2.792874
1443,2.886000,2.045421,3211.150,2607.624,-34.110924,8.921985,3.760123,3.180182,1.527484,-2.368768,-1.116743,0.742794,-0.399143,-0.675810,0.072424,-2.163563,-3.521476,0.962036,2.618973,-1.447338,-0.797596,2.351129,0.374314,-2.476177
1444,2.888000,1.979819,3185.783,2632.638,-34.321770,8.879491,3.878139,3.134262,1.506021,-2.374262,-1.152406,0.734491,-0.531985,-0.818450,-0.037172,-1.993004,-3.443665,0.846433,2.370842,-1.565011,-0.746055,2.325894,0.504376,-2.181619
1445,2.890000,1.907241,3172.010,2659.521,-34.494019,8.836967,3.950887,3.024219,1.411928,-2.494461,-1.220937,0.765351,-0.589352,-0.939902,-0.062536,-1.756603,-3.327567,0.707229,2.084263,-1.737853,-0.738341,2.305890,0.602266,-1.943171
1446,2.892000,1.833665,3158.086,2684.020,-34.643417,8.816803,3.980969,2.856506,1.220799,-2.750694,-1.301807,0.821092,-0.599313,-1.015878,0.014240,-1.478368,-3.209031,0.580242,1.820468,-1.939768,-0.745719,2.288629,0.603218,-1.787855
1447,2.894000,1.764571,3131.461,2701.079,-34.771904,8.858458,3.991065,2.642384,0.940667,-3.092973,-1.342633,0.914504,-0.567576,-1.031334,0.181543,-1.175134,-3.095098,0.506010,1.644105,-2.113299,-0.739737,2.264137,0.480092,-1.719908
1448,2.896000,1.703332,3083.767,2706.528,-34.892010,8.981146,4.007002,2.388839,0.607244,-3.420567,-1.298874,1.044148,-0.491425,-0.982667,0.408519,-0.857862,-2.971518,0.501953,1.583199,-2.199740,-0.703999,2.222738,0.263407,-1.716113
1449,2.898000,1.650432,3014.484,2698.680,-35.045479,9.135566,4.015312,2.091017,0.240243,-3.669555,-1.190004,1.154449,-0.412950,-0.896224,0.657262,-0.564206,-2.849862,0.538841,1.586285,-2.199670,-0.647740,2.150064,-0.005780,-1.755604
1450,2.900000,1.604303,2930.570,2678.931,-35.247070,9.272228,4.012476,1.771733,-0.148965,-3.812707,-1.048801,1.200324,-0.380168,-0.801204,0.892053,-0.353280,-2.749728,0.578436,1.565568,-2.153100,-0.591922,2.036043,-0.286632,-1.815871
1451,2.902000,1.563648,2842.224,2651.223,-35.463142,9.380562,4.026226,1.476136,-0.551567,-3.842377,-0.889246,1.167098,-0.431671,-0.723583,1.069367,-0.287259,-2.685829,0.585410,1.444518,-2.098433,-0.558754,1.876705,-0.534051,-1.860632
1452,2.904000,1.528853,2758.575,2620.730,-35.645813,9.466855,4.085535,1.235147,-0.960853,-3.769164,-0.714390,1.060846,-0.586505,-0.676273,1.164872,-0.377767,-2.657135,0.538648,1.203337,-2.045390,-0.550521,1.689137,-0.709394,-1.857203
1453,2.906000,1.502381,2683.809,2591.651,-35.776508,9.518500,4.181101,1.035319,-1.373091,-3.621891,-0.527578,0.912666,-0.813877,-0.647573,1.203584,-0.549083,-2.638817,0.445619,0.897730,-1.978725,-0.550415,1.509935,-0.801614,-1.806263
1454,2.908000,1.486198,2619.125,2566.549,-35.846199,9.537069,4.301611,0.859368,-1.770458,-3.432670,-0.336017,0.758137,-1.055462,-0.625002,1.222072,-0.704130,-2.609556,0.320422,0.602134,-1.884816,-0.535773,1.369337,-0.829687,-1.722360
1455,2.910000,1.481622,2561.393,2544.917,-35.837502,9.570364,4.481109,0.736025,-2.101396,-3.206482,-0.127710,0.637319,-1.240850,-0.584081,1.255870,-0.768717,-2.540405,0.190440,0.374972,-1.743850,-0.469899,1.281186,-0.817019,-1.590251
1456,2.912000,1.489115,2504.078,2523.224,-35.748299,9.662706,4.743816,0.705219,-2.308208,-2.951504,0.095230,0.576078,-1.323517,-0.510545,1.324585,-0.706174,-2.403165,0.097155,0.255000,-1.534428,-0.315471,1.253431,-0.774403,-1.388366
1457,2.914000,1.508007,2440.109,2497.249,-35.590633,9.825132,5.063471,0.782499,-2.344581,-2.691351,0.296367,0.574018,-1.294186,-0.415365,1.420402,-0.524186,-2.188529,0.082175,0.259998,-1.255508,-0.064837,1.290075,-0.698774,-1.126533
1458,2.916000,1.536412,2365.362,2464.859,-35.398613,10.023233,5.370265,0.928182,-2.210888,-2.454866,0.411141,0.583714,-1.181175,-0.328716,1.494409,-0.292184,-1.915182,0.163541,0.368725,-0.949170,0.235147,1.362424,-0.599355,-0.863705
1459,2.918000,1.571551,2280.263,2427.065,-35.225018,10.205700,5.620167,1.088141,-1.954995,-2.257419,0.403639,0.560735,-1.023197,-0.278084,1.502037,-0.078058,-1.597898,0.338546,0.548431,-0.648957,0.535871,1.426928,-0.487913,-0.646789
1460,2.920000,1.610633,2189.255,2386.879,-35.124573,10.327239,5.822629,1.233252,-1.650038,-2.103626,0.288255,0.502920,-0.857758,-0.284364,1.431738,0.092309,-1.244185,0.580595,0.771940,-0.359935,0.815769,1.454682,-0.368614,-0.477312
1461,2.922000,1.651398,2098.851,2347.504,-35.129719,10.359739,6.009960,1.354550,-1.363837,-1.989200,0.096503,0.427558,-0.709180,-0.343798,1.296858,0.219134,-0.856638,0.855230,1.019841,-0.080848,1.066833,1.446550,-0.236709,-0.337036
1462,2.924000,1.692228,2015.159,2310.691,-35.242542,10.297203,6.211195,1.453571,-1.142442,-1.901818,-0.142687,0.351080,-0.578838,-0.425086,1.119495,0.308839,-0.439797,1.122388,1.266918,0.180069,1.279984,1.418731,-0.090959,-0.215937
1463,2.926000,1.731156,1943.210,2277.074,-35.439888,10.155313,6.439900,1.540328,-1.000454,-1.824639,-0.402390,0.286712,-0.447641,-0.485951,0.921081,0.365646,-0.009472,1.339908,1.481312,0.411732,1.446273,1.387793,0.059179,-0.122674
1464,2.928000,1.764883,1886.840,2247.401,-35.672264,9.980677,6.695541,1.636223,-0.914177,-1.739853,-0.655320,0.244610,-0.292784,-0.497229,0.719263,0.389805,0.400896,1.470409,1.625767,0.597121,1.556851,1.364267,0.199152,-0.076972
1465,2.930000,1.789704,1847.592,2222.269,-35.881088,9.836221,6.960931,1.759486,-0.840072,-1.637239,-0.877422,0.222944,-0.125020,-0.472032,0.514182,0.366796,0.731302,1.481485,1.665910,0.712898,1.603933,1.356305,0.329171,-0.078420
1466,2.932000,1.803309,1824.105,2201.268,-36.018093,9.785959,7.220432,1.914159,-0.741893,-1.515439,-1.044895,0.210568,0.011019,-0.453498,0.294382,0.272057,0.903822,1.345610,1.586874,0.748926,1.584236,1.361964,0.456428,-0.107742
1467,2.934000,1.806992,1811.531,2181.698,-36.080013,9.853952,7.455096,2.075039,-0.614249,-1.381445,-1.134934,0.208041,0.096631,-0.451422,0.080305,0.123723,0.890306,1.075318,1.416886,0.727433,1.496842,1.352863,0.557819,-0.173207
1468,2.936000,1.805312,1802.920,2159.674,-36.105457,10.013971,7.645138,2.205956,-0.478104,-1.255221,-1.141660,0.218643,0.143160,-0.446176,-0.083648,-0.016240,0.737445,0.741062,1.219394,0.686252,1.345443,1.297301,0.594525,-0.294843
1469,2.938000,1.804260,1791.495,2132.206,-36.127457,10.230173,7.793055,2.298866,-0.350338,-1.154775,-1.071017,0.242325,0.166609,-0.428508,-0.173458,-0.104929,0.505497,0.423365,1.047238,0.644532,1.134443,1.184935,0.546805,-0.467501
1470,2.940000,1.809008,1773.282,2098.769,-36.155006,10.472414,7.914094,2.362865,-0.250857,-1.095705,-0.939052,0.276392,0.188563,-0.392911,-0.188244,-0.132362,0.241972,0.173804,0.912754,0.595967,0.868552,1.022711,0.423792,-0.659692
1471,2.942000,1.821630,1748.987,2062.062,-36.169312,10.728273,8.029715,2.404184,-0.216753,-1.100318,-0.786620,0.296574,0.223379,-0.328350,-0.127212,-0.087135,0.005316,0.011417,0.784623,0.513421,0.546921,0.810045,0.248801,-0.831159
1472,2.944000,1.839453,1723.777,2027.859,-36.159332,10.970445,8.144985,2.428705,-0.266453,-1.163508,-0.645894,0.279310,0.265406,-0.236396,-0.000609,0.032415,-0.146820,-0.063813,0.634954,0.393737,0.198278,0.557311,0.051962,-0.956697
1473,2.946000,1.855855,1704.595,2002.909,-36.138515,11.148932,8.241405,2.446750,-0.378666,-1.241870,-0.510670,0.235058,0.293956,-0.139002,0.153293,0.191554,-0.192776,-0.070714,0.466625,0.267466,-0.110599,0.297208,-0.137808,-1.028893
1474,2.948000,1.862848,1697.444,1992.538,-36.115219,11.233294,8.288934,2.453472,-0.533016,-1.310585,-0.374809,0.194378,0.288651,-0.050960,0.303211,0.351974,-0.139371,-0.039237,0.294158,0.146314,-0.329658,0.053606,-0.309918,-1.045114
1475,2.950000,1.853405,1706.107,1999.670,-36.094223,11.220190,8.253852,2.423993,-0.721443,-1.367989,-0.247777,0.185099,0.239458,0.022311,0.426802,0.480846,-0.011691,0.005292,0.137724,0.022025,-0.444314,-0.164184,-0.466156,-1.013087
1476,2.952000,1.823761,1731.695,2024.316,-36.083717,11.129662,8.114298,2.337414,-0.926825,-1.416415,-0.155969,0.209255,0.148775,0.074787,0.503501,0.552701,0.158649,0.054036,0.020262,-0.106917,-0.466150,-0.347945,-0.596464,-0.942014
1477,2.954000,1.774174,1773.086,2064.169,-36.092476,10.995527,7.868522,2.189946,-1.115332,-1.459691,-0.140072,0.242086,0.028979,0.095462,0.512371,0.550354,0.340572,0.106490,-0.043926,-0.221524,-0.414030,-0.486494,-0.680374,-0.832694
1478,2.956000,1.708426,1827.211,2115.423,-36.130047,10.849435,7.535806,1.980260,-1.265590,-1.503470,-0.222326,0.269031,-0.094110,0.082591,0.444581,0.463041,0.501359,0.158773,-0.055737,-0.297564,-0.308480,-0.572254,-0.705305,-0.683760
1479,2.958000,1.633380,1888.854,2172.678,-36.212578,10.706563,7.154006,1.703205,-1.384228,-1.554339,-0.387313,0.304139,-0.186738,0.053281,0.317666,0.298289,0.611750,0.201361,-0.030361,-0.326055,-0.172953,-0.606649,-0.679027,-0.505964
1480,2.960000,1.558416,1950.314,2228.817,-36.348320,10.574737,6.775367,1.368622,-1.480294,-1.615453,-0.600640,0.365943,-0.230933,0.027820,0.168517,0.090545,0.660855,0.233760,0.020973,-0.309945,-0.032330,-0.597327,-0.617380,-0.315504
1481,2.962000,1.493595,2002.212,2276.305,-36.516148,10.476983,6.462396,1.018841,-1.536283,-1.674482,-0.817137,0.465619,-0.226711,0.022076,0.043554,-0.106959,0.657158,0.268121,0.100655,-0.254423,0.089328,-0.550662,-0.529679,-0.123901
1482,2.964000,1.446193,2037.042,2310.277,-36.669350,10.451719,6.275360,0.721105,-1.516128,-1.705591,-0.986326,0.606082,-0.182818,0.042676,-0.018978,-0.247342,0.617669,0.313789,0.212796,-0.169766,0.168235,-0.476864,-0.421089,0.061612
1483,2.966000,1.417885,2053.565,2331.359,-36.774864,10.504923,6.230799,0.520958,-1.414838,-1.703353,-1.085025,0.760523,-0.127108,0.075137,-0.015300,-0.319742,0.549777,0.355769,0.342366,-0.079221,0.178748,-0.397169,-0.299870,0.233692
1484,2.968000,1.404632,2057.456,2345.795,-36.840908,10.581197,6.286788,0.412413,-1.279979,-1.692621,-1.125551,0.875402,-0.097355,0.092781,0.029406,-0.339556,0.457462,0.368682,0.463648,-0.009023,0.103697,-0.331846,-0.171951,0.390096
1485,2.970000,1.400116,2056.518,2361.626,-36.889191,10.614841,6.399438,0.376375,-1.165850,-1.688379,-1.124654,0.908562,-0.110044,0.082574,0.090378,-0.316631,0.355770,0.345587,0.566532,0.029899,-0.051953,-0.283777,-0.037171,0.532737
1486,2.972000,1.400953,2054.375,2382.292,-36.935387,10.570721,6.551819,0.404149,-1.099583,-1.679439,-1.091421,0.850041,-0.156734,0.044117,0.151675,-0.250697,0.262400,0.299804,0.659553,0.042489,-0.264588,-0.243044,0.103999,0.661096
1487,2.974000,1.407038,2050.110,2405.179,-36.991081,10.447491,6.738028,0.488025,-1.086933,-1.652794,-1.040893,0.711555,-0.230894,-0.031819,0.195035,-0.154610,0.182168,0.248030,0.749980,0.035915,-0.501953,-0.207034,0.238031,0.767555
1488,2.976000,1.417514,2042.873,2426.169,-37.069099,10.257318,6.935451,0.607866,-1.128471,-1.616938,-0.994499,0.519220,-0.333753,-0.155531,0.207094,-0.055250,0.118315,0.213998,0.838183,0.018264,-0.722970,-0.179607,0.338442,0.842821
1489,2.978000,1.429127,2033.844,2443.087,-37.168953,10.026595,7.111650,0.747908,-1.209771,-1.591671,-0.961372,0.311274,-0.461662,-0.319169,0.190131,0.022704,0.083561,0.223419,0.914902,-0.002403,-0.887255,-0.162874,0.370977,0.876023
1490,2.980000,1.436701,2026.133,2456.948,-37.271828,9.795170,7.237971,0.903720,-1.294210,-1.582174,-0.926478,0.130785,-0.593466,-0.490118,0.165421,0.076658,0.100398,0.290382,0.969749,-0.011553,-0.959368,-0.147887,0.315805,0.869937
1491,2.982000,1.434307,2024.010,2471.602,-37.348457,9.609061,7.294780,1.062643,-1.340462,-1.563121,-0.862398,0.003765,-0.698974,-0.625831,0.167152,0.130917,0.179831,0.395392,1.000687,0.020748,-0.910452,-0.117219,0.182711,0.847414
1492,2.984000,1.416848,2031.634,2492.279,-37.381653,9.497093,7.266785,1.192490,-1.327062,-1.502364,-0.755842,-0.074925,-0.761367,-0.701558,0.218688,0.209022,0.302356,0.488140,1.010472,0.120739,-0.733824,-0.055061,0.004880,0.834438
1493,2.986000,1.381759,2052.697,2524.020,-37.391853,9.423421,7.115846,1.249979,-1.267908,-1.418170,-0.642962,-0.134280,-0.787203,-0.731221,0.297662,0.296202,0.425668,0.524048,0.993678,0.264045,-0.473961,0.036683,-0.185109,0.823622
1494,2.988000,1.331763,2089.651,2568.951,-37.372574,9.330132,6.794136,1.238751,-1.145505,-1.348829,-0.581919,-0.182258,-0.770610,-0.729412,0.362903,0.363259,0.534114,0.515025,0.941537,0.389820,-0.170467,0.175797,-0.353279,0.795389
1495,2.990000,1.277339,2142.547,2623.247,-37.237946,9.182066,6.247958,1.221947,-0.891191,-1.328349,-0.626476,-0.208344,-0.713588,-0.696594,0.383119,0.373418,0.634666,0.512525,0.818074,0.418341,0.170957,0.384363,-0.487643,0.735675
1496,2.992000,1.236600,2206.752,2675.412,-36.900139,8.988716,5.510438,1.280738,-0.479668,-1.367253,-0.763228,-0.192073,-0.657858,-0.639337,0.369625,0.316599,0.708992,0.542284,0.592621,0.295506,0.514953,0.640798,-0.565123,0.665132
1497,2.994000,1.228993,2271.787,2709.941,-36.353817,8.793947,4.722055,1.447953,0.021299,-1.439620,-0.923511,-0.129301,-0.652141,-0.581422,0.352577,0.230851,0.718258,0.571374,0.250483,0.010525,0.780776,0.885687,-0.562186,0.623065
1498,2.996000,1.264799,2324.780,2716.638,-35.650002,8.647972,4.027218,1.706673,0.524993,-1.501863,-1.056971,-0.046979,-0.708877,-0.551225,0.325208,0.150907,0.637378,0.544898,-0.226927,-0.423872,0.903398,1.080760,-0.484530,0.631942
1499,2.998000,1.339097,2357.556,2696.860,-34.864586,8.575675,3.502629,2.017136,0.968599,-1.525185,-1.136803,0.027807,-0.807927,-0.554406,0.269774,0.093825,0.483052,0.444769,-0.824394,-0.954456,0.875071,1.219513,-0.366260,0.679104
1500,3.000000,1.434470,2370.811,2661.293,-34.086273,8.565956,3.144322,2.317533,1.302079,-1.511412,-1.145111,0.095586,-0.908855,-0.562849,0.189540,0.073316,0.323743,0.324309,-1.449843,-1.477242,0.736378,1.302325,-0.258878,0.721381
1501,3.002000,1.529869,2370.985,2622.114,-33.383949,8.609768,2.911016,2.533669,1.481857,-1.485102,-1.074987,0.171095,-0.981276,-0.560223,0.070612,0.066331,0.216171,0.252556,-1.987265,-1.899341,0.524453,1.316777,-0.206471,0.727248
1502,3.004000,1.608191,2364.856,2587.840,-32.806351,8.703470,2.765440,2.610716,1.495517,-1.461938,-0.926318,0.269836,-1.003853,-0.538420,-0.099899,0.031468,0.175861,0.257750,-2.360606,-2.175478,0.273549,1.269432,-0.210518,0.699765
1503,3.006000,1.658566,2357.399,2563.352,-32.405899,8.822572,2.686378,2.532876,1.374036,-1.435670,-0.708315,0.394570,-0.958585,-0.473128,-0.293909,-0.047284,0.186326,0.305939,-2.563192,-2.304036,0.034140,1.205522,-0.232156,0.651318
1504,3.008000,1.675722,2351.830,2551.274,-32.229801,8.930708,2.659617,2.297887,1.154809,-1.396880,-0.439182,0.536025,-0.837441,-0.343822,-0.470774,-0.167590,0.210409,0.325995,-2.635128,-2.312046,-0.152130,1.163929,-0.232707,0.586469
1505,3.010000,1.659453,2349.663,2552.539,-32.301857,9.001429,2.680888,1.914046,0.868589,-1.335589,-0.141829,0.674604,-0.653741,-0.156326,-0.605190,-0.309567,0.222610,0.263969,-2.614864,-2.229267,-0.267647,1.152301,-0.185117,0.512325
1506,3.012000,1.614490,2350.797,2566.261,-32.610626,9.031568,2.761453,1.411789,0.541435,-1.244313,0.152253,0.784411,-0.434996,0.060764,-0.694698,-0.445415,0.215510,0.102415,-2.517641,-2.065910,-0.313114,1.157748,-0.066116,0.442478
1507,3.014000,1.549961,2353.953,2589.651,-33.106800,9.041956,2.926248,0.848703,0.197218,-1.121063,0.398554,0.838395,-0.213470,0.262074,-0.756314,-0.549351,0.191116,-0.147078,-2.340649,-1.812169,-0.299721,1.165629,0.150271,0.400867
1508,3.016000,1.478921,2356.729,2617.219,-33.701103,9.072578,3.201770,0.299059,-0.149478,-0.983991,0.539473,0.814255,-0.016282,0.401266,-0.808086,-0.594303,0.159015,-0.455136,-2.078806,-1.461022,-0.252090,1.156556,0.469543,0.402680
1509,3.018000,1.416331,2355.822,2640.926,-34.286816,9.149200,3.579777,-0.166586,-0.493839,-0.886746,0.516720,0.704466,0.138263,0.449042,-0.849648,-0.552845,0.134497,-0.779161,-1.741566,-1.037949,-0.209601,1.105008,0.849391,0.435265
1510,3.020000,1.376333,2345.996,2650.703,-34.749050,9.284559,4.019904,-0.461408,-0.798442,-0.886554,0.322470,0.541248,0.234865,0.396563,-0.867375,-0.429062,0.121698,-1.061779,-1.354179,-0.601482,-0.190829,1.010209,1.205529,0.467350
1511,3.022000,1.367608,2321.611,2637.869,-35.011040,9.460839,4.455981,-0.507454,-1.009574,-1.010312,0.026878,0.391613,0.263260,0.273244,-0.841461,-0.276022,0.115855,-1.235329,-0.964869,-0.224726,-0.174751,0.884223,1.433149,0.477144
1512,3.024000,1.389483,2280.407,2599.967,-35.089676,9.635047,4.838641,-0.299321,-1.114262,-1.227012,-0.257299,0.310260,0.238314,0.152404,-0.764009,-0.164543,0.121643,-1.263683,-0.649368,0.036034,-0.136508,0.714783,1.463601,0.481219
1513,3.026000,1.433795,2223.972,2541.157,-35.085381,9.783255,5.171838,0.065035,-1.146890,-1.456727,-0.475973,0.288027,0.191378,0.061676,-0.685793,-0.133171,0.127155,-1.191479,-0.446143,0.182694,-0.081957,0.517278,1.335984,0.503826
1514,3.028000,1.489949,2155.933,2468.820,-35.097389,9.924436,5.494332,0.459260,-1.136633,-1.607878,-0.633919,0.292849,0.161658,-0.017990,-0.661411,-0.165897,0.097109,-1.106875,-0.347307,0.246111,-0.036739,0.339225,1.142681,0.532973
1515,3.030000,1.547331,2082.077,2391.850,-35.169880,10.077264,5.810584,0.799376,-1.085814,-1.624205,-0.735090,0.315884,0.182497,-0.069974,-0.669802,-0.215715,0.028645,-1.035880,-0.328970,0.265831,0.023887,0.227621,0.951245,0.539625
1516,3.032000,1.596258,2009.521,2319.861,-35.310249,10.234907,6.088605,1.041000,-0.979699,-1.483721,-0.782346,0.354842,0.274826,-0.053414,-0.660126,-0.242892,-0.053859,-0.944827,-0.364995,0.267062,0.144432,0.216632,0.805053,0.500638
1517,3.034000,1.628941,1944.559,2261.741,-35.532288,10.359877,6.294139,1.158437,-0.821821,-1.203349,-0.794534,0.389744,0.431264,0.038994,-0.621232,-0.242668,-0.142050,-0.811685,-0.440857,0.245866,0.330085,0.303663,0.727871,0.412334
1518,3.036000,1.640490,1892.135,2224.397,-35.849648,10.405031,6.408499,1.152189,-0.640293,-0.832167,-0.781802,0.405449,0.620952,0.184968,-0.565286,-0.228463,-0.232978,-0.639680,-0.546078,0.192205,0.555042,0.452579,0.723553,0.297668
1519,3.038000,1.629188,1856.644,2212.616,-36.245026,10.344150,6.434871,1.053678,-0.473733,-0.429278,-0.727501,0.410710,0.813646,0.367683,-0.498271,-0.213871,-0.312102,-0.452914,-0.671212,0.108367,0.785155,0.621718,0.783588,0.193969
1520,3.040000,1.595433,1842.924,2229.654,-36.668392,10.172695,6.383527,0.905168,-0.368140,-0.064702,-0.620724,0.415980,0.982204,0.591999,-0.410999,-0.207847,-0.356856,-0.291102,-0.812106,0.005746,0.988164,0.785932,0.889151,0.126551
1521,3.042000,1.540996,1856.079,2276.869,-37.049667,9.919661,6.277234,0.739284,-0.371671,0.179911,-0.484227,0.422069,1.106272,0.869868,-0.279780,-0.205788,-0.342550,-0.183642,-0.960122,-0.102809,1.134893,0.939080,1.009081,0.094514
1522,3.044000,1.469025,1900.424,2352.471,-37.317829,9.654720,6.150474,0.559613,-0.521854,0.233068,-0.365862,0.428056,1.167771,1.172012,-0.094273,-0.196737,-0.246568,-0.113146,-1.071710,-0.193131,1.200616,1.068516,1.085941,0.066170
1523,3.046000,1.384773,1977.244,2449.811,-37.435310,9.452236,6.033689,0.352426,-0.819426,0.081727,-0.288793,0.447640,1.151115,1.406893,0.101026,-0.190042,-0.061921,-0.018867,-1.062161,-0.214251,1.173452,1.147961,1.051539,-0.000871
1524,3.048000,1.296994,2080.664,2555.371,-37.428314,9.341365,5.947642,0.133261,-1.206098,-0.210326,-0.233806,0.500793,1.065146,1.498491,0.248717,-0.199555,0.179708,0.114720,-0.900424,-0.141132,1.051429,1.170288,0.889352,-0.111862
1525,3.050000,1.218918,2192.488,2648.633,-37.380100,9.294815,5.901953,-0.048826,-1.595158,-0.551905,-0.179111,0.579407,0.934200,1.448375,0.345238,-0.202262,0.433979,0.248010,-0.637529,0.003929,0.853239,1.166989,0.649907,-0.233805
1526,3.052000,1.165964,2282.286,2707.506,-37.361275,9.285513,5.902668,-0.150442,-1.920567,-0.864415,-0.103826,0.666446,0.781677,1.304567,0.405790,-0.177432,0.662732,0.346185,-0.341878,0.179006,0.599872,1.156573,0.384840,-0.334698
1527,3.054000,1.149706,2319.600,2717.431,-37.382332,9.332581,5.973161,-0.136471,-2.133779,-1.089933,0.006247,0.749152,0.617596,1.118050,0.427955,-0.141152,0.825978,0.385308,-0.074878,0.335782,0.294034,1.119626,0.108774,-0.418870
1528,3.056000,1.171353,2293.841,2678.298,-37.423733,9.460460,6.128435,0.008455,-2.198808,-1.194719,0.154947,0.837683,0.468821,0.952770,0.418615,-0.106562,0.914199,0.374755,0.140460,0.453772,-0.046975,1.040301,-0.171391,-0.510436
1529,3.058000,1.220311,2221.374,2604.525,-37.471741,9.653126,6.347220,0.266243,-2.112912,-1.190236,0.317815,0.948492,0.376923,0.864960,0.388992,-0.073645,0.950117,0.353130,0.318525,0.547070,-0.372457,0.933447,-0.430755,-0.622220
1530,3.060000,1.279906,2131.562,2517.766,-37.531792,9.852152,6.579931,0.589337,-1.925478,-1.139585,0.437418,1.071389,0.358330,0.858149,0.323143,-0.063060,0.945984,0.350085,0.477029,0.636464,-0.617630,0.829942,-0.631533,-0.746616
1531,3.062000,1.333809,2050.718,2439.743,-37.611374,9.995650,6.790069,0.934551,-1.708398,-1.112617,0.470067,1.187580,0.404164,0.895542,0.197893,-0.112112,0.892304,0.375923,0.627337,0.734452,-0.736179,0.743294,-0.744721,-0.867915
1532,3.064000,1.370217,1995.383,2387.436,-37.703804,10.046303,6.968721,1.273368,-1.520233,-1.154213,0.408951,1.291453,0.500813,0.939760,0.013350,-0.246962,0.775657,0.431213,0.781407,0.845362,-0.722595,0.659132,-0.765468,-0.973702
1533,3.066000,1.384447,1972.845,2369.424,-37.785057,10.001139,7.116151,1.568300,-1.402123,-1.292084,0.259931,1.379997,0.641698,0.978887,-0.197702,-0.463210,0.595865,0.507479,0.941562,0.955675,-0.611341,0.561170,-0.706468,-1.048132
1534,3.068000,1.380076,1983.321,2384.410,-37.813595,9.894544,7.232853,1.766331,-1.379492,-1.539662,0.023537,1.432171,0.817248,1.019818,-0.381151,-0.722860,0.366671,0.583221,1.087901,1.030720,-0.455850,0.455755,-0.577855,-1.062263
1535,3.070000,1.367066,2021.371,2422.226,-37.749790,9.770967,7.299051,1.807350,-1.457011,-1.864320,-0.279080,1.414551,0.984611,1.048131,-0.494557,-0.965409,0.121415,0.637657,1.186313,1.036454,-0.297087,0.371048,-0.383949,-0.987936
1536,3.072000,1.358538,2075.287,2466.177,-37.576393,9.657623,7.269045,1.641503,-1.623212,-2.180529,-0.585045,1.311714,1.077687,1.016738,-0.533950,-1.134220,-0.094135,0.664233,1.207528,0.959621,-0.143815,0.346587,-0.132613,-0.824305
1537,3.074000,1.366551,2127.645,2498.169,-37.317520,9.557438,7.120984,1.275932,-1.858293,-2.413658,-0.831431,1.141398,1.069505,0.898900,-0.526230,-1.207894,-0.249028,0.673183,1.152534,0.817689,0.016929,0.405845,0.156913,-0.598880
1538,3.076000,1.396730,2161.717,2506.363,-37.027077,9.471273,6.902146,0.804064,-2.121418,-2.542103,-0.997608,0.943153,1.003718,0.732800,-0.504829,-1.209372,-0.344488,0.680416,1.052964,0.642666,0.177399,0.515696,0.435866,-0.363058
1539,3.078000,1.445309,2169.985,2489.723,-36.735088,9.436398,6.710423,0.364218,-2.344479,-2.560368,-1.080245,0.758838,0.946769,0.584374,-0.498917,-1.178327,-0.407407,0.677166,0.926465,0.443116,0.290045,0.587490,0.617213,-0.203730
1540,3.080000,1.500500,2156.773,2456.690,-36.451439,9.492432,6.614456,0.050213,-2.478144,-2.475214,-1.087324,0.605155,0.923159,0.485771,-0.536085,-1.144364,-0.466412,0.634373,0.768204,0.211760,0.312099,0.547572,0.631009,-0.197826
1541,3.082000,1.547579,2132.995,2419.536,-36.223503,9.608765,6.592833,-0.142155,-2.540554,-2.341178,-1.066870,0.456950,0.904789,0.424726,-0.632793,-1.114684,-0.522622,0.553206,0.602579,-0.018880,0.270312,0.413406,0.506665,-0.327052
1542,3.084000,1.574105,2109.407,2389.360,-36.091240,9.757882,6.623626,-0.225673,-2.540602,-2.197119,-1.054699,0.299861,0.866245,0.383081,-0.784356,-1.089282,-0.575265,0.440110,0.447454,-0.226554,0.195750,0.219079,0.299307,-0.545085
1543,3.086000,1.572871,2093.603,2373.869,-36.096390,9.896670,6.674804,-0.226456,-2.483299,-2.063740,-1.065540,0.142747,0.812717,0.374032,-0.945347,-1.043248,-0.602066,0.327105,0.329547,-0.383912,0.127961,0.013877,0.073775,-0.794205
1544,3.088000,1.542913,2089.481,2376.914,-36.270889,9.968601,6.706149,-0.181808,-2.382830,-1.962689,-1.111883,-0.008575,0.751552,0.415292,-1.068788,-0.961698,-0.590584,0.240281,0.254223,-0.480290,0.087444,-0.161933,-0.124450,-1.028847
1545,3.090000,1.489723,2097.153,2397.725,-36.600578,9.946548,6.702510,-0.103192,-2.238924,-1.908867,-1.200415,-0.151293,0.681794,0.505686,-1.132564,-0.859007,-0.556281,0.179990,0.189838,-0.537515,0.057351,-0.296404,-0.284403,-1.229400
1546,3.092000,1.425086,2112.954,2429.604,-37.025291,9.836189,6.667563,0.022480,-2.037583,-1.910643,-1.338923,-0.285113,0.600665,0.619634,-1.136895,-0.758890,-0.515959,0.149665,0.108603,-0.574505,0.018821,-0.374435,-0.397030,-1.379035
1547,3.094000,1.365705,2129.221,2459.500,-37.446465,9.686943,6.626256,0.223604,-1.755220,-1.953972,-1.534246,-0.413828,0.511940,0.703252,-1.114529,-0.693740,-0.487810,0.151341,-0.005396,-0.602714,-0.033887,-0.367629,-0.436189,-1.444299
1548,3.096000,1.328762,2135.957,2471.248,-37.765373,9.569830,6.602464,0.501695,-1.398828,-2.011246,-1.785786,-0.548638,0.427495,0.697404,-1.118310,-0.695543,-0.485768,0.184564,-0.156500,-0.631315,-0.091355,-0.257367,-0.379877,-1.391824
1549,3.098000,1.325119,2125.522,2453.338,-37.936943,9.516993,6.572817,0.789462,-1.042558,-2.059873,-2.059569,-0.679956,0.384789,0.591609,-1.166245,-0.755219,-0.497063,0.258045,-0.327746,-0.657818,-0.135494,-0.074480,-0.255194,-1.228965
1550,3.100000,1.354016,2097.467,2406.065,-37.962227,9.529524,6.491820,0.994058,-0.786185,-2.084026,-2.286841,-0.774148,0.423589,0.418371,-1.242035,-0.835813,-0.498139,0.376856,-0.489497,-0.664510,-0.142645,0.113265,-0.124958,-0.995077
1551,3.102000,1.404256,2058.563,2340.770,-37.857265,9.619915,6.365819,1.098677,-0.651764,-2.051531,-2.399333,-0.811175,0.541798,0.225802,-1.304263,-0.883221,-0.458251,0.528594,-0.619931,-0.620608,-0.072124,0.274433,-0.023066,-0.730138
1552,3.104000,1.461481,2017.548,2271.794,-37.652748,9.798363,6.241569,1.143262,-0.601657,-1.945990,-2.375358,-0.801553,0.693305,0.045844,-1.323152,-0.857372,-0.350244,0.685503,-0.716736,-0.517046,0.085847,0.405570,0.049778,-0.466474
1553,3.106000,1.514570,1980.852,2210.084,-37.377842,10.065294,6.164790,1.151123,-0.609211,-1.786929,-2.226372,-0.747273,0.838081,-0.111264,-1.305970,-0.755585,-0.159585,0.834615,-0.779582,-0.387769,0.269685,0.475748,0.093395,-0.229258
1554,3.108000,1.557143,1952.261,2162.489,-37.074593,10.384972,6.158151,1.122553,-0.663938,-1.618192,-1.990999,-0.651631,0.957872,-0.234378,-1.261813,-0.599165,0.092313,0.965135,-0.805996,-0.266986,0.416097,0.457044,0.109619,-0.041024
1555,3.110000,1.586933,1933.102,2132.150,-36.805035,10.685972,6.215459,1.050402,-0.760921,-1.488386,-1.728722,-0.537263,1.035996,-0.315667,-1.186639,-0.419068,0.350887,1.060866,-0.794939,-0.158531,0.510045,0.357880,0.114744,0.090455
1556,3.112000,1.604132,1923.083,2119.151,-36.612381,10.919167,6.325216,0.937391,-0.892039,-1.420722,-1.482290,-0.427101,1.053352,-0.367432,-1.081694,-0.254074,0.556083,1.104507,-0.760214,-0.064007,0.547803,0.199771,0.125730,0.170960
1557,3.114000,1.609966,1921.033,2121.378,-36.505657,11.077994,6.484179,0.807088,-1.035716,-1.404909,-1.264820,-0.335400,0.995699,-0.417639,-0.965380,-0.151089,0.653092,1.071017,-0.728424,0.003289,0.516013,0.001598,0.146602,0.204746
1558,3.116000,1.605903,1925.324,2135.325,-36.490757,11.151989,6.660990,0.671538,-1.178685,-1.426426,-1.083760,-0.270630,0.872397,-0.470167,-0.837918,-0.118994,0.631107,0.959957,-0.699754,0.044609,0.412728,-0.204234,0.181794,0.193125
1559,3.118000,1.593373,1934.284,2156.973,-36.565674,11.133201,6.810054,0.532630,-1.318078,-1.479035,-0.957368,-0.246222,0.710096,-0.511058,-0.694055,-0.137340,0.510034,0.783039,-0.661470,0.066236,0.245394,-0.378517,0.235186,0.135427
1560,3.120000,1.573137,1946.662,2183.122,-36.714340,11.033936,6.903834,0.400494,-1.450312,-1.561935,-0.913295,-0.283791,0.532306,-0.539547,-0.552298,-0.187829,0.318016,0.545302,-0.620013,0.068103,0.031353,-0.495937,0.292566,0.031027
1561,3.122000,1.545186,1961.974,2212.583,-36.922348,10.869707,6.931205,0.286399,-1.568778,-1.678480,-0.980603,-0.403599,0.356192,-0.571149,-0.448045,-0.261712,0.092593,0.257480,-0.607239,0.047679,-0.192752,-0.550491,0.317450,-0.122550
1562,3.124000,1.509670,1980.109,2245.784,-37.179413,10.649075,6.888255,0.197849,-1.656789,-1.826992,-1.174945,-0.609004,0.200180,-0.615613,-0.409073,-0.356079,-0.122311,-0.049471,-0.662681,-0.000309,-0.380328,-0.549550,0.269587,-0.326327
1563,3.126000,1.467930,2001.157,2283.417,-37.476761,10.370628,6.775761,0.136999,-1.702121,-2.000718,-1.485217,-0.881089,0.073376,-0.672329,-0.440169,-0.466321,-0.291900,-0.335464,-0.818361,-0.095607,-0.511344,-0.522928,0.115091,-0.585380
1564,3.128000,1.423432,2024.535,2324.693,-37.791088,10.051121,6.626644,0.117538,-1.698717,-2.172128,-1.850074,-1.167085,-0.021018,-0.725483,-0.506796,-0.564309,-0.385949,-0.554276,-1.064031,-0.244048,-0.585319,-0.496529,-0.131265,-0.880553
1565,3.130000,1.381306,2048.629,2366.772,-38.055145,9.766840,6.531308,0.198295,-1.605585,-2.266753,-2.148566,-1.361939,-0.041525,-0.714704,-0.523768,-0.580379,-0.348158,-0.629007,-1.305934,-0.381999,-0.559075,-0.436099,-0.366588,-1.123733
1566,3.132000,1.347425,2070.622,2404.876,-38.204079,9.590564,6.561344,0.417184,-1.404985,-2.246688,-2.306481,-1.400621,0.038857,-0.599314,-0.445276,-0.489751,-0.166002,-0.526795,-1.443863,-0.436280,-0.394174,-0.306648,-0.493723,-1.226484
1567,3.134000,1.325800,2087.997,2434.718,-38.274868,9.458828,6.629652,0.648128,-1.233828,-2.231239,-2.420989,-1.394347,0.106634,-0.477657,-0.382127,-0.422075,0.017319,-0.384997,-1.528680,-0.481506,-0.206393,-0.208452,-0.569485,-1.244819
1568,3.136000,1.317266,2099.418,2454.583,-38.277618,9.356207,6.681996,0.800626,-1.164062,-2.259381,-2.519314,-1.406135,0.113910,-0.371256,-0.369484,-0.423097,0.140118,-0.280166,-1.574717,-0.558600,-0.083669,-0.191927,-0.617185,-1.206135
1569,3.138000,1.320288,2104.815,2465.472,-38.196743,9.313951,6.717093,0.844554,-1.184068,-2.282737,-2.555967,-1.429766,0.073337,-0.253202,-0.386327,-0.471176,0.216664,-0.209615,-1.547666,-0.647042,-0.048258,-0.249366,-0.619698,-1.098679
1570,3.140000,1.331488,2105.601,2470.487,-38.045071,9.343018,6.744935,0.772097,-1.266607,-2.256076,-2.501237,-1.443008,-0.001597,-0.129620,-0.437769,-0.562073,0.256911,-0.156974,-1.428565,-0.716756,-0.087688,-0.365921,-0.579119,-0.928700
1571,3.142000,1.347384,2103.459,2472.585,-37.859535,9.432585,6.785156,0.606890,-1.385337,-2.163342,-2.358784,-1.418488,-0.089616,-0.017024,-0.533226,-0.689105,0.275662,-0.102410,-1.227726,-0.746818,-0.168050,-0.517002,-0.506960,-0.717059
1572,3.144000,1.366037,2099.276,2472.723,-37.671234,9.566636,6.855339,0.402936,-1.509550,-2.011863,-2.155310,-1.332843,-0.156975,0.086584,-0.655494,-0.823172,0.294900,-0.027237,-0.971325,-0.726115,-0.249223,-0.670595,-0.413408,-0.491192
1573,3.146000,1.387328,2092.919,2469.562,-37.484734,9.735359,6.954163,0.220589,-1.605587,-1.825431,-1.923757,-1.168316,-0.169842,0.196403,-0.763200,-0.925632,0.327504,0.083875,-0.684059,-0.655075,-0.300369,-0.795395,-0.308905,-0.286593
1574,3.148000,1.411191,2084.186,2461.070,-37.279137,9.932361,7.050286,0.106180,-1.643371,-1.647483,-1.697049,-0.909270,-0.107273,0.323483,-0.804872,-0.961015,0.365085,0.236759,-0.380074,-0.547479,-0.309289,-0.856397,-0.195413,-0.145061
1575,3.150000,1.436851,2073.252,2445.479,-37.041481,10.131565,7.081404,0.070558,-1.614149,-1.537815,-1.517826,-0.567395,0.015317,0.453907,-0.752383,-0.917057,0.379898,0.418726,-0.071524,-0.432684,-0.294103,-0.835362,-0.073905,-0.104799
1576,3.152000,1.462674,2061.355,2422.409,-36.783188,10.299826,6.993696,0.089715,-1.518619,-1.515933,-1.420290,-0.200428,0.162356,0.577437,-0.622791,-0.824149,0.360400,0.620145,0.220274,-0.343258,-0.283337,-0.747667,0.034891,-0.184915
1577,3.154000,1.486545,2050.829,2393.511,-36.511269,10.429169,6.768709,0.136812,-1.330413,-1.530066,-1.417461,0.115869,0.322974,0.719284,-0.458478,-0.736306,0.330778,0.845136,0.469092,-0.299664,-0.292291,-0.620248,0.100640,-0.374815
1578,3.156000,1.506617,2044.358,2362.125,-36.218449,10.526447,6.409177,0.194100,-1.023884,-1.516628,-1.515883,0.315213,0.496820,0.904740,-0.305310,-0.700102,0.312217,1.073816,0.655440,-0.300128,-0.330079,-0.482497,0.095688,-0.642942
1579,3.158000,1.521624,2044.241,2332.836,-35.908539,10.593747,5.952275,0.260211,-0.618615,-1.443606,-1.699600,0.364330,0.663515,1.127190,-0.188825,-0.722346,0.310668,1.257952,0.780025,-0.305601,-0.384364,-0.353607,0.006795,-0.936662
1580,3.160000,1.530212,2052.056,2311.145,-35.610573,10.621293,5.464686,0.342314,-0.180419,-1.308699,-1.929443,0.258328,0.777087,1.351879,-0.112028,-0.785359,0.311716,1.352207,0.863708,-0.270181,-0.429122,-0.232530,-0.151545,-1.204908
1581,3.162000,1.530427,2068.465,2302.528,-35.361313,10.598672,5.016666,0.447374,0.227701,-1.116850,-2.164944,0.020007,0.810063,1.543317,-0.072246,-0.871609,0.295878,1.348008,0.927769,-0.183337,-0.442827,-0.110725,-0.346901,-1.422729
1582,3.164000,1.520738,2093.167,2310.790,-35.185886,10.513217,4.644487,0.571002,0.571978,-0.886347,-2.378944,-0.293134,0.775810,1.667450,-0.071191,-0.956899,0.258136,1.273301,0.982816,-0.069742,-0.413534,0.011590,-0.539201,-1.582244
1583,3.166000,1.501256,2125.602,2336.956,-35.066265,10.359377,4.324595,0.700724,0.861811,-0.656018,-2.559422,-0.590038,0.713281,1.670944,-0.122804,-0.997389,0.209879,1.151340,1.021410,0.040346,-0.341724,0.113538,-0.685844,-1.666119
1584,3.168000,1.473932,2164.895,2378.803,-34.946709,10.153733,4.000532,0.827012,1.133646,-0.474530,-2.694095,-0.768618,0.654195,1.489408,-0.246801,-0.951558,0.164586,0.984943,1.028370,0.130006,-0.239657,0.169682,-0.747660,-1.644603
1585,3.170000,1.441632,2210.016,2431.619,-34.792381,9.927858,3.642049,0.944084,1.406563,-0.381280,-2.754657,-0.757013,0.604295,1.102118,-0.444282,-0.824236,0.117286,0.782462,1.001820,0.187515,-0.126294,0.176492,-0.711802,-1.515141
1586,3.172000,1.408173,2259.297,2488.502,-34.625114,9.708372,3.265164,1.043141,1.665715,-0.388242,-2.708611,-0.539575,0.559706,0.561840,-0.692970,-0.659696,0.058271,0.573163,0.957739,0.206459,-0.016093,0.151455,-0.605447,-1.323982
1587,3.174000,1.378894,2309.540,2540.305,-34.493584,9.509628,2.897536,1.109822,1.889620,-0.480047,-2.552333,-0.154525,0.524704,-0.044453,-0.978110,-0.508206,-0.006419,0.386903,0.904125,0.183578,0.080851,0.116526,-0.470094,-1.139673
1588,3.176000,1.361726,2353.702,2575.553,-34.420120,9.349152,2.562963,1.144261,2.080033,-0.628576,-2.330585,0.310463,0.505333,-0.634596,-1.304930,-0.417832,-0.060724,0.248017,0.832646,0.106986,0.155531,0.104148,-0.320820,-1.010897
1589,3.178000,1.365265,2382.008,2583.166,-34.376694,9.252804,2.265119,1.155423,2.255795,-0.806051,-2.131535,0.724999,0.501288,-1.127436,-1.671979,-0.432916,-0.093239,0.183216,0.741647,-0.047571,0.179302,0.142399,-0.138161,-0.945579
1590,3.180000,1.395152,2385.885,2556.726,-34.301071,9.247069,1.983278,1.139464,2.425303,-0.982697,-2.046419,0.941982,0.493685,-1.441530,-2.036979,-0.574530,-0.111880,0.211247,0.662015,-0.286195,0.100033,0.219533,0.107309,-0.902091
1591,3.182000,1.450299,2363.176,2498.534,-34.154854,9.335535,1.701664,1.083623,2.568973,-1.123609,-2.112387,0.872503,0.459242,-1.528333,-2.325254,-0.813931,-0.143292,0.300677,0.621868,-0.576993,-0.110585,0.293639,0.413335,-0.809937
1592,3.184000,1.522253,2319.981,2419.106,-33.962425,9.491124,1.442707,0.990898,2.656861,-1.188479,-2.290691,0.541505,0.393533,-1.400167,-2.473525,-1.079446,-0.206149,0.371243,0.604155,-0.868864,-0.413731,0.334347,0.722438,-0.634484
1593,3.186000,1.598221,2267.394,2332.511,-33.782547,9.674161,1.252735,0.886587,2.679945,-1.139807,-2.514291,0.036702,0.294268,-1.112824,-2.459207,-1.312000,-0.290768,0.369342,0.581263,-1.121147,-0.744368,0.323804,0.952161,-0.406586
1594,3.188000,1.665613,2216.929,2251.682,-33.672398,9.842033,1.166272,0.807269,2.641713,-0.986716,-2.744436,-0.544041,0.161297,-0.735896,-2.308050,-1.500256,-0.368082,0.300158,0.537124,-1.322948,-1.048301,0.261033,1.054844,-0.176720
1595,3.190000,1.715395,2177.706,2186.453,-33.659714,9.955089,1.175613,0.782533,2.555162,-0.789567,-2.972001,-1.104228,0.016494,-0.333245,-2.069970,-1.657843,-0.413439,0.197908,0.463966,-1.479700,-1.282357,0.156002,1.033944,0.034261
1596,3.192000,1.742675,2156.507,2144.187,-33.709366,9.997593,1.226510,0.819360,2.445604,-0.639529,-3.198003,-1.544820,-0.091713,0.036912,-1.788898,-1.791139,-0.434676,0.081318,0.367259,-1.578098,-1.411466,0.009344,0.910394,0.220446
1597,3.194000,1.746804,2157.576,2129.945,-33.724823,9.991213,1.252730,0.897781,2.336086,-0.636855,-3.422348,-1.762990,-0.100994,0.315478,-1.500119,-1.888098,-0.469025,-0.057894,0.272546,-1.578077,-1.414660,-0.171735,0.715537,0.363271
1598,3.196000,1.730793,2182.495,2145.805,-33.623772,9.966005,1.220056,0.975219,2.239207,-0.832236,-3.628621,-1.705467,0.005054,0.443874,-1.240689,-1.922895,-0.537931,-0.226142,0.205939,-1.465245,-1.312485,-0.357323,0.505387,0.446182
1599,3.198000,1.700177,2230.003,2189.684,-33.413620,9.924618,1.145910,1.004817,2.156540,-1.188491,-3.785343,-1.418941,0.162248,0.380646,-1.055090,-1.876235,-0.616407,-0.398546,0.167156,-1.284526,-1.165883,-0.511350,0.342846,0.474014
1600,3.200000,1.662221,2295.173,2254.352,-33.165672,9.863178,1.089627,0.970167,2.086379,-1.615294,-3.872377,-1.004586,0.310712,0.159786,-0.964093,-1.756498,-0.669771,-0.535461,0.149659,-1.076835,-1.009017,-0.604410,0.259061,0.464948
1601,3.202000,1.626271,2367.494,2326.897,-32.927170,9.822824,1.132621,0.925937,2.077261,-1.983403,-3.869096,-0.526183,0.488699,-0.077824,-0.915478,-1.559088,-0.653676,-0.573661,0.193656,-0.825152,-0.812472,-0.595184,0.269690,0.453654
1602,3.204000,1.603427,2430.094,2390.563,-32.708118,9.845423,1.295061,0.924724,2.182270,-2.178729,-3.777668,-0.037775,0.760484,-0.195318,-0.849640,-1.291193,-0.555051,-0.468601,0.341257,-0.527579,-0.562292,-0.464264,0.367849,0.460161
1603,3.206000,1.602684,2465.256,2430.172,-32.530403,9.903462,1.492422,0.937921,2.370886,-2.177374,-3.662813,0.349720,1.099269,-0.179297,-0.793520,-1.032154,-0.451434,-0.270632,0.556882,-0.254673,-0.323541,-0.266666,0.490910,0.466584
1604,3.208000,1.625719,2464.150,2438.148,-32.396736,9.989467,1.674185,0.946428,2.591395,-1.988022,-3.560511,0.558265,1.437264,-0.078825,-0.789176,-0.853518,-0.423355,-0.065030,0.785622,-0.048006,-0.148623,-0.063833,0.588779,0.491457
1605,3.210000,1.666299,2431.195,2416.948,-32.298920,10.122368,1.853048,0.962364,2.796200,-1.645350,-3.458511,0.583419,1.710319,0.051385,-0.847846,-0.781105,-0.495417,0.087025,0.982224,0.099131,-0.048983,0.104031,0.645670,0.578453
1606,3.212000,1.715802,2378.248,2375.664,-32.246525,10.283739,2.028983,0.994814,2.938705,-1.236154,-3.336349,0.488922,1.891363,0.192554,-0.919774,-0.780347,-0.617435,0.195948,1.129685,0.208945,-0.005317,0.218301,0.654183,0.731580
1607,3.214000,1.767586,2317.913,2325.490,-32.233345,10.430994,2.165577,1.054862,3.003130,-0.884418,-3.198618,0.372956,1.987724,0.343670,-0.928658,-0.793339,-0.716281,0.313306,1.227068,0.282483,0.013205,0.284050,0.614978,0.924301
1608,3.216000,1.817744,2260.397,2277.011,-32.207676,10.534468,2.207555,1.170148,3.035360,-0.705169,-3.086881,0.328707,2.025429,0.473178,-0.837167,-0.774669,-0.755973,0.461261,1.276493,0.300995,0.026284,0.320669,0.544544,1.121854
1609,3.218000,1.864174,2213.106,2238.745,-32.110184,10.580256,2.108700,1.364186,3.123885,-0.749834,-3.051090,0.421493,2.052235,0.529080,-0.662414,-0.685303,-0.731770,0.617295,1.293564,0.259803,0.036053,0.351087,0.470819,1.274984
1610,3.220000,1.905106,2181.498,2216.310,-31.938648,10.568518,1.887533,1.623716,3.317226,-0.984589,-3.105157,0.647200,2.097411,0.487564,-0.450162,-0.516011,-0.655508,0.748170,1.292967,0.172471,0.046970,0.397271,0.417261,1.338066
1611,3.222000,1.939536,2169.020,2211.171,-31.741337,10.514267,1.621378,1.903706,3.593938,-1.325533,-3.232289,0.936951,2.150976,0.369034,-0.247221,-0.289941,-0.536598,0.840266,1.271659,0.062445,0.087014,0.479549,0.391203,1.297463
1612,3.224000,1.968010,2178.060,2220.461,-31.555317,10.444201,1.381279,2.165860,3.912510,-1.692369,-3.422362,1.214274,2.182449,0.202122,-0.090922,-0.036693,-0.386546,0.888108,1.219819,-0.044120,0.184636,0.605179,0.387920,1.162950
1613,3.226000,1.992766,2210.409,2238.092,-31.392897,10.374257,1.185722,2.384268,4.234631,-2.024817,-3.672512,1.429232,2.174165,0.019538,0.005393,0.217076,-0.226664,0.889748,1.137314,-0.128775,0.340003,0.762811,0.400030,0.952477
1614,3.228000,2.016766,2266.852,2256.999,-31.244339,10.310635,1.012803,2.545749,4.531216,-2.271387,-3.970876,1.551526,2.129221,-0.141357,0.048561,0.441234,-0.087633,0.849488,1.038411,-0.178516,0.524582,0.929208,0.425602,0.694455
1615,3.230000,2.041566,2346.171,2271.767,-31.089571,10.255384,0.830836,2.643039,4.776222,-2.394170,-4.297244,1.557999,2.059489,-0.249725,0.054657,0.609865,-0.000662,0.777425,0.947231,-0.180623,0.700700,1.081349,0.472938,0.433659
1616,3.232000,2.065880,2444.591,2280.339,-30.920500,10.199642,0.617693,2.668743,4.941398,-2.384487,-4.624929,1.443299,1.980877,-0.289031,0.042821,0.719185,0.022398,0.687865,0.882662,-0.126639,0.837750,1.201527,0.548615,0.219906
1617,3.234000,2.085802,2557.309,2284.159,-30.750980,10.128915,0.378572,2.622639,5.000557,-2.275935,-4.923515,1.233591,1.906859,-0.269349,0.021427,0.786917,-0.003701,0.589182,0.835832,-0.025191,0.919175,1.277700,0.646548,0.094530
1618,3.236000,2.096900,2678.856,2286.428,-30.609684,10.033100,0.143306,2.515103,4.942991,-2.132640,-5.164451,0.976748,1.842383,-0.221139,-0.008549,0.836471,-0.046289,0.487588,0.779359,0.100196,0.941628,1.302244,0.751418,0.077786
1619,3.238000,2.095603,2803.249,2290.682,-30.522106,9.913466,-0.051287,2.366588,4.786904,-2.015670,-5.323123,0.720677,1.785673,-0.175491,-0.042372,0.880397,-0.073161,0.397196,0.696110,0.223912,0.905411,1.263623,0.842152,0.155890
1620,3.240000,2.080168,2923.415,2300.116,-30.501156,9.777682,-0.179326,2.199345,4.566589,-1.963426,-5.377501,0.504326,1.725575,-0.166521,-0.077812,0.915054,-0.064964,0.335415,0.589722,0.319378,0.805534,1.145105,0.897459,0.290058
1621,3.242000,2.051460,3029.716,2317.289,-30.545536,9.636766,-0.225673,2.040756,4.322980,-1.990080,-5.314599,0.358268,1.646641,-0.224537,-0.111334,0.933356,-0.024661,0.305377,0.476766,0.363492,0.636843,0.940660,0.903159,0.430645
1622,3.244000,2.011853,3111.430,2344.066,-30.650654,9.496071,-0.187891,1.917250,4.087549,-2.095468,-5.136593,0.303339,1.533314,-0.370031,-0.140313,0.933895,0.020848,0.290332,0.372811,0.343054,0.400359,0.663183,0.852213,0.533087
1623,3.246000,1.964099,3159.845,2380.649,-30.807194,9.368221,-0.065068,1.853338,3.881465,-2.259575,-4.853104,0.352200,1.379147,-0.609604,-0.177087,0.915890,0.036847,0.263587,0.276461,0.251373,0.099385,0.332056,0.733749,0.562828
1624,3.248000,1.911915,3168.789,2424.103,-31.015614,9.256622,0.123245,1.852176,3.716263,-2.446067,-4.487749,0.504183,1.208514,-0.915001,-0.234636,0.893916,0.027571,0.221034,0.184076,0.105701,-0.235590,-0.019349,0.539960,0.499575
1625,3.250000,1.860495,3135.038,2467.894,-31.269398,9.157985,0.329195,1.895495,3.611496,-2.605205,-4.085667,0.741022,1.084672,-1.219097,-0.324333,0.883018,0.038529,0.188786,0.098273,-0.058350,-0.546610,-0.348112,0.269751,0.337005
1626,3.252000,1.816021,3059.954,2502.860,-31.526403,9.082504,0.491973,1.956899,3.605371,-2.675693,-3.713975,1.015729,1.078974,-1.434485,-0.456991,0.866464,0.109837,0.205182,0.029419,-0.211880,-0.781309,-0.608285,-0.055892,0.088416
1627,3.254000,1.783329,2952.131,2520.412,-31.728325,9.054046,0.574762,2.009000,3.726475,-2.596258,-3.436270,1.247369,1.215198,-1.478861,-0.612057,0.804707,0.237682,0.292296,0.003348,-0.339816,-0.929170,-0.765879,-0.380409,-0.207918
1628,3.256000,1.763430,2826.441,2516.972,-31.845936,9.097075,0.599996,2.027710,3.942800,-2.345680,-3.280652,1.357633,1.440987,-1.324308,-0.734932,0.674911,0.375020,0.419979,0.047383,-0.409272,-0.998546,-0.819775,-0.644471,-0.494504
1629,3.258000,1.753356,2698.956,2495.898,-31.899797,9.216525,0.632675,1.995192,4.163681,-1.966861,-3.241193,1.314264,1.668710,-1.011558,-0.773114,0.491436,0.479185,0.516672,0.157302,-0.375619,-0.977326,-0.790427,-0.830585,-0.730176
1630,3.260000,1.747822,2581.935,2465.399,-31.937328,9.396116,0.739488,1.911397,4.305593,-1.530028,-3.288695,1.138452,1.838995,-0.607064,-0.715494,0.271308,0.537883,0.525115,0.299663,-0.227440,-0.847650,-0.694897,-0.947437,-0.901924
1631,3.262000,1.741727,2482.297,2434.525,-32.006767,9.600166,0.951517,1.790842,4.325743,-1.103383,-3.381553,0.883558,1.936193,-0.167476,-0.587371,0.018352,0.562668,0.433984,0.434177,-0.006355,-0.625679,-0.552348,-1.003891,-1.000788
1632,3.264000,1.731871,2403.401,2410.341,-32.121052,9.797044,1.252655,1.649843,4.212759,-0.750884,-3.476504,0.609257,1.959221,0.257128,-0.420970,-0.254593,0.576887,0.270893,0.531077,0.225545,-0.356786,-0.387121,-1.006914,-1.007477
1633,3.266000,1.716732,2347.328,2397.518,-32.249908,9.967516,1.586653,1.503169,3.978563,-0.533293,-3.538975,0.375944,1.905166,0.609343,-0.239851,-0.506430,0.600691,0.077633,0.576398,0.417860,-0.097979,-0.216763,-0.948967,-0.894705
1634,3.268000,1.695847,2315.917,2398.792,-32.353024,10.084820,1.872218,1.368654,3.669510,-0.487066,-3.547566,0.252636,1.781592,0.825033,-0.061102,-0.670843,0.630857,-0.123865,0.575585,0.556762,0.096516,-0.050557,-0.812390,-0.668019
1635,3.270000,1.669685,2310.296,2414.570,-32.410423,10.119629,2.038545,1.253870,3.343681,-0.607853,-3.498276,0.292863,1.616616,0.867136,0.109662,-0.682017,0.644400,-0.331395,0.542149,0.655053,0.201255,0.119853,-0.592239,-0.391668
1636,3.272000,1.639707,2330.955,2442.581,-32.429455,10.063922,2.058502,1.143041,3.037327,-0.843178,-3.398002,0.498348,1.459101,0.755955,0.255446,-0.538191,0.626681,-0.525754,0.469608,0.714831,0.242929,0.317062,-0.324102,-0.153644
1637,3.274000,1.609094,2376.895,2477.629,-32.426659,9.934027,1.937550,1.013689,2.778573,-1.118863,-3.278595,0.819673,1.383635,0.567947,0.334761,-0.318334,0.587191,-0.657612,0.341736,0.715689,0.268731,0.546180,-0.069246,-0.008583
1638,3.276000,1.583474,2443.420,2511.398,-32.400444,9.759348,1.679824,0.851801,2.615414,-1.363629,-3.201693,1.165517,1.452555,0.400709,0.314568,-0.128980,0.536385,-0.677003,0.167583,0.623923,0.287283,0.786147,0.139458,0.037468
1639,3.278000,1.569429,2520.148,2534.330,-32.330799,9.585878,1.308514,0.649347,2.585067,-1.520747,-3.218771,1.424003,1.664632,0.334285,0.207982,-0.039299,0.463239,-0.571641,-0.008135,0.424205,0.255612,0.980598,0.304378,0.016479
1640,3.280000,1.570782,2593.618,2540.527,-32.208618,9.466921,0.903185,0.411657,2.664156,-1.577242,-3.327413,1.524420,1.951799,0.390637,0.065592,-0.040137,0.356637,-0.377220,-0.133882,0.151159,0.141602,1.053296,0.412845,-0.032166
1641,3.282000,1.586184,2652.082,2530.779,-32.058701,9.425674,0.557602,0.150127,2.782235,-1.563781,-3.489537,1.450983,2.225888,0.546017,-0.057048,-0.063557,0.233220,-0.143824,-0.174326,-0.117851,-0.024241,0.970110,0.440832,-0.077019
1642,3.284000,1.609543,2689.697,2511.308,-31.918348,9.451899,0.323887,-0.122723,2.885244,-1.504360,-3.653306,1.223977,2.430957,0.777317,-0.125154,-0.051539,0.122058,0.105332,-0.106479,-0.307774,-0.180341,0.766456,0.402108,-0.085630
1643,3.286000,1.633521,2706.756,2489.612,-31.821281,9.521420,0.219715,-0.378682,2.952414,-1.414207,-3.767525,0.891688,2.548984,1.052305,-0.148967,0.011810,0.047319,0.369012,0.062952,-0.385006,-0.274211,0.519821,0.341916,-0.039505
1644,3.288000,1.652944,2705.942,2471.373,-31.782248,9.617762,0.245402,-0.575257,2.988499,-1.312843,-3.799443,0.506896,2.568115,1.309580,-0.180856,0.095334,-0.001499,0.625656,0.278434,-0.377972,-0.304017,0.284805,0.291477,0.049969
1645,3.290000,1.665039,2690.628,2460.341,-31.794197,9.724625,0.369721,-0.683085,3.003503,-1.231043,-3.740763,0.128233,2.486625,1.487385,-0.256367,0.166313,-0.053246,0.840200,0.478704,-0.337652,-0.305815,0.074670,0.258916,0.153557
1646,3.292000,1.668729,2664.672,2458.555,-31.832279,9.818604,0.529674,-0.697863,3.001598,-1.207179,-3.600792,-0.158396,2.339054,1.561781,-0.346023,0.235779,-0.116292,0.987515,0.640693,-0.281145,-0.303938,-0.097061,0.260445,0.250948
1647,3.294000,1.664785,2631.115,2466.159,-31.857529,9.886578,0.666557,-0.640337,2.974711,-1.270494,-3.403580,-0.264468,2.176597,1.534577,-0.395006,0.324978,-0.193152,1.032453,0.756099,-0.199153,-0.300702,-0.196959,0.323015,0.330792
1648,3.296000,1.655800,2591.357,2481.003,-31.850998,9.932790,0.771386,-0.535319,2.921010,-1.397567,-3.169693,-0.155305,2.024993,1.411434,-0.377841,0.435002,-0.272317,0.956120,0.808233,-0.092442,-0.290742,-0.196686,0.453412,0.386953
1649,3.298000,1.645852,2545.794,2498.327,-31.835443,9.965292,0.880158,-0.393326,2.862949,-1.509397,-2.906573,0.130762,1.879088,1.199661,-0.309565,0.559975,-0.308757,0.797300,0.784033,0.016848,-0.274331,-0.105940,0.627096,0.421982
1650,3.300000,1.640462,2494.629,2510.677,-31.828583,10.008804,1.035192,-0.220193,2.821742,-1.545439,-2.638741,0.510025,1.740069,0.928521,-0.226765,0.682066,-0.271844,0.620805,0.684900,0.100332,-0.252831,0.039912,0.811709,0.428292
1651,3.302000,1.645102,2439.059,2510.142,-31.810749,10.102414,1.253474,-0.031139,2.806341,-1.492248,-2.423782,0.869296,1.613156,0.646657,-0.159993,0.770193,-0.170563,0.487847,0.532686,0.129326,-0.237490,0.202434,0.983963,0.387782
1652,3.304000,1.663850,2381.343,2490.925,-31.743010,10.274679,1.514605,0.134871,2.814880,-1.357621,-2.324269,1.087677,1.492293,0.421503,-0.096162,0.810951,-0.032653,0.444355,0.376420,0.090007,-0.249853,0.349330,1.125894,0.286791
1653,3.306000,1.697841,2324.452,2451.503,-31.623894,10.505718,1.764404,0.213320,2.828075,-1.148316,-2.353365,1.088673,1.360782,0.324167,0.017337,0.818684,0.102605,0.493671,0.276427,-0.000617,-0.306520,0.460295,1.232223,0.145913
1654,3.308000,1.744064,2271.556,2395.890,-31.497313,10.749801,1.972897,0.169008,2.823007,-0.871566,-2.459054,0.880123,1.207903,0.394624,0.221076,0.812859,0.195268,0.589412,0.260610,-0.115171,-0.407045,0.535918,1.302593,-0.001189
1655,3.310000,1.795994,2226.020,2332.398,-31.420277,10.967468,2.157363,0.023045,2.765396,-0.569407,-2.574365,0.528759,1.035445,0.625293,0.509040,0.807576,0.236823,0.671560,0.310241,-0.239949,-0.529365,0.608139,1.329409,-0.142508
1656,3.312000,1.845143,2191.433,2271.213,-31.425774,11.136877,2.343855,-0.168207,2.632186,-0.300977,-2.654443,0.110331,0.852824,0.979768,0.838527,0.799894,0.243442,0.697594,0.387422,-0.373827,-0.647955,0.719013,1.303954,-0.283357
1657,3.314000,1.883872,2169.779,2221.767,-31.507694,11.251147,2.535911,-0.345186,2.439226,-0.112265,-2.684127,-0.314835,0.666066,1.399435,1.153312,0.771595,0.236830,0.653535,0.461508,-0.508800,-0.742324,0.891799,1.233262,-0.413745
1658,3.316000,1.906280,2161.743,2191.909,-31.628683,11.306108,2.708002,-0.467282,2.237807,-0.033096,-2.674320,-0.696369,0.480367,1.796890,1.391070,0.708156,0.238118,0.542387,0.508604,-0.622548,-0.800809,1.105351,1.136931,-0.495976
1659,3.318000,1.908493,2166.631,2187.308,-31.736961,11.290774,2.816467,-0.517659,2.082444,-0.081139,-2.646111,-0.981176,0.318040,2.075470,1.498567,0.616240,0.267779,0.378259,0.515618,-0.682924,-0.822040,1.297933,1.039337,-0.482507
1660,3.320000,1.888455,2183.600,2211.675,-31.801998,11.183191,2.825070,-0.507625,1.992933,-0.253781,-2.610472,-1.121893,0.221184,2.174122,1.455553,0.511453,0.336775,0.196828,0.490029,-0.672694,-0.812813,1.407275,0.958727,-0.364548
1661,3.322000,1.846461,2212.775,2266.477,-31.835520,10.969110,2.732737,-0.464660,1.958122,-0.517417,-2.572874,-1.100650,0.232084,2.097810,1.272780,0.394786,0.443617,0.048033,0.447082,-0.605459,-0.775831,1.412513,0.898244,-0.192060
1662,3.324000,1.785888,2256.264,2350.072,-31.878677,10.651332,2.561507,-0.416617,1.969629,-0.817757,-2.553945,-0.941547,0.367976,1.899404,0.970717,0.250581,0.581415,-0.023805,0.390841,-0.516295,-0.709610,1.340424,0.859986,-0.035465
1663,3.326000,1.714470,2316.813,2455.308,-31.966278,10.251217,2.333097,-0.380379,2.044186,-1.090015,-2.582417,-0.701140,0.613741,1.646588,0.575193,0.058012,0.727819,0.000927,0.320221,-0.441978,-0.628697,1.227188,0.856248,0.058484
1664,3.328000,1.643260,2395.608,2568.278,-32.094757,9.821503,2.068733,-0.365342,2.218920,-1.251755,-2.655129,-0.443021,0.937642,1.414302,0.129636,-0.200171,0.838853,0.117792,0.258762,-0.396612,-0.568257,1.083956,0.895006,0.079430
1665,3.330000,1.584348,2488.164,2669.710,-32.217163,9.443956,1.798655,-0.372595,2.525225,-1.214568,-2.722984,-0.218990,1.301025,1.266602,-0.301459,-0.516950,0.865242,0.301741,0.253390,-0.365356,-0.559145,0.895036,0.963396,0.047180
1666,3.332000,1.548778,2580.004,2739.731,-32.274864,9.194121,1.565362,-0.391109,2.945103,-0.936947,-2.729128,-0.065881,1.656015,1.213554,-0.664638,-0.848011,0.785251,0.515407,0.338532,-0.321266,-0.588973,0.660234,1.032769,-0.015015
1667,3.334000,1.543623,2648.632,2766.043,-32.232437,9.103561,1.403399,-0.409125,3.397784,-0.459189,-2.651214,-0.010043,1.942650,1.200333,-0.945824,-1.131376,0.613979,0.714983,0.503624,-0.253028,-0.591315,0.433958,1.075045,-0.106754
1668,3.336000,1.568776,2674.742,2749.489,-32.094601,9.151749,1.323267,-0.412840,3.789102,0.125553,-2.504320,-0.060040,2.111462,1.158810,-1.158686,-1.331223,0.372041,0.851388,0.702336,-0.172236,-0.492805,0.294320,1.079170,-0.223029
1669,3.338000,1.616256,2654.038,2701.943,-31.894814,9.297262,1.325374,-0.384253,4.050529,0.698547,-2.337513,-0.202991,2.148496,1.067372,-1.303743,-1.440099,0.093833,0.905018,0.886550,-0.115986,-0.286030,0.279168,1.059516,-0.323764
1670,3.340000,1.673981,2597.316,2638.679,-31.653240,9.526203,1.412114,-0.324139,4.134477,1.132248,-2.223137,-0.415191,2.073068,0.962027,-1.331422,-1.430894,-0.153208,0.890571,1.006804,-0.146028,-0.049055,0.356008,1.034861,-0.359661
1671,3.342000,1.729793,2522.252,2573.172,-31.388603,9.821770,1.564347,-0.256870,4.032308,1.354343,-2.202009,-0.661631,1.906330,0.865043,-1.199472,-1.273630,-0.300917,0.841665,1.044075,-0.281829,0.133811,0.464433,1.002644,-0.333893
1672,3.344000,1.774118,2446.530,2515.292,-31.145195,10.123523,1.730764,-0.206600,3.796346,1.392128,-2.243451,-0.882478,1.663914,0.742753,-0.940116,-0.990290,-0.327459,0.789445,1.022764,-0.468362,0.242757,0.576910,0.953951,-0.298719
1673,3.346000,1.800879,2386.020,2471.484,-30.970085,10.360897,1.856480,-0.184267,3.499778,1.301890,-2.308350,-1.018140,1.383088,0.563083,-0.628482,-0.641709,-0.245132,0.755209,0.967390,-0.639106,0.301222,0.696928,0.894830,-0.288689
1674,3.348000,1.807573,2353.580,2445.453,-30.891579,10.489010,1.904946,-0.187943,3.207489,1.113293,-2.406122,-1.045356,1.126534,0.335801,-0.336646,-0.287456,-0.068388,0.757897,0.881310,-0.756487,0.340338,0.822613,0.822514,-0.308024
1675,3.350000,1.795851,2357.735,2437.140,-30.910831,10.495651,1.848504,-0.217485,2.973544,0.847031,-2.575332,-0.983391,0.951700,0.096139,-0.112660,0.033982,0.189173,0.806098,0.753965,-0.805343,0.387419,0.943527,0.722116,-0.352233
1676,3.352000,1.770933,2401.672,2441.865,-31.007301,10.399530,1.670065,-0.282498,2.832767,0.541038,-2.840190,-0.880870,0.885704,-0.110686,0.033911,0.291003,0.486192,0.891053,0.584199,-0.782535,0.444861,1.047775,0.592348,-0.411767
1677,3.354000,1.740285,2480.925,2450.932,-31.144161,10.249303,1.374435,-0.400987,2.790276,0.257558,-3.182652,-0.803726,0.915168,-0.234743,0.137240,0.442198,0.738809,0.991846,0.393036,-0.701066,0.482150,1.125359,0.454445,-0.468236
1678,3.356000,1.711524,2581.890,2454.872,-31.278316,10.106362,0.993289,-0.577971,2.824203,0.061761,-3.545447,-0.811291,0.998261,-0.249324,0.244747,0.453731,0.855760,1.073825,0.202832,-0.585375,0.467450,1.165307,0.325345,-0.500267
1679,3.358000,1.690935,2682.695,2447.692,-31.384678,10.013659,0.588401,-0.781150,2.890045,-0.015165,-3.852431,-0.919103,1.096793,-0.180628,0.376125,0.335387,0.796670,1.098249,0.013840,-0.454713,0.417002,1.168985,0.203043,-0.490717
1680,3.360000,1.682524,2759.280,2429.915,-31.456348,9.986360,0.241430,-0.942019,2.950942,0.027675,-4.030121,-1.086205,1.209822,-0.079234,0.519029,0.141685,0.593550,1.057945,-0.176345,-0.325330,0.384155,1.157468,0.089297,-0.436138
1681,3.362000,1.686661,2795.736,2407.499,-31.490681,10.021955,0.024722,-0.994983,3.002394,0.177144,-4.037195,-1.242159,1.364572,0.026768,0.647074,-0.063487,0.313674,0.974186,-0.354419,-0.216885,0.404775,1.143175,-0.005749,-0.354925
1682,3.364000,1.700150,2790.155,2387.176,-31.496784,10.097401,-0.034199,-0.931090,3.050751,0.389818,-3.895020,-1.327516,1.570653,0.137944,0.734255,-0.234298,0.020380,0.873962,-0.482908,-0.129849,0.485806,1.122189,-0.064185,-0.264572
1683,3.366000,1.717960,2751.910,2372.530,-31.486317,10.191137,0.053422,-0.790369,3.095060,0.600914,-3.667448,-1.303625,1.812804,0.267840,0.773817,-0.331762,-0.229564,0.786536,-0.512936,-0.048776,0.610371,1.081441,-0.077708,-0.179121
1684,3.368000,1.735261,2695.508,2363.613,-31.473896,10.285260,0.239758,-0.640714,3.106992,0.733362,-3.438187,-1.178671,2.046482,0.404561,0.765953,-0.332985,-0.396323,0.732153,-0.427518,0.018010,0.730665,1.005687,-0.066893,-0.125599
1685,3.370000,1.749071,2635.477,2358.437,-31.466476,10.379306,0.471556,-0.529032,3.071544,0.745589,-3.263214,-0.990797,2.226496,0.517176,0.708074,-0.245585,-0.465618,0.718575,-0.255513,0.034624,0.788069,0.898470,-0.060325,-0.132484
1686,3.372000,1.758505,2583.767,2354.564,-31.471672,10.472412,0.700597,-0.465213,3.014681,0.660000,-3.144334,-0.776168,2.331710,0.583656,0.589656,-0.114332,-0.452066,0.738486,-0.053330,-0.032793,0.751680,0.799409,-0.057247,-0.196277
1687,3.374000,1.763833,2549.307,2350.195,-31.497293,10.553882,0.881476,-0.439062,2.983474,0.538100,-3.052947,-0.565527,2.361716,0.610129,0.406981,-0.009903,-0.388601,0.773029,0.123445,-0.195553,0.614292,0.743444,-0.044123,-0.290438
1688,3.376000,1.765439,2537.720,2344.543,-31.531693,10.618465,0.971573,-0.440838,3.016818,0.451567,-2.962105,-0.399105,2.318713,0.628853,0.177020,-0.006277,-0.319027,0.800484,0.243690,-0.436254,0.370782,0.720940,-0.015714,-0.384909
1689,3.378000,1.762402,2551.190,2338.665,-31.562298,10.651138,0.936448,-0.472630,3.120618,0.457325,-2.858422,-0.321924,2.202085,0.680548,-0.060597,-0.141940,-0.281114,0.808663,0.308923,-0.705079,0.032245,0.694996,0.030781,-0.452042
1690,3.380000,1.752498,2588.195,2335.715,-31.609476,10.608737,0.773389,-0.541215,3.248357,0.563590,-2.739329,-0.352440,2.021844,0.782540,-0.262805,-0.392535,-0.287391,0.798671,0.334292,-0.935671,-0.347311,0.648188,0.098615,-0.475678
1691,3.382000,1.734106,2642.395,2339.303,-31.705343,10.456014,0.533346,-0.637958,3.328704,0.739020,-2.609382,-0.477003,1.804954,0.918031,-0.408745,-0.701527,-0.340763,0.770475,0.321238,-1.089477,-0.699306,0.591734,0.184253,-0.465447
1692,3.384000,1.708278,2702.135,2351.469,-31.851307,10.205620,0.297009,-0.747567,3.304790,0.939077,-2.480917,-0.678431,1.577821,1.059145,-0.496649,-1.013060,-0.443306,0.726794,0.275739,-1.157591,-0.963444,0.558313,0.290335,-0.439898
1693,3.386000,1.679950,2751.144,2371.379,-32.008518,9.921076,0.141715,-0.856268,3.151891,1.109028,-2.373725,-0.943101,1.358022,1.186966,-0.531165,-1.273675,-0.575293,0.685274,0.234517,-1.132836,-1.088765,0.582712,0.421126,-0.415559
1694,3.388000,1.656664,2771.326,2395.144,-32.128105,9.681870,0.120873,-0.940909,2.895728,1.205201,-2.295410,-1.238830,1.160612,1.289387,-0.518983,-1.431297,-0.688694,0.673028,0.255807,-1.002854,-1.050161,0.670164,0.570785,-0.405825
1695,3.390000,1.646296,2748.232,2415.640,-32.174782,9.556093,0.259867,-0.959631,2.615558,1.224815,-2.214644,-1.481750,1.022444,1.365332,-0.462124,-1.440492,-0.725268,0.709825,0.386182,-0.772319,-0.882971,0.772568,0.720008,-0.419972
1696,3.392000,1.653029,2680.280,2424.287,-32.150524,9.559867,0.522612,-0.902908,2.371202,1.164546,-2.103205,-1.577147,0.982618,1.404378,-0.379387,-1.294297,-0.666555,0.776899,0.625759,-0.476250,-0.675235,0.805123,0.836941,-0.456402
1697,3.394000,1.674894,2581.275,2415.480,-32.084179,9.669167,0.833193,-0.809067,2.160639,0.999107,-1.959989,-1.474730,1.051446,1.380957,-0.314960,-1.043326,-0.549896,0.828523,0.936043,-0.162082,-0.510558,0.698228,0.875308,-0.515039
1698,3.396000,1.704619,2473.476,2390.999,-32.014996,9.843993,1.131317,-0.705871,1.974408,0.719498,-1.799273,-1.189149,1.209256,1.291826,-0.286654,-0.739678,-0.408856,0.842388,1.264893,0.129328,-0.411534,0.464322,0.814377,-0.586736
1699,3.398000,1.733826,2377.379,2358.574,-31.983494,10.026889,1.364651,-0.603875,1.823256,0.341179,-1.662651,-0.803293,1.410691,1.156159,-0.287864,-0.412793,-0.243136,0.827683,1.554024,0.367353,-0.346579,0.187639,0.675712,-0.645954
1700,3.400000,1.757033,2306.643,2326.591,-31.983387,10.195374,1.502573,-0.502081,1.746653,-0.074187,-1.585155,-0.415623,1.618328,1.012515,-0.322045,-0.105600,-0.054947,0.802132,1.763408,0.538087,-0.286566,-0.061885,0.482172,-0.687368
1701,3.402000,1.772701,2266.998,2300.306,-31.965546,10.366352,1.533966,-0.406710,1.783207,-0.434222,-1.584651,-0.128946,1.791341,0.912634,-0.382940,0.118858,0.114976,0.780988,1.904432,0.653202,-0.229754,-0.244491,0.290394,-0.690699
1702,3.404000,1.782203,2256.772,2280.546,-31.882444,10.559938,1.458957,-0.336097,1.939132,-0.657932,-1.667009,-0.028154,1.887323,0.909163,-0.429176,0.213508,0.209165,0.780359,2.025627,0.737116,-0.193317,-0.347440,0.176814,-0.625249
1703,3.406000,1.788626,2267.630,2264.092,-31.746353,10.761872,1.308745,-0.298372,2.160832,-0.729622,-1.816268,-0.115247,1.893062,1.016289,-0.407500,0.203776,0.219427,0.805454,2.147815,0.811851,-0.173711,-0.386078,0.158375,-0.503746
1704,3.408000,1.794998,2287.169,2246.196,-31.621252,10.937147,1.149401,-0.276779,2.362441,-0.702653,-2.008269,-0.325297,1.824038,1.197913,-0.297583,0.158394,0.185225,0.850842,2.247015,0.881648,-0.144471,-0.381938,0.193501,-0.380755
1705,3.410000,1.802086,2304.084,2224.195,-31.566872,11.060005,1.034238,-0.246926,2.494099,-0.639793,-2.227656,-0.593809,1.707188,1.411479,-0.115421,0.120387,0.141501,0.915855,2.298833,0.934010,-0.091363,-0.353508,0.238138,-0.301521
1706,3.412000,1.807924,2311.667,2198.831,-31.619240,11.120046,0.983295,-0.188358,2.554314,-0.584908,-2.459436,-0.873479,1.562668,1.620510,0.106143,0.100738,0.100909,0.997126,2.298316,0.961322,-0.015711,-0.316695,0.273655,-0.267122
1707,3.414000,1.808448,2309.298,2174.023,-31.786381,11.117689,0.990016,-0.087137,2.566247,-0.565744,-2.681314,-1.119550,1.406465,1.788467,0.335905,0.103351,0.069351,1.086737,2.255099,0.968354,0.068841,-0.286936,0.303882,-0.251007
1708,3.416000,1.798785,2301.805,2155.879,-32.040356,11.062957,1.029163,0.058866,2.556259,-0.600237,-2.867524,-1.284110,1.255388,1.871600,0.541627,0.135477,0.056164,1.177697,2.187327,0.964860,0.137548,-0.274770,0.350672,-0.223748
1709,3.418000,1.774780,2296.738,2151.248,-32.329506,10.968897,1.069060,0.233635,2.540196,-0.701075,-2.994054,-1.321136,1.124188,1.822678,0.681808,0.197179,0.069805,1.262127,2.113688,0.952151,0.154390,-0.284425,0.436972,-0.168747
1710,3.420000,1.734703,2302.316,2166.001,-32.607471,10.839030,1.091038,0.411869,2.524477,-0.867665,-3.053027,-1.213891,1.015986,1.610966,0.711281,0.260449,0.108885,1.327099,2.039505,0.913529,0.081155,-0.314322,0.562164,-0.085977
1711,3.422000,1.680759,2325.886,2202.474,-32.855858,10.662220,1.089988,0.568397,2.514383,-1.071425,-3.059750,-0.994992,0.929702,1.252234,0.607210,0.283912,0.173258,1.364429,1.949580,0.818695,-0.099262,-0.350948,0.702353,0.011153
1712,3.424000,1.619817,2371.995,2256.439,-33.079575,10.423887,1.054619,0.680570,2.521468,-1.260887,-3.051320,-0.740584,0.868225,0.813103,0.382092,0.238880,0.258902,1.376127,1.825408,0.641441,-0.370416,-0.370256,0.833569,0.099936
1713,3.426000,1.563163,2439.193,2315.583,-33.267094,10.141816,0.960049,0.716893,2.547563,-1.385725,-3.071461,-0.542234,0.836037,0.385388,0.071997,0.103637,0.323492,1.358819,1.671034,0.382912,-0.691977,-0.353010,0.941471,0.147848
1714,3.428000,1.523452,2516.683,2362.936,-33.375618,9.880203,0.798225,0.653467,2.579680,-1.405129,-3.142090,-0.467310,0.836282,0.054305,-0.276254,-0.138709,0.293409,1.294647,1.515789,0.085441,-1.015417,-0.302544,1.007496,0.118685
1715,3.430000,1.508618,2587.609,2385.682,-33.367195,9.713217,0.608342,0.509512,2.605373,-1.288446,-3.248004,-0.538732,0.857531,-0.131881,-0.604730,-0.462566,0.126181,1.161525,1.384657,-0.185107,-1.291603,-0.237143,1.001350,-0.009404
1716,3.432000,1.518431,2636.558,2382.047,-33.255333,9.666234,0.456692,0.354525,2.641385,-1.006577,-3.337012,-0.728394,0.885239,-0.157501,-0.846360,-0.780132,-0.131238,0.985247,1.303751,-0.362219,-1.471930,-0.158076,0.912383,-0.213623
1717,3.434000,1.544864,2658.153,2361.350,-33.115215,9.684841,0.379088,0.247931,2.698040,-0.585166,-3.373164,-0.981921,0.908583,-0.043495,-0.982829,-1.033043,-0.406761,0.817298,1.274164,-0.431586,-1.537362,-0.052000,0.748726,-0.457566
1718,3.436000,1.577624,2657.272,2337.762,-33.018303,9.686686,0.379785,0.218901,2.770422,-0.118645,-3.363480,-1.245412,0.911770,0.158216,-1.052607,-1.236097,-0.662796,0.700750,1.270875,-0.427626,-1.500465,0.086330,0.512029,-0.725832
1719,3.438000,1.608609,2644.695,2324.563,-32.970081,9.619051,0.444325,0.272240,2.855633,0.281658,-3.333812,-1.475672,0.871115,0.385380,-1.094952,-1.423401,-0.881960,0.674841,1.283220,-0.376421,-1.372566,0.248441,0.203667,-1.009356
1720,3.440000,1.634163,2633.332,2334.635,-32.892399,9.457659,0.556988,0.387068,2.942153,0.539371,-3.313015,-1.627873,0.786550,0.576549,-1.121435,-1.602102,-1.044301,0.758499,1.304062,-0.286507,-1.168923,0.398590,-0.140124,-1.294679
1721,3.442000,1.655924,2645.354,2397.773,-32.564255,9.120656,0.723485,0.478552,2.968011,0.687940,-3.309130,-1.626626,0.683001,0.629564,-1.094223,-1.741332,-1.111320,0.952279,1.264058,-0.184459,-0.916710,0.460391,-0.390386,-1.594754
1722,3.444000,1.680412,2713.380,2555.212,-31.749352,8.544227,0.927146,0.391150,2.853372,0.802606,-3.272213,-1.420156,0.561769,0.452676,-0.964781,-1.769456,-1.023555,1.202927,1.077052,-0.175266,-0.667049,0.392547,-0.433757,-1.879411
1723,3.446000,1.716619,2863.434,2817.741,-30.478577,7.804839,1.110162,0.075739,2.616668,0.906124,-3.156684,-1.055763,0.420218,0.109894,-0.735789,-1.631301,-0.765174,1.421342,0.773701,-0.325799,-0.468537,0.217907,-0.364393,-2.067576
1724,3.448000,1.771942,3093.051,3141.049,-28.992044,7.022700,1.224503,-0.366250,2.336050,1.033442,-2.971662,-0.634747,0.292134,-0.258827,-0.431210,-1.339817,-0.384732,1.604084,0.450122,-0.564795,-0.320016,-0.026869,-0.332461,-2.140410
1725,3.450000,1.847601,3364.343,3453.643,-27.515574,6.315261,1.285444,-0.810813,2.099509,1.232839,-2.732820,-0.234513,0.222431,-0.521681,-0.049515,-0.936509,0.064664,1.809242,0.206996,-0.771824,-0.177646,-0.280020,-0.367647,-2.104594
1726,3.452000,1.936711,3621.842,3702.307,-26.187393,5.773637,1.332486,-1.200795,1.942742,1.500422,-2.480155,0.078371,0.203986,-0.637365,0.377280,-0.509651,0.503710,2.049458,0.088193,-0.881152,-0.014639,-0.482725,-0.415062,-1.957996
1727,3.454000,2.026671,3820.632,3869.101,-25.081112,5.448831,1.392729,-1.536457,1.843713,1.776421,-2.287331,0.228634,0.164995,-0.678424,0.740994,-0.199179,0.818077,2.265472,0.060168,-0.899937,0.161565,-0.605564,-0.419113,-1.709804
1728,3.456000,2.103857,3940.463,3959.461,-24.242558,5.355042,1.485155,-1.816249,1.789933,2.022832,-2.187169,0.201502,0.070055,-0.709163,0.963807,-0.085106,0.952122,2.410402,0.076869,-0.855274,0.338341,-0.639481,-0.355425,-1.386183
1729,3.458000,2.157374,3981.428,3984.904,-23.737217,5.440034,1.586305,-2.043566,1.785803,2.232797,-2.164841,0.048923,-0.047265,-0.732944,1.043238,-0.145988,0.943767,2.484751,0.102628,-0.780829,0.493686,-0.609556,-0.258190,-1.047940
1730,3.460000,2.180791,3953.749,3953.261,-23.623343,5.627155,1.639003,-2.226576,1.848598,2.403492,-2.206514,-0.165397,-0.129238,-0.733880,0.997059,-0.322521,0.871249,2.512544,0.114138,-0.696930,0.620482,-0.541544,-0.178971,-0.754701
1731,3.462000,2.172450,3870.826,3866.293,-23.919981,5.867420,1.588696,-2.367581,1.998337,2.517375,-2.317711,-0.395300,-0.133595,-0.709770,0.833391,-0.565232,0.795468,2.511921,0.108844,-0.594576,0.729836,-0.444810,-0.142283,-0.534731
1732,3.464000,2.135094,3748.087,3721.531,-24.616978,6.146067,1.410178,-2.458954,2.237434,2.539660,-2.498568,-0.603253,-0.049659,-0.672956,0.568763,-0.836173,0.731970,2.477315,0.111209,-0.440353,0.819104,-0.332726,-0.133953,-0.385399
1733,3.466000,2.075930,3603.434,3516.663,-25.670158,6.479550,1.105483,-2.483778,2.557555,2.425439,-2.744813,-0.759402,0.115415,-0.636859,0.223313,-1.109532,0.669756,2.384617,0.148035,-0.197950,0.876525,-0.225431,-0.125069,-0.287871
1734,3.468000,2.005500,3459.836,3258.204,-26.996567,6.900248,0.695871,-2.425160,2.944024,2.133361,-3.053339,-0.852306,0.351001,-0.594494,-0.186580,-1.373534,0.603730,2.209557,0.212354,0.132489,0.897608,-0.138674,-0.107193,-0.225294
1735,3.470000,1.935635,3343.908,2971.103,-28.476374,7.432230,0.232926,-2.274786,3.367601,1.653100,-3.403444,-0.891154,0.632905,-0.518076,-0.644558,-1.626715,0.539713,1.941229,0.263458,0.487658,0.882222,-0.076782,-0.103494,-0.197074
1736,3.472000,1.876776,3276.014,2700.616,-29.955936,8.035975,-0.220585,-2.055840,3.774199,1.030190,-3.753892,-0.887628,0.918473,-0.388373,-1.129978,-1.847482,0.495521,1.591753,0.261978,0.760390,0.839507,-0.025050,-0.141589,-0.208172
1737,3.474000,1.834884,3257.761,2495.937,-31.223652,8.595897,-0.591416,-1.815898,4.089487,0.383949,-4.061018,-0.826501,1.167837,-0.214216,-1.595487,-1.969637,0.498282,1.219240,0.202620,0.857538,0.806609,0.059799,-0.207370,-0.255554
1738,3.476000,1.809749,3267.881,2380.187,-32.057182,8.964590,-0.808865,-1.589805,4.239565,-0.127939,-4.298902,-0.676025,1.382361,-0.040419,-1.958193,-1.947600,0.549839,0.931923,0.103299,0.771100,0.825812,0.227974,-0.218056,-0.327403
1739,3.478000,1.795254,3274.293,2337.217,-32.405266,9.099435,-0.860610,-1.382102,4.210063,-0.416792,-4.451988,-0.472418,1.608257,0.094257,-2.151250,-1.817658,0.626358,0.817755,0.003328,0.600495,0.888685,0.483428,-0.093487,-0.378626
1740,3.480000,1.781511,3254.257,2332.097,-32.465668,9.110205,-0.828370,-1.200750,4.067893,-0.506404,-4.508432,-0.327035,1.853629,0.227673,-2.202557,-1.654873,0.686290,0.836413,-0.033214,0.460484,0.949132,0.775783,0.151730,-0.330238
1741,3.482000,1.759884,3203.165,2340.964,-32.456161,9.084966,-0.809961,-1.077786,3.869346,-0.446194,-4.496992,-0.335692,2.061090,0.410845,-2.159485,-1.525954,0.671719,0.882139,0.024580,0.409522,0.949888,1.009007,0.438710,-0.156030
1742,3.484000,1.726350,3127.622,2356.664,-32.461308,9.066584,-0.796755,-1.002617,3.656179,-0.256189,-4.424825,-0.482784,2.202260,0.652286,-2.026428,-1.449344,0.568268,0.895554,0.150005,0.435987,0.861945,1.112594,0.686657,0.096915
1743,3.486000,1.681297,3034.315,2375.561,-32.513519,9.112256,-0.688708,-0.894371,3.463407,0.017623,-4.276940,-0.663593,2.312130,0.940827,-1.813183,-1.398009,0.423876,0.862565,0.276802,0.472255,0.685599,1.069407,0.820102,0.326213
1744,3.488000,1.629022,2928.278,2393.720,-32.636086,9.231508,-0.446805,-0.717501,3.278096,0.285066,-4.087418,-0.819363,2.397844,1.244072,-1.540209,-1.339242,0.290753,0.798890,0.373829,0.485048,0.451685,0.898923,0.830760,0.490378
1745,3.490000,1.576629,2814.668,2407.257,-32.821091,9.401405,-0.097108,-0.483343,3.074924,0.456027,-3.915102,-0.947781,2.421040,1.506301,-1.234802,-1.246772,0.195637,0.721562,0.444467,0.481774,0.195819,0.627833,0.760397,0.604665
1746,3.492000,1.532152,2699.639,2413.840,-33.037529,9.581081,0.312728,-0.211073,2.855015,0.476772,-3.796968,-1.039686,2.347674,1.662457,-0.927249,-1.095300,0.146989,0.635489,0.493180,0.476040,-0.058889,0.290107,0.668490,0.690600
1747,3.494000,1.503567,2588.430,2412.197,-33.242695,9.732613,0.737668,0.084439,2.647975,0.336217,-3.741570,-1.063513,2.172534,1.653000,-0.653194,-0.870530,0.141242,0.540547,0.512300,0.467908,-0.299123,-0.064698,0.606220,0.755532
1748,3.496000,1.497557,2484.937,2401.135,-33.393814,9.847973,1.156999,0.385104,2.487015,0.053285,-3.752902,-0.999037,1.921528,1.455095,-0.454460,-0.586527,0.172310,0.447489,0.479626,0.446262,-0.495252,-0.369687,0.591440,0.798816
1749,3.498000,1.517903,2391.247,2379.612,-33.473404,9.943296,1.571778,0.666811,2.396097,-0.322070,-3.827136,-0.845190,1.663655,1.124794,-0.349158,-0.277941,0.242675,0.384965,0.371963,0.396124,-0.596102,-0.555218,0.605272,0.816084
1750,3.500000,1.563274,2309.204,2348.124,-33.494644,10.030523,1.965327,0.906036,2.401624,-0.710849,-3.951515,-0.624855,1.478717,0.770622,-0.318647,0.014457,0.359543,0.401854,0.206826,0.308859,-0.567370,-0.570925,0.637365,0.803046
1751,3.502000,1.626560,2240.523,2309.620,-33.479282,10.107312,2.277962,1.070782,2.531659,-1.015733,-4.117384,-0.404843,1.401430,0.495676,-0.325377,0.239743,0.504011,0.543585,0.050638,0.181544,-0.434735,-0.415586,0.707335,0.760236
1752,3.504000,1.697273,2185.299,2268.041,-33.436169,10.175564,2.442400,1.121422,2.788386,-1.142054,-4.302307,-0.271286,1.400535,0.357925,-0.325795,0.348990,0.607388,0.800069,-0.017545,0.039210,-0.262562,-0.152229,0.826054,0.705883
1753,3.506000,1.764793,2142.271,2226.826,-33.351562,10.274033,2.466038,1.057996,3.141806,-1.019833,-4.440952,-0.271563,1.391565,0.337048,-0.288404,0.335830,0.583530,1.069638,0.023437,-0.057740,-0.088509,0.114157,0.929252,0.644230
1754,3.508000,1.821841,2109.272,2188.177,-33.208496,10.457684,2.437162,0.946297,3.558163,-0.625855,-4.444767,-0.373162,1.322747,0.381105,-0.216607,0.234483,0.402147,1.230058,0.112189,-0.082303,0.076890,0.291393,0.896994,0.518578
1755,3.510000,1.864991,2085.785,2154.239,-33.028931,10.718744,2.414938,0.838042,3.977289,-0.037365,-4.295236,-0.520499,1.205543,0.462778,-0.153304,0.073979,0.108814,1.246860,0.186295,-0.047630,0.246668,0.370126,0.690701,0.299780
1756,3.512000,1.894326,2073.934,2127.907,-32.865013,10.986774,2.393398,0.731696,4.305533,0.569975,-4.067733,-0.672589,1.092397,0.588622,-0.144838,-0.123218,-0.202113,1.177021,0.208950,0.008804,0.447699,0.407965,0.385264,0.046135
1757,3.514000,1.912784,2077.321,2112.341,-32.724411,11.225067,2.367596,0.629247,4.491851,1.047738,-3.841897,-0.804743,1.030206,0.787611,-0.178017,-0.309586,-0.446494,1.073300,0.132396,0.024334,0.666818,0.423850,0.054165,-0.166487
1758,3.516000,1.924297,2099.789,2110.138,-32.600616,11.407095,2.333645,0.551636,4.548866,1.341973,-3.647280,-0.899714,1.024839,1.048684,-0.225421,-0.445198,-0.585436,0.962846,-0.044937,-0.018069,0.877494,0.416132,-0.259872,-0.303687
1759,3.518000,1.931893,2143.783,2122.335,-32.506813,11.482766,2.271746,0.532315,4.540180,1.481630,-3.473303,-0.926128,1.068910,1.302214,-0.298225,-0.520055,-0.624208,0.860907,-0.247669,-0.065248,1.072138,0.404273,-0.536186,-0.401160
1760,3.520000,1.936616,2208.929,2147.386,-32.444084,11.423863,2.157499,0.584572,4.523459,1.503239,-3.326754,-0.855228,1.169926,1.477072,-0.409516,-0.523529,-0.576722,0.776881,-0.393744,-0.074091,1.234314,0.409519,-0.763302,-0.511529
1761,3.522000,1.937767,2291.110,2181.057,-32.401596,11.243977,1.981856,0.680866,4.508911,1.430321,-3.225696,-0.685848,1.336362,1.536078,-0.562540,-0.458675,-0.440471,0.740825,-0.440850,-0.052971,1.343407,0.440143,-0.940005,-0.663189
1762,3.524000,1.933310,2383.245,2217.827,-32.384277,10.981934,1.768207,0.776042,4.468295,1.283645,-3.180312,-0.459673,1.556920,1.484540,-0.749442,-0.362365,-0.216753,0.793490,-0.387177,-0.034324,1.402853,0.495802,-1.080091,-0.860196
1763,3.526000,1.920357,2477.220,2252.812,-32.420715,10.672292,1.553629,0.845229,4.382573,1.080997,-3.204727,-0.249241,1.804620,1.364391,-0.938876,-0.283908,0.055166,0.939168,-0.249041,-0.026672,1.440120,0.569566,-1.198799,-1.091220
1764,3.528000,1.895903,2565.213,2283.286,-32.538452,10.336284,1.351197,0.868832,4.259072,0.854751,-3.300621,-0.123139,2.046319,1.233718,-1.084716,-0.260920,0.313267,1.149919,-0.032505,-0.009373,1.472040,0.646360,-1.289292,-1.314772
1765,3.530000,1.857640,2640.347,2308.982,-32.740982,9.992598,1.147177,0.818004,4.121955,0.661194,-3.443937,-0.133390,2.240984,1.145987,-1.146845,-0.320166,0.493998,1.387179,0.266130,0.041000,1.483056,0.705184,-1.321227,-1.459576
1766,3.532000,1.805750,2696.533,2330.802,-33.007256,9.669795,0.938228,0.675513,3.990108,0.548457,-3.599385,-0.306543,2.350336,1.131434,-1.109765,-0.471999,0.561426,1.615602,0.631599,0.120007,1.436145,0.723658,-1.273095,-1.476661
1767,3.534000,1.745296,2728.109,2348.712,-33.298737,9.423285,0.780348,0.470228,3.861577,0.522983,-3.730193,-0.624142,2.344137,1.164819,-1.017233,-0.722127,0.514900,1.792879,0.995319,0.181713,1.307943,0.700087,-1.147829,-1.368716
1768,3.536000,1.687723,2732.408,2360.195,-33.559887,9.322149,0.755654,0.257315,3.727663,0.564735,-3.815636,-1.047167,2.199103,1.188833,-0.948080,-1.073296,0.374678,1.874666,1.265174,0.175997,1.103282,0.634716,-0.983343,-1.179658
1769,3.538000,1.649698,2715.875,2360.340,-33.741264,9.388570,0.880875,0.067024,3.595395,0.653071,-3.865065,-1.526259,1.945301,1.190268,-0.955601,-1.492421,0.204847,1.856268,1.380172,0.095256,0.869309,0.518228,-0.851992,-0.974305
1770,3.540000,1.648374,2697.889,2344.271,-33.808586,9.584253,1.088881,-0.110687,3.477871,0.752513,-3.930636,-2.008714,1.674461,1.200339,-1.083736,-1.938086,0.089744,1.765662,1.311115,-0.021183,0.711734,0.369189,-0.825875,-0.810309
1771,3.542000,1.693893,2701.966,2311.298,-33.766403,9.842871,1.319832,-0.290883,3.364991,0.837289,-4.026186,-2.435014,1.475132,1.276162,-1.320742,-2.368901,0.073984,1.650152,1.091066,-0.122295,0.717741,0.237899,-0.924665,-0.732091
1772,3.544000,1.782305,2739.694,2266.626,-33.672066,10.088198,1.574067,-0.447932,3.234932,0.902970,-4.117264,-2.780818,1.344592,1.437735,-1.586250,-2.721143,0.164014,1.572742,0.818619,-0.190583,0.871127,0.164288,-1.095835,-0.738171
1773,3.546000,1.896200,2804.866,2218.116,-33.566132,10.261686,1.842077,-0.541788,3.081747,0.928401,-4.199943,-3.050464,1.245369,1.648313,-1.818959,-2.948890,0.344413,1.567559,0.571858,-0.244371,1.107160,0.167850,-1.289011,-0.814724
1774,3.548000,2.013226,2882.204,2172.574,-33.450233,10.333194,2.074276,-0.549821,2.915002,0.863454,-4.297325,-3.224969,1.171068,1.851393,-1.997877,-3.044479,0.571728,1.625646,0.386144,-0.303793,1.371133,0.273356,-1.465399,-0.958421
1775,3.550000,2.114206,2957.821,2134.754,-33.322006,10.299170,2.219712,-0.474514,2.750218,0.661398,-4.421781,-3.265888,1.141048,2.003270,-2.125958,-3.024951,0.786645,1.703436,0.251275,-0.376230,1.621134,0.487421,-1.591416,-1.153178
1776,3.552000,2.186267,3022.654,2107.778,-33.202499,10.179817,2.268742,-0.337396,2.606977,0.330514,-4.560225,-3.165553,1.171913,2.089333,-2.224735,-2.918309,0.963278,1.769838,0.125370,-0.457620,1.823838,0.762180,-1.672315,-1.363366
1777,3.554000,2.222382,3071.078,2093.855,-33.111950,10.025665,2.258260,-0.168820,2.494404,-0.069761,-4.680047,-2.956026,1.266895,2.131539,-2.300235,-2.750607,1.104049,1.821091,-0.033792,-0.554390,1.940285,1.021692,-1.734087,-1.546507
1778,3.556000,2.220084,3098.782,2095.182,-33.037872,9.889016,2.212539,-0.006794,2.398742,-0.477754,-4.741948,-2.687040,1.407330,2.174511,-2.319012,-2.540755,1.214218,1.877455,-0.229708,-0.668026,1.947292,1.212202,-1.774881,-1.648503
1779,3.558000,2.180743,3102.204,2114.465,-32.923420,9.779408,2.094113,0.140994,2.317870,-0.842965,-4.685171,-2.399376,1.539694,2.236195,-2.251282,-2.322643,1.292403,1.973338,-0.423784,-0.762519,1.865517,1.287336,-1.781574,-1.621891
1780,3.560000,2.110588,3079.339,2154.815,-32.643635,9.663570,1.806390,0.296498,2.242089,-1.120217,-4.432604,-2.120299,1.566262,2.264231,-2.049901,-2.114016,1.308583,2.107404,-0.604951,-0.795495,1.764054,1.222867,-1.767310,-1.488251
1781,3.562000,2.023949,3033.652,2218.628,-31.995144,9.494848,1.203675,0.429067,2.127136,-1.185056,-3.914658,-1.913734,1.335874,2.141334,-1.570918,-1.840817,1.191640,2.177524,-0.826359,-0.677544,1.773692,1.035970,-1.797882,-1.378553
1782,3.564000,1.944443,2979.543,2303.609,-30.975073,9.229101,0.335031,0.546459,1.926774,-0.989857,-3.200863,-1.820335,0.882251,1.847141,-0.822519,-1.502262,0.904160,2.124730,-1.063633,-0.392569,1.866099,0.753624,-1.843958,-1.347530
1783,3.566000,1.899613,2942.798,2398.432,-29.802563,8.885334,-0.535680,0.731756,1.638545,-0.660338,-2.439477,-1.785753,0.384521,1.477588,-0.024571,-1.213631,0.479787,1.969375,-1.242737,-0.068315,1.902272,0.436657,-1.817018,-1.337580
1784,3.568000,1.908262,2945.257,2483.613,-28.630547,8.565189,-1.206022,1.003323,1.310246,-0.285762,-1.712131,-1.751758,-0.083021,1.120631,0.682930,-1.026907,-0.039998,1.696308,-1.352385,0.220522,1.861656,0.151432,-1.722949,-1.326316
1785,3.570000,1.967740,2985.538,2542.009,-27.539600,8.335823,-1.621756,1.327898,0.998948,0.084655,-1.077349,-1.686849,-0.497470,0.834494,1.283286,-0.901142,-0.570772,1.359518,-1.374737,0.494316,1.803824,-0.051228,-1.587229,-1.306482
1786,3.572000,2.055846,3040.947,2569.922,-26.583282,8.206310,-1.836543,1.653731,0.753679,0.414143,-0.596905,-1.593518,-0.836518,0.645784,1.788225,-0.772927,-1.009858,1.054006,-1.307099,0.775226,1.781555,-0.154376,-1.444639,-1.278912
1787,3.574000,2.145241,3086.212,2575.673,-25.811152,8.157250,-1.932027,1.931565,0.604445,0.685404,-0.307266,-1.490415,-1.080837,0.552033,2.182736,-0.630567,-1.311086,0.830569,-1.195596,1.039048,1.805535,-0.173997,-1.340160,-1.257275
1788,3.576000,2.214484,3105.655,2570.483,-25.293179,8.156614,-1.953286,2.124776,0.538510,0.900363,-0.181236,-1.382524,-1.236312,0.533039,2.459510,-0.494756,-1.499539,0.690376,-1.079404,1.256558,1.849958,-0.139999,-1.288457,-1.247248
1789,3.578000,2.250521,3093.179,2562.413,-25.101097,8.182847,-1.895293,2.215888,0.512415,1.065707,-0.149722,-1.258741,-1.329604,0.562568,2.640857,-0.376502,-1.627477,0.614714,-0.964273,1.416094,1.866532,-0.092244,-1.276808,-1.243183
1790,3.580000,2.247287,3047.570,2555.222,-25.273811,8.235608,-1.733100,2.204312,0.492343,1.187886,-0.151880,-1.101925,-1.375330,0.621014,2.754846,-0.270986,-1.726405,0.585357,-0.850149,1.510985,1.814076,-0.067522,-1.296684,-1.241277
1791,3.582000,2.203734,2969.726,2549.474,-25.809799,8.334077,-1.435849,2.098222,0.460522,1.267482,-0.154697,-0.897709,-1.368539,0.699484,2.823927,-0.165201,-1.800510,0.587740,-0.743698,1.530293,1.667004,-0.091285,-1.348382,-1.243771
1792,3.584000,2.122447,2862.861,2544.049,-26.686909,8.493021,-0.978611,1.906028,0.406521,1.296122,-0.154593,-0.647314,-1.303495,0.784941,2.854879,-0.051076,-1.839088,0.612028,-0.646296,1.469359,1.422444,-0.166744,-1.426176,-1.254580
1793,3.586000,2.009363,2734.527,2537.634,-27.867729,8.704014,-0.361311,1.630255,0.325398,1.256073,-0.179681,-0.373202,-1.173507,0.858433,2.830871,0.064801,-1.820123,0.654574,-0.552296,1.331867,1.104423,-0.265931,-1.509787,-1.277418
1794,3.588000,1.874455,2599.989,2530.457,-29.270912,8.947774,0.388929,1.286531,0.237508,1.132093,-0.281881,-0.107077,-0.954214,0.896255,2.697415,0.155539,-1.708840,0.710238,-0.467202,1.125125,0.765719,-0.332781,-1.571839,-1.312762
1795,3.590000,1.732460,2485.264,2526.106,-30.753757,9.189042,1.190982,0.911663,0.193394,0.912342,-0.533242,0.124839,-0.589604,0.877688,2.358316,0.180731,-1.453249,0.770964,-0.427036,0.856800,0.481344,-0.299610,-1.588273,-1.352021
1796,3.592000,1.602235,2424.519,2530.548,-32.143333,9.363895,1.914804,0.570270,0.236732,0.583772,-0.974510,0.327351,-0.025367,0.799354,1.746694,0.122826,-1.007768,0.835974,-0.470842,0.543114,0.305135,-0.136263,-1.538739,-1.377745
1797,3.594000,1.503198,2446.183,2544.788,-33.291069,9.407683,2.454043,0.348354,0.343338,0.120700,-1.550471,0.527948,0.685332,0.665302,0.922199,-0.009408,-0.402173,0.931653,-0.585330,0.196352,0.239673,0.142325,-1.401149,-1.359982
1798,3.596000,1.449006,2551.588,2557.319,-34.103035,9.309337,2.752869,0.285307,0.453727,-0.469931,-2.139602,0.721216,1.383641,0.523722,0.079989,-0.195172,0.260090,1.109896,-0.700130,-0.176243,0.276430,0.500367,-1.200300,-1.270831
1799,3.598000,1.442068,2708.855,2551.670,-34.535553,9.151403,2.779366,0.275219,0.558819,-1.042672,-2.649655,0.784022,1.902223,0.472660,-0.579631,-0.387374,0.861357,1.328347,-0.749905,-0.492826,0.425203,0.850719,-1.024074,-1.099355
1800,3.600000,1.475667,2870.519,2521.867,-34.596405,9.057570,2.565772,0.186069,0.704797,-1.402893,-3.039618,0.603258,2.163337,0.557162,-0.971104,-0.514406,1.319240,1.453140,-0.744819,-0.671505,0.685333,1.122625,-0.970210,-0.922366
1801,3.602000,1.539362,2997.838,2476.862,-34.380920,9.074757,2.300545,0.122496,0.933749,-1.544248,-3.316679,0.282317,2.278237,0.736613,-1.191585,-0.599589,1.632423,1.482905,-0.740903,-0.791078,0.953790,1.324563,-1.010852,-0.841200
1802,3.604000,1.620106,3071.109,2431.523,-33.960289,9.200978,2.108121,0.177046,1.272352,-1.469410,-3.470119,-0.062217,2.336949,0.959427,-1.301458,-0.662288,1.791876,1.433531,-0.775408,-0.908168,1.131626,1.450094,-1.106006,-0.922103
1803,3.606000,1.703841,3087.055,2396.954,-33.435394,9.368814,1.984674,0.321145,1.691298,-1.202806,-3.512423,-0.384155,2.368434,1.190247,-1.313672,-0.690048,1.810285,1.337816,-0.814645,-1.010509,1.180776,1.501521,-1.197017,-1.136677
1804,3.608000,1.778912,3052.145,2376.566,-32.920681,9.508691,1.892777,0.489602,2.131783,-0.813916,-3.477362,-0.674408,2.374262,1.405572,-1.250813,-0.677765,1.729666,1.246863,-0.803259,-1.084691,1.105949,1.495313,-1.222026,-1.398181
1805,3.610000,1.837023,2977.825,2368.304,-32.494694,9.602688,1.827295,0.638977,2.543760,-0.386757,-3.393167,-0.929808,2.349013,1.589597,-1.148125,-0.629724,1.598314,1.199021,-0.715502,-1.138605,0.933490,1.450840,-1.158560,-1.635300
1806,3.612000,1.873924,2877.360,2367.995,-32.189423,9.668791,1.807879,0.749157,2.887877,-0.007978,-3.293336,-1.156015,2.286231,1.734679,-1.037297,-0.561923,1.450655,1.219023,-0.550721,-1.178066,0.704193,1.393500,-1.019203,-1.810426
1807,3.614000,1.890371,2765.267,2371.502,-31.995132,9.736378,1.858859,0.818697,3.138456,0.256114,-3.211749,-1.359825,2.192192,1.848640,-0.935355,-0.499799,1.298397,1.314631,-0.327868,-1.198718,0.467567,1.351568,-0.831185,-1.906574
1808,3.616000,1.891752,2660.895,2375.971,-31.883518,9.818808,1.979689,0.854898,3.290135,0.381582,-3.168400,-1.528811,2.110034,1.959358,-0.849588,-0.470400,1.135631,1.460095,-0.098816,-1.205867,0.265743,1.340326,-0.630388,-1.918292
1809,3.618000,1.887552,2589.748,2380.119,-31.823719,9.905005,2.125192,0.865325,3.368002,0.385604,-3.181203,-1.641817,2.111141,2.089707,-0.807172,-0.495113,0.971660,1.613004,0.068115,-1.205266,0.141819,1.353474,-0.474372,-1.853275
1810,3.620000,1.890327,2578.338,2382.636,-31.790066,9.970196,2.228002,0.854477,3.415565,0.309930,-3.272511,-1.697445,2.250831,2.237748,-0.853834,-0.580401,0.845078,1.750747,0.128144,-1.192672,0.138002,1.370828,-0.433812,-1.737061
1811,3.622000,1.913036,2641.597,2378.482,-31.782387,9.987768,2.255371,0.824143,3.455855,0.209694,-3.438180,-1.721530,2.518932,2.384490,-1.003731,-0.718904,0.783045,1.876147,0.090884,-1.160438,0.263330,1.380066,-0.542989,-1.606158
1812,3.624000,1.962950,2770.091,2359.127,-31.818409,9.939060,2.219024,0.771833,3.480378,0.138033,-3.643063,-1.742661,2.852181,2.505368,-1.222954,-0.887735,0.787759,1.993431,0.003486,-1.084161,0.493540,1.372885,-0.788643,-1.488202
1813,3.626000,2.036697,2931.574,2320.396,-31.909027,9.820852,2.147876,0.696870,3.478174,0.131956,-3.847989,-1.774469,3.178617,2.584734,-1.459907,-1.059496,0.857001,2.095027,-0.091037,-0.923304,0.801015,1.348418,-1.129525,-1.401421
1814,3.628000,2.121372,3089.524,2268.736,-32.052078,9.643987,2.065806,0.607861,3.456671,0.202095,-4.029286,-1.818263,3.443084,2.620185,-1.680551,-1.222896,0.992811,2.172431,-0.169554,-0.649871,1.164762,1.321263,-1.510467,-1.358618
1815,3.630000,2.200345,3220.673,2217.192,-32.242447,9.424084,1.983940,0.520280,3.433807,0.323353,-4.180017,-1.862726,3.616589,2.614667,-1.879336,-1.391903,1.183411,2.222938,-0.220806,-0.280147,1.548342,1.306419,-1.875265,-1.367608
1816,3.632000,2.259257,3316.672,2177.330,-32.468216,9.177126,1.893166,0.442086,3.422414,0.441846,-4.299828,-1.880138,3.691461,2.568097,-2.049702,-1.582775,1.395005,2.252384,-0.231058,0.120406,1.897640,1.320325,-2.172802,-1.432462
1817,3.634000,2.288692,3376.960,2155.780,-32.698708,8.928514,1.772976,0.372020,3.424594,0.493869,-4.388753,-1.834304,3.669046,2.476111,-2.161644,-1.789913,1.585794,2.273458,-0.181283,0.463445,2.158860,1.386608,-2.360283,-1.549475
1818,3.636000,2.284033,3402.630,2155.032,-32.890930,8.734829,1.642825,0.323846,3.444057,0.448853,-4.443890,-1.701556,3.573731,2.356508,-2.181626,-1.987859,1.731730,2.288196,-0.075421,0.678417,2.289833,1.498058,-2.423801,-1.700114
1819,3.638000,2.245299,3391.812,2175.182,-33.019928,8.668716,1.579023,0.327544,3.481722,0.322646,-4.470550,-1.498292,3.446939,2.245913,-2.120432,-2.170945,1.810827,2.258421,0.032238,0.729515,2.268049,1.606453,-2.378464,-1.842545
1820,3.640000,2.178040,3336.183,2214.119,-33.093536,8.767165,1.652505,0.410672,3.531533,0.146351,-4.478744,-1.266360,3.310958,2.153102,-2.037420,-2.366625,1.776678,2.120092,0.072800,0.610531,2.101460,1.678761,-2.243329,-1.927733
1821,3.642000,2.093610,3222.955,2264.799,-33.142342,9.009242,1.882838,0.582526,3.578551,-0.053924,-4.461135,-1.031542,3.175567,2.069077,-1.979223,-2.582023,1.602471,1.850716,0.028061,0.356937,1.840764,1.727545,-2.029676,-1.923211
1822,3.644000,2.008107,3043.170,2311.910,-33.211220,9.326399,2.238656,0.820513,3.592002,-0.265248,-4.397147,-0.796497,3.058401,2.004694,-1.932287,-2.769698,1.317331,1.493237,-0.053798,0.043581,1.558891,1.774883,-1.760667,-1.831795
1823,3.646000,1.938498,2805.248,2333.726,-33.333344,9.650902,2.676283,1.086030,3.543693,-0.482306,-4.277573,-0.572682,2.960643,1.968969,-1.861316,-2.874115,0.968805,1.104013,-0.107636,-0.251222,1.303327,1.805313,-1.487985,-1.683948
1824,3.648000,1.895538,2543.345,2315.182,-33.505005,9.955841,3.170700,1.349739,3.434654,-0.692893,-4.108372,-0.384706,2.860497,1.953418,-1.744121,-2.866663,0.596050,0.717490,-0.087728,-0.460461,1.086929,1.770625,-1.272527,-1.507197
1825,3.650000,1.879049,2303.318,2262.574,-33.701485,10.232979,3.701218,1.590562,3.283359,-0.883700,-3.901178,-0.244211,2.741749,1.943289,-1.583511,-2.757656,0.220974,0.340105,0.017456,-0.528004,0.911452,1.626744,-1.159534,-1.319979
1826,3.652000,1.878755,2118.712,2200.693,-33.900120,10.466856,4.237572,1.793332,3.103625,-1.047953,-3.669024,-0.143950,2.605849,1.925811,-1.402841,-2.582064,-0.142790,-0.036883,0.175357,-0.428589,0.783239,1.365114,-1.160029,-1.133788
1827,3.654000,1.880065,1999.754,2155.119,-34.092175,10.634886,4.738225,1.945001,2.897579,-1.181543,-3.426465,-0.070252,2.464782,1.895186,-1.226653,-2.370201,-0.468962,-0.413112,0.323568,-0.188834,0.711261,1.021231,-1.252957,-0.963615
1828,3.656000,1.870583,1939.357,2139.207,-34.272118,10.723274,5.147751,2.029527,2.674924,-1.267095,-3.185117,-0.008644,2.345701,1.857286,-1.079781,-2.148625,-0.721677,-0.766343,0.395290,0.106603,0.687287,0.656494,-1.401713,-0.835494
1829,3.658000,1.843686,1924.452,2153.387,-34.417244,10.741688,5.394083,2.021102,2.463411,-1.280915,-2.973108,0.030097,2.282000,1.835150,-0.988405,-1.958369,-0.870185,-1.034732,0.356849,0.338996,0.678155,0.342654,-1.559201,-0.786247
1830,3.660000,1.799850,1942.229,2189.839,-34.503197,10.714530,5.427548,1.904535,2.289618,-1.213264,-2.819788,0.017293,2.282834,1.847795,-0.959965,-1.834925,-0.912353,-1.149613,0.228778,0.418658,0.634114,0.123490,-1.672893,-0.827800
1831,3.662000,1.746241,1980.840,2236.385,-34.536079,10.665655,5.273963,1.703484,2.147737,-1.088916,-2.726829,-0.055703,2.313404,1.869061,-0.971723,-1.765640,-0.878829,-1.101043,0.066177,0.355002,0.534359,-0.014012,-1.711179,-0.911965
1832,3.664000,1.694285,2027.394,2279.123,-34.537872,10.612701,5.006871,1.476525,2.033680,-0.945578,-2.693933,-0.180698,2.335217,1.850328,-0.998088,-1.710228,-0.800865,-0.929573,-0.080251,0.235310,0.425045,-0.089815,-1.675792,-0.974783
1833,3.666000,1.655895,2069.602,2306.321,-34.503052,10.577204,4.681629,1.267730,1.971345,-0.794278,-2.725375,-0.346138,2.332164,1.754181,-1.029063,-1.628176,-0.678258,-0.677529,-0.177171,0.141971,0.370817,-0.100450,-1.565516,-0.964567
1834,3.668000,1.640105,2101.343,2312.169,-34.397293,10.570013,4.289480,1.068805,1.991819,-0.623517,-2.821337,-0.524737,2.311969,1.549855,-1.078756,-1.477662,-0.476512,-0.389896,-0.232758,0.096339,0.388288,-0.069537,-1.393324,-0.848097
1835,3.670000,1.650267,2127.975,2299.402,-34.195358,10.583732,3.806112,0.856495,2.104555,-0.437667,-2.999009,-0.702478,2.277533,1.225980,-1.175743,-1.249247,-0.179529,-0.122978,-0.287705,0.064932,0.442907,-0.061249,-1.218801,-0.639270
1836,3.672000,1.684180,2164.610,2277.647,-33.899574,10.625117,3.291381,0.663991,2.302046,-0.251793,-3.265056,-0.878404,2.215954,0.823032,-1.323989,-0.978447,0.176935,0.084438,-0.346673,0.027955,0.503110,-0.121547,-1.100476,-0.378456
1837,3.674000,1.736452,2228.534,2257.734,-33.507889,10.724329,2.841625,0.563950,2.596063,-0.055248,-3.570048,-1.004187,2.155877,0.429614,-1.497292,-0.683365,0.576327,0.244861,-0.374153,0.016039,0.582564,-0.234932,-1.036490,-0.080296
1838,3.676000,1.801120,2330.890,2245.297,-33.068031,10.838732,2.451157,0.550139,2.952547,0.122293,-3.887527,-1.050967,2.125157,0.104811,-1.698287,-0.392243,0.994654,0.371669,-0.366986,0.054009,0.692288,-0.375278,-1.017922,0.225003
1839,3.678000,1.873406,2470.978,2237.771,-32.652279,10.897827,2.054939,0.554194,3.310275,0.228947,-4.226939,-1.029087,2.138651,-0.128608,-1.954034,-0.156699,1.383789,0.464087,-0.365941,0.130377,0.826371,-0.518380,-1.056033,0.481993
1840,3.680000,1.949921,2635.774,2227.282,-32.297909,10.898338,1.639327,0.533081,3.638832,0.251449,-4.582925,-0.943648,2.225130,-0.236903,-2.251635,-0.007401,1.705245,0.535637,-0.398909,0.230817,0.991954,-0.620514,-1.145382,0.654233
1841,3.682000,2.026987,2805.164,2207.609,-32.030174,10.869537,1.234574,0.476283,3.923415,0.197738,-4.942006,-0.807616,2.385024,-0.211531,-2.549183,0.048381,1.931279,0.599258,-0.470242,0.340789,1.185677,-0.655751,-1.261545,0.744049
1842,3.684000,2.099514,2959.552,2178.846,-31.875162,10.827196,0.875773,0.402092,4.172592,0.089756,-5.293240,-0.652433,2.581897,-0.089256,-2.801845,0.027649,2.064076,0.668041,-0.566111,0.441705,1.381775,-0.628312,-1.363439,0.792230
1843,3.686000,2.161539,3085.487,2146.493,-31.839783,10.773842,0.584430,0.336706,4.404207,-0.044289,-5.628364,-0.522096,2.771110,0.073409,-2.979989,-0.049566,2.122139,0.746889,-0.665814,0.514206,1.548066,-0.552247,-1.405112,0.846708
1844,3.688000,2.207709,3176.469,2117.751,-31.891544,10.717123,0.367001,0.295019,4.621233,-0.172859,-5.926108,-0.457374,2.919379,0.230200,-3.069794,-0.165065,2.113174,0.808562,-0.750542,0.556411,1.663327,-0.435755,-1.347912,0.937002
1845,3.690000,2.234443,3230.830,2098.780,-31.959160,10.677666,0.215992,0.277703,4.814976,-0.245078,-6.131137,-0.475491,3.012876,0.366974,-3.064214,-0.291177,2.032500,0.793618,-0.808811,0.581463,1.709776,-0.288885,-1.181685,1.049153
1846,3.692000,2.239819,3251.530,2093.221,-31.973606,10.665606,0.101005,0.258218,4.968683,-0.200952,-6.173026,-0.563965,3.050359,0.489566,-2.965994,-0.393439,1.879207,0.652470,-0.835708,0.597709,1.677976,-0.115525,-0.922697,1.131066
1847,3.694000,2.224316,3245.457,2101.578,-31.914165,10.671134,-0.004301,0.195787,5.067914,-0.009905,-6.018784,-0.681473,3.035628,0.588870,-2.798838,-0.457229,1.658403,0.387398,-0.830921,0.588803,1.576139,0.085661,-0.599403,1.142469
1848,3.696000,2.191588,3223.384,2121.389,-31.821119,10.661356,-0.104472,0.072191,5.113058,0.297125,-5.704344,-0.774216,2.986068,0.645489,-2.602438,-0.498560,1.378900,0.048770,-0.791904,0.525656,1.410586,0.295816,-0.249506,1.086511
1849,3.698000,2.149242,3199.923,2147.605,-31.742037,10.602611,-0.206053,-0.095687,5.127965,0.638562,-5.319227,-0.804454,2.928501,0.647102,-2.415206,-0.529773,1.075937,-0.293304,-0.714228,0.401523,1.192154,0.486388,0.077442,0.985976
1850,3.700000,2.108599,3192.869,2172.679,-31.667288,10.491323,-0.347795,-0.270309,5.164121,0.911705,-4.988927,-0.772015,2.883069,0.574333,-2.275181,-0.534305,0.828690,-0.570061,-0.609939,0.235058,0.954401,0.636472,0.299773,0.835182
1851,3.702000,2.082602,3219.188,2187.247,-31.558392,10.335043,-0.590277,-0.411582,5.284339,1.042064,-4.811120,-0.685595,2.869972,0.409845,-2.212777,-0.496246,0.711541,-0.730007,-0.509461,0.041816,0.748422,0.757855,0.340296,0.610978
1852,3.704000,2.081362,3287.514,2182.080,-31.441021,10.126957,-0.936463,-0.497584,5.495122,1.032477,-4.762411,-0.546055,2.885361,0.169526,-2.219082,-0.447325,0.710099,-0.762336,-0.435490,-0.183455,0.594612,0.894793,0.216075,0.318516
1853,3.706000,2.107217,3391.852,2151.981,-31.366362,9.876019,-1.325255,-0.519867,5.734229,0.901116,-4.775149,-0.383511,2.880791,-0.110668,-2.247513,-0.429409,0.775016,-0.655022,-0.368490,-0.434118,0.499460,1.086309,-0.005598,-0.030091
1854,3.708000,2.153618,3512.289,2100.032,-31.335438,9.613592,-1.700707,-0.449263,5.949229,0.646393,-4.804429,-0.224345,2.820124,-0.382483,-2.247747,-0.468240,0.869300,-0.404165,-0.298590,-0.701356,0.495844,1.361629,-0.266338,-0.409073
1855,3.710000,2.207702,3626.143,2037.696,-31.333179,9.376399,-2.005129,-0.253435,6.113697,0.290415,-4.829793,-0.099483,2.702908,-0.603831,-2.216453,-0.571373,0.973945,-0.048996,-0.237804,-0.958079,0.617685,1.729239,-0.486334,-0.765221
1856,3.712000,2.255346,3717.191,1979.675,-31.368614,9.172583,-2.197939,0.068646,6.205299,-0.126412,-4.859290,-0.059694,2.531380,-0.769574,-2.194479,-0.724822,1.090739,0.366045,-0.187648,-1.173083,0.863159,2.157020,-0.599831,-1.047090
1857,3.714000,2.284693,3777.894,1938.358,-31.476242,8.964369,-2.292095,0.476571,6.205952,-0.557225,-4.886367,-0.109628,2.332878,-0.871341,-2.193846,-0.891094,1.223133,0.816978,-0.144165,-1.359254,1.177134,2.578616,-0.611156,-1.237091
1858,3.716000,2.287474,3806.832,1921.354,-31.665562,8.738339,-2.310138,0.909076,6.118683,-0.938691,-4.872518,-0.197626,2.152376,-0.896489,-2.206716,-1.037363,1.374150,1.301732,-0.085368,-1.526268,1.490177,2.930998,-0.562379,-1.337663
1859,3.718000,2.259096,3804.477,1932.365,-31.907843,8.523164,-2.261637,1.310705,5.971296,-1.201277,-4.762916,-0.257998,2.010059,-0.846212,-2.225350,-1.154515,1.546594,1.823531,0.017927,-1.647717,1.762493,3.176803,-0.501110,-1.358984
1860,3.720000,2.197933,3772.069,1972.047,-32.184517,8.333438,-2.151991,1.659635,5.802556,-1.315679,-4.540892,-0.274129,1.876524,-0.739777,-2.241507,-1.254013,1.721377,2.338114,0.131997,-1.715328,1.973304,3.297624,-0.475228,-1.335961
1861,3.722000,2.105203,3710.509,2039.270,-32.502129,8.161857,-1.971073,1.967101,5.640157,-1.305644,-4.229421,-0.254878,1.725564,-0.603435,-2.255164,-1.352073,1.878054,2.794217,0.207231,-1.739561,2.108149,3.298433,-0.501259,-1.298383
1862,3.724000,1.985910,3618.555,2131.880,-32.865803,8.003572,-1.702076,2.237139,5.481699,-1.225903,-3.863310,-0.204692,1.564103,-0.463811,-2.268690,-1.451978,2.006733,3.163975,0.236788,-1.723392,2.156598,3.199885,-0.556498,-1.248994
1863,3.726000,1.849960,3492.994,2244.982,-33.254303,7.869607,-1.340968,2.448179,5.295415,-1.152867,-3.489682,-0.139152,1.402240,-0.346023,-2.256795,-1.520371,2.101504,3.418818,0.240233,-1.662022,2.112770,3.019014,-0.604412,-1.178317
1864,3.728000,1.712769,3330.781,2367.826,-33.616905,7.788909,-0.896460,2.574227,5.044866,-1.160023,-3.152178,-0.076491,1.241840,-0.262714,-2.161234,-1.495386,2.148546,3.527217,0.242599,-1.546564,1.981495,2.768311,-0.617276,-1.086656
1865,3.730000,1.593109,3135.565,2481.840,-33.896736,7.791450,-0.391748,2.603511,4.703766,-1.295468,-2.878141,-0.013143,1.089007,-0.207634,-1.924810,-1.327317,2.117082,3.472852,0.267396,-1.374483,1.778795,2.469612,-0.574318,-0.982753
1866,3.732000,1.507517,2924.027,2565.344,-34.055824,7.895469,0.147487,2.551744,4.279386,-1.550283,-2.665885,0.081278,0.966141,-0.155812,-1.524300,-1.001876,1.981570,3.267342,0.321496,-1.167853,1.528257,2.157020,-0.464733,-0.869318
1867,3.734000,1.463543,2723.233,2604.914,-34.099155,8.091822,0.695818,2.453414,3.823355,-1.850004,-2.489663,0.234815,0.898445,-0.090009,-1.004203,-0.551646,1.748900,2.945701,0.389900,-0.966131,1.257672,1.858922,-0.303953,-0.742404
1868,3.736000,1.456583,2557.198,2603.247,-34.073826,8.343579,1.218274,2.326312,3.387300,-2.115136,-2.332716,0.448716,0.898759,-0.024409,-0.477988,-0.051345,1.455942,2.554449,0.451950,-0.797521,0.986077,1.572763,-0.146568,-0.618380
1869,3.738000,1.473479,2436.281,2574.777,-34.012909,8.629444,1.675590,2.150494,2.977305,-2.312434,-2.189002,0.722029,0.980576,0.017306,-0.071817,0.398591,1.132092,2.144883,0.515900,-0.653983,0.717885,1.268792,-0.068864,-0.539931
1870,3.740000,1.500225,2357.903,2534.843,-33.926773,8.941387,2.041897,1.920736,2.597410,-2.443966,-2.081856,1.023284,1.130487,0.025282,0.153087,0.731884,0.804148,1.759557,0.593598,-0.520255,0.456283,0.945698,-0.105245,-0.542652
1871,3.742000,1.526916,2313.838,2493.754,-33.826012,9.260079,2.310131,1.683100,2.292948,-2.526242,-2.075817,1.270288,1.295484,-0.000492,0.210593,0.958094,0.525705,1.410797,0.649053,-0.395373,0.235625,0.662117,-0.225000,-0.622024
1872,3.744000,1.548240,2296.300,2457.431,-33.713463,9.562149,2.472496,1.475869,2.101795,-2.581076,-2.210809,1.413952,1.446868,-0.049841,0.120139,1.089752,0.335865,1.083068,0.634643,-0.271256,0.097911,0.467777,-0.388200,-0.743017
1873,3.746000,1.562086,2299.267,2429.366,-33.601517,9.821645,2.534117,1.313779,2.027252,-2.619495,-2.464457,1.447710,1.576673,-0.093644,-0.085723,1.124120,0.234210,0.757507,0.537068,-0.144553,0.042717,0.372924,-0.550851,-0.871987
1874,3.748000,1.569068,2319.330,2411.530,-33.509518,10.011049,2.508777,1.202112,2.052917,-2.652044,-2.787316,1.388245,1.689108,-0.105674,-0.362220,1.074361,0.218134,0.436983,0.377709,-0.012573,0.056290,0.357960,-0.689201,-0.995229
1875,3.750000,1.571770,2356.709,2404.842,-33.440365,10.113591,2.407452,1.142007,2.162407,-2.692065,-3.136662,1.268041,1.801622,-0.083751,-0.672917,0.968359,0.292265,0.140212,0.180273,0.119897,0.141512,0.396241,-0.806203,-1.107244
1876,3.752000,1.574521,2414.757,2408.370,-33.374512,10.130310,2.235299,1.122985,2.341004,-2.742604,-3.484836,1.126741,1.938190,-0.046404,-0.989965,0.837449,0.456799,-0.100143,-0.031552,0.234935,0.304887,0.473018,-0.904146,-1.198368
1877,3.754000,1.582743,2497.728,2418.315,-33.291893,10.076519,2.008188,1.122742,2.553653,-2.795913,-3.809365,1.000626,2.107865,-0.030106,-1.290119,0.714558,0.693627,-0.255287,-0.231222,0.311105,0.527376,0.570468,-0.981466,-1.260597
1878,3.756000,1.602633,2607.123,2427.221,-33.188057,9.971270,1.751493,1.115709,2.750835,-2.841344,-4.095938,0.907598,2.301996,-0.064520,-1.555480,0.623462,0.966971,-0.313094,-0.399180,0.332553,0.767893,0.662950,-1.040801,-1.299741
1879,3.758000,1.639699,2736.604,2425.504,-33.069038,9.837915,1.496894,1.087241,2.894788,-2.872265,-4.341772,0.847185,2.509901,-0.145500,-1.771192,0.577026,1.243110,-0.277744,-0.522586,0.305040,0.996325,0.732479,-1.085475,-1.322496
1880,3.760000,1.695642,2872.040,2406.790,-32.940933,9.695724,1.262997,1.022255,2.965607,-2.894454,-4.557209,0.803951,2.721088,-0.237209,-1.934733,0.569728,1.504821,-0.162133,-0.595101,0.249549,1.199554,0.774445,-1.114270,-1.322031
1881,3.762000,1.766669,2996.650,2371.811,-32.798767,9.562804,1.051510,0.908707,2.977683,-2.909628,-4.760022,0.750822,2.918984,-0.283199,-2.049489,0.579542,1.751814,0.024909,-0.611429,0.186339,1.367782,0.795584,-1.120089,-1.288185
1882,3.764000,1.844685,3096.609,2327.623,-32.620941,9.461729,0.851141,0.745076,2.980351,-2.897885,-4.962420,0.658836,3.079002,-0.227941,-2.117390,0.569054,1.983458,0.286765,-0.562646,0.119758,1.479366,0.795614,-1.094736,-1.217439
1883,3.766000,1.919298,3165.497,2283.971,-32.388008,9.409975,0.648433,0.544894,3.026077,-2.832143,-5.157039,0.513942,3.172904,-0.051490,-2.148426,0.490839,2.179245,0.618588,-0.449447,0.041561,1.511896,0.754116,-1.049302,-1.121673
1884,3.768000,1.980677,3203.044,2249.483,-32.109047,9.418433,0.463420,0.344308,3.140143,-2.697069,-5.307809,0.343099,3.195209,0.217807,-2.160650,0.325415,2.310265,0.981503,-0.295239,-0.045828,1.474056,0.650736,-1.016806,-1.024174
1885,3.770000,2.022530,3209.486,2229.750,-31.823097,9.483047,0.330504,0.169398,3.305714,-2.495441,-5.379907,0.188659,3.168612,0.527333,-2.168661,0.091946,2.358073,1.322197,-0.119384,-0.117482,1.401973,0.494975,-1.009901,-0.930159
1886,3.772000,2.043286,3182.333,2226.936,-31.557028,9.604997,0.281115,0.034692,3.495774,-2.230064,-5.358095,0.073879,3.124189,0.833476,-2.172160,-0.187344,2.306729,1.592866,0.063670,-0.157820,1.321863,0.322047,-1.006492,-0.822134
1887,3.774000,2.045680,3118.261,2239.011,-31.310368,9.799751,0.346675,-0.035450,3.701363,-1.893081,-5.237864,0.002118,3.085448,1.110808,-2.158083,-0.504155,2.142847,1.756137,0.226511,-0.184996,1.230301,0.166749,-0.983923,-0.694574
1888,3.776000,2.036639,3017.511,2258.836,-31.088512,10.059726,0.535460,-0.027103,3.913692,-1.483871,-5.023867,-0.034677,3.068587,1.352196,-2.108470,-0.848963,1.872359,1.800393,0.341039,-0.228520,1.110403,0.051586,-0.940935,-0.570501
1889,3.778000,2.027230,2888.736,2275.121,-30.914408,10.342896,0.823023,0.042654,4.106545,-1.034197,-4.748379,-0.068008,3.071198,1.554659,-2.017231,-1.199177,1.529290,1.751522,0.398098,-0.298861,0.960466,-0.002476,-0.883026,-0.474581
1890,3.780000,2.030049,2754.843,2276.979,-30.807014,10.604050,1.164262,0.138603,4.257215,-0.600370,-4.474264,-0.143168,3.082970,1.717186,-1.901982,-1.524451,1.167729,1.653008,0.392772,-0.391941,0.801073,0.017309,-0.822705,-0.416030
1891,3.782000,2.054990,2650.179,2261.305,-30.756035,10.820551,1.498890,0.231866,4.382273,-0.237057,-4.285982,-0.294780,3.112099,1.845294,-1.806752,-1.793881,0.860828,1.544532,0.303200,-0.495634,0.679367,0.100375,-0.794724,-0.391929
1892,3.784000,2.104312,2606.229,2235.555,-30.742012,10.978088,1.763844,0.306459,4.524714,0.021251,-4.251502,-0.529940,3.179380,1.949875,-1.778765,-1.989984,0.671860,1.450888,0.103879,-0.595363,0.646455,0.216703,-0.836724,-0.395569
1893,3.786000,2.171397,2634.850,2209.960,-30.782984,11.056105,1.943180,0.358619,4.690797,0.169727,-4.355455,-0.830062,3.260318,2.039191,-1.813856,-2.121172,0.596056,1.388451,-0.174751,-0.681796,0.701523,0.340766,-0.932248,-0.427157
1894,3.788000,2.244575,2725.347,2188.221,-30.907995,11.035946,2.047798,0.394629,4.856800,0.219744,-4.533540,-1.161520,3.303139,2.112293,-1.877311,-2.207541,0.593320,1.367359,-0.465856,-0.745696,0.812143,0.452998,-1.036569,-0.486230
1895,3.790000,2.311503,2854.774,2167.853,-31.117283,10.916979,2.081198,0.421751,4.996618,0.183251,-4.734120,-1.486567,3.281523,2.165905,-1.946738,-2.262738,0.645574,1.391701,-0.722066,-0.781958,0.956120,0.538373,-1.126537,-0.568200
1896,3.792000,2.362011,2998.810,2145.733,-31.387999,10.727362,2.052398,0.439655,5.082642,0.077499,-4.919234,-1.767670,3.203670,2.201135,-2.012054,-2.289399,0.753317,1.458311,-0.929877,-0.800675,1.124927,0.600194,-1.197192,-0.671597
1897,3.794000,2.389439,3136.903,2121.552,-31.685070,10.524443,1.986467,0.438332,5.087872,-0.070779,-5.052896,-1.971474,3.100478,2.219756,-2.068696,-2.280513,0.914063,1.550744,-1.102517,-0.825356,1.312646,0.660972,-1.247396,-0.804611
1898,3.796000,2.390565,3252.703,2098.520,-31.976665,10.366314,1.913026,0.406685,4.995769,-0.232597,-5.103971,-2.078752,3.004869,2.217891,-2.119230,-2.233702,1.105820,1.634681,-1.269523,-0.884522,1.504735,0.741195,-1.278873,-0.976056
1899,3.798000,2.364444,3333.775,2082.412,-32.255150,10.278181,1.860588,0.351319,4.815664,-0.377831,-5.058303,-2.092815,2.934834,2.188859,-2.171017,-2.165280,1.292115,1.673140,-1.454393,-0.992475,1.677130,0.839723,-1.304965,-1.185694
1900,3.800000,2.311630,3371.468,2079.596,-32.531311,10.245558,1.843893,0.285441,4.568207,-0.492084,-4.935497,-2.037219,2.887712,2.127478,-2.226602,-2.095549,1.452166,1.654705,-1.652468,-1.133855,1.802064,0.940545,-1.335543,-1.413934
1901,3.802000,2.234190,3360.275,2094.738,-32.807205,10.242138,1.864099,0.213645,4.264977,-0.575889,-4.770558,-1.937912,2.852931,2.043579,-2.274596,-2.038812,1.581992,1.593093,-1.839623,-1.277337,1.850187,1.030916,-1.361732,-1.629702
1902,3.804000,2.136379,3296.916,2128.936,-33.064156,10.253758,1.916896,0.128227,3.902451,-0.636773,-4.593193,-1.816148,2.820710,1.957994,-2.298288,-2.008677,1.672032,1.519529,-1.980732,-1.402241,1.787954,1.099036,-1.360432,-1.801526
1903,3.806000,2.025776,3179.804,2178.565,-33.282898,10.277132,2.012763,0.030151,3.480056,-0.675771,-4.414450,-1.687977,2.777461,1.880354,-2.286068,-2.013963,1.703379,1.474255,-2.038196,-1.509847,1.591682,1.131460,-1.313478,-1.906458
1904,3.808000,1.913959,3010.877,2234.232,-33.459816,10.320210,2.196495,-0.048083,3.018236,-0.682689,-4.222507,-1.560212,2.694582,1.784382,-2.238606,-2.044431,1.664737,1.487278,-1.985547,-1.600151,1.285026,1.132301,-1.214963,-1.930370
1905,3.810000,1.815673,2799.723,2280.956,-33.587425,10.424770,2.547105,-0.040586,2.570944,-0.626220,-3.979130,-1.425125,2.541927,1.636871,-2.147533,-2.062303,1.565840,1.563890,-1.804775,-1.638465,0.956600,1.146389,-1.052060,-1.861960
1906,3.812000,1.744459,2568.607,2303.117,-33.692059,10.591875,3.077076,0.068876,2.170971,-0.494582,-3.658248,-1.282232,2.301248,1.429565,-1.990853,-2.023874,1.425372,1.673452,-1.502181,-1.590604,0.683731,1.194664,-0.839050,-1.725653
1907,3.814000,1.707165,2349.126,2293.166,-33.831028,10.764501,3.702817,0.223968,1.804896,-0.325865,-3.284550,-1.159601,1.963925,1.165962,-1.768983,-1.915832,1.250918,1.753007,-1.123388,-1.454690,0.487189,1.240659,-0.629206,-1.567764
1908,3.816000,1.702313,2168.184,2255.531,-34.021088,10.909644,4.330965,0.377275,1.469205,-0.169612,-2.909148,-1.077064,1.563932,0.875176,-1.501986,-1.734160,1.069593,1.753718,-0.730983,-1.235768,0.373438,1.235967,-0.479549,-1.410210
1909,3.818000,1.721544,2037.440,2202.661,-34.226234,11.033356,4.892807,0.504946,1.172674,-0.069843,-2.589084,-1.040229,1.153028,0.602939,-1.218499,-1.481117,0.922132,1.659063,-0.386461,-0.949077,0.345825,1.152342,-0.427618,-1.263089
1910,3.820000,1.752550,1954.715,2148.866,-34.394882,11.154659,5.352758,0.595574,0.921440,-0.046731,-2.362886,-1.051017,0.761666,0.397076,-0.941220,-1.193690,0.823547,1.491145,-0.122077,-0.649116,0.381006,1.014275,-0.458678,-1.150160
1911,3.822000,1.783273,1911.043,2106.366,-34.477112,11.271667,5.663615,0.643482,0.762296,-0.074756,-2.262261,-1.102165,0.430651,0.294579,-0.706014,-0.936729,0.781645,1.305387,0.048710,-0.425043,0.450829,0.896913,-0.530362,-1.106315
1912,3.824000,1.804462,1896.334,2083.760,-34.461815,11.352369,5.787497,0.652676,0.746684,-0.111701,-2.293727,-1.165685,0.194875,0.292379,-0.531616,-0.740205,0.799602,1.146962,0.139711,-0.331229,0.526452,0.852117,-0.599307,-1.126191
1913,3.826000,1.810876,1901.655,2085.130,-34.388390,11.359890,5.739971,0.642677,0.871784,-0.137826,-2.421679,-1.196983,0.059915,0.347780,-0.397989,-0.576339,0.868038,1.018853,0.182304,-0.346943,0.588235,0.868936,-0.639069,-1.146327
1914,3.828000,1.801681,1919.859,2110.015,-34.304657,11.281748,5.573125,0.637944,1.095750,-0.148155,-2.593697,-1.163858,0.027256,0.425650,-0.280821,-0.411878,0.976004,0.915244,0.198931,-0.421354,0.633026,0.915028,-0.643989,-1.103943
1915,3.830000,1.779220,1945.335,2154.555,-34.240639,11.131866,5.345072,0.649192,1.364145,-0.134301,-2.755241,-1.057397,0.105892,0.519978,-0.174614,-0.246110,1.106514,0.846347,0.209193,-0.511240,0.657080,0.961711,-0.619830,-0.979402
1916,3.832000,1.747518,1973.281,2212.552,-34.207909,10.934250,5.100733,0.668594,1.622337,-0.085154,-2.853728,-0.882170,0.299617,0.631739,-0.093828,-0.099057,1.234232,0.823539,0.231611,-0.581714,0.655405,0.979424,-0.583988,-0.787199
1917,3.834000,1.711911,2001.408,2276.439,-34.204704,10.703590,4.858207,0.691129,1.845577,0.009887,-2.869466,-0.668791,0.595794,0.754326,-0.063799,0.011216,1.340405,0.841329,0.253209,-0.623885,0.631414,0.951128,-0.552936,-0.558377
1918,3.836000,1.679303,2032.877,2337.933,-34.211132,10.457338,4.617115,0.725202,2.043982,0.150296,-2.831172,-0.476899,0.961486,0.870478,-0.110637,0.074391,1.423783,0.878114,0.225456,-0.649586,0.608182,0.881073,-0.534574,-0.325279
1919,3.838000,1.657849,2076.751,2388.669,-34.191250,10.236954,4.378152,0.780073,2.239153,0.317597,-2.787842,-0.367170,1.347093,0.955877,-0.256823,0.076433,1.488492,0.908529,0.103841,-0.663778,0.616341,0.776213,-0.539528,-0.121693
1920,3.840000,1.655134,2144.702,2421.587,-34.124512,10.084127,4.140454,0.843251,2.432455,0.472717,-2.777259,-0.381014,1.697642,1.003607,-0.492574,0.018494,1.547375,0.933762,-0.094913,-0.638045,0.682522,0.645473,-0.572815,0.022952
1921,3.842000,1.675991,2243.443,2431.868,-34.008545,10.027309,3.910728,0.896858,2.604738,0.567547,-2.819720,-0.542374,1.963018,1.023243,-0.780425,-0.081553,1.612808,0.974055,-0.312619,-0.543872,0.803122,0.488476,-0.641127,0.081631
1922,3.844000,1.720639,2367.507,2418.153,-33.841179,10.080391,3.708457,0.942210,2.743999,0.573177,-2.920338,-0.854840,2.116944,1.023095,-1.088518,-0.214411,1.672763,1.031335,-0.518949,-0.404529,0.930979,0.287520,-0.764021,0.029045
1923,3.846000,1.783849,2499.705,2384.616,-33.629456,10.217598,3.539414,0.988014,2.854927,0.495380,-3.065969,-1.289674,2.167454,1.008014,-1.402874,-0.388369,1.689944,1.081838,-0.720847,-0.280542,1.012942,0.042408,-0.945008,-0.134369
1924,3.848000,1.855607,2619.769,2341.244,-33.404495,10.361951,3.371800,1.020956,2.941020,0.360180,-3.229631,-1.785449,2.146013,0.994338,-1.702281,-0.605264,1.634594,1.101902,-0.925076,-0.208678,1.032880,-0.205541,-1.144329,-0.370901
1925,3.850000,1.925246,2710.648,2299.302,-33.186905,10.454459,3.177538,1.018984,3.007984,0.206222,-3.377167,-2.273242,2.077847,1.006441,-1.947924,-0.845199,1.506228,1.083571,-1.124785,-0.183649,1.005165,-0.405822,-1.305129,-0.628735
1926,3.852000,1.984899,2760.317,2267.399,-32.966133,10.501081,2.973253,0.983811,3.081706,0.097543,-3.454353,-2.687979,1.987167,1.082310,-2.086248,-1.064425,1.334831,1.035952,-1.303967,-0.173492,0.962601,-0.524985,-1.382701,-0.853488
1927,3.854000,2.030537,2762.045,2249.405,-32.714119,10.556232,2.812371,0.945019,3.202818,0.116398,-3.391622,-2.974548,1.907243,1.267527,-2.066144,-1.209582,1.169034,0.982115,-1.439968,-0.143079,0.941159,-0.550065,-1.356575,-0.997763
1928,3.856000,2.062015,2714.592,2243.798,-32.421432,10.656706,2.734088,0.925681,3.389960,0.318356,-3.150309,-3.108220,1.861382,1.581746,-1.877677,-1.257060,1.051167,0.944652,-1.518679,-0.086553,0.951200,-0.483656,-1.232692,-1.041971
1929,3.858000,2.081855,2624.979,2244.909,-32.136631,10.751318,2.698843,0.882706,3.582397,0.664559,-2.784674,-3.130287,1.820810,1.971757,-1.590363,-1.252355,0.979247,0.917136,-1.555194,-0.040018,0.968081,-0.338071,-1.031613,-0.988055
1930,3.860000,2.094016,2511.136,2246.166,-31.892433,10.782276,2.643125,0.776380,3.723520,1.073071,-2.396260,-3.087124,1.754689,2.338517,-1.310500,-1.254711,0.942858,0.878642,-1.573128,-0.030928,0.968372,-0.136294,-0.779913,-0.838242
1931,3.862000,2.103454,2400.867,2244.675,-31.634201,10.753400,2.506788,0.644583,3.867181,1.469194,-2.095862,-2.968605,1.697077,2.569948,-1.138018,-1.260159,0.967234,0.802066,-1.592962,-0.021959,0.970275,0.070806,-0.519677,-0.580105
1932,3.864000,2.115037,2326.269,2243.677,-31.312477,10.685560,2.259594,0.552756,4.079997,1.790511,-1.948335,-2.756751,1.681070,2.591336,-1.102669,-1.237911,1.058396,0.696026,-1.604712,0.015175,0.986972,0.248196,-0.297313,-0.255792
1933,3.866000,2.131894,2314.663,2249.575,-30.951565,10.579807,1.918411,0.535179,4.356727,1.993733,-1.956320,-2.477664,1.692229,2.399616,-1.157783,-1.181178,1.186844,0.619607,-1.577793,0.051090,1.017138,0.413214,-0.152543,0.034669
1934,3.868000,2.154779,2378.285,2264.315,-30.589231,10.445217,1.521045,0.599159,4.670775,2.051278,-2.122490,-2.182382,1.719608,2.025989,-1.268305,-1.089361,1.338853,0.604461,-1.518559,0.063848,1.075181,0.568064,-0.116008,0.243522
1935,3.870000,2.181582,2510.075,2281.606,-30.271240,10.299099,1.128155,0.725309,4.960146,1.942166,-2.427850,-1.914110,1.744569,1.535570,-1.385379,-0.966752,1.491467,0.648593,-1.450556,0.021098,1.140620,0.692692,-0.185197,0.371105
1936,3.872000,2.207995,2687.790,2291.320,-30.035511,10.152895,0.787773,0.884316,5.159757,1.652717,-2.839864,-1.690064,1.749478,1.002653,-1.465957,-0.827205,1.616938,0.733324,-1.400854,-0.107937,1.179452,0.761569,-0.347166,0.429227
1937,3.874000,2.228965,2883.287,2286.955,-29.919395,9.991425,0.513918,1.055163,5.242170,1.206991,-3.314168,-1.505474,1.726616,0.472382,-1.522663,-0.713030,1.686906,0.832211,-1.384420,-0.310173,1.193309,0.768634,-0.583442,0.418330
1938,3.876000,2.240120,3070.899,2269.532,-29.949726,9.781887,0.295172,1.228330,5.207638,0.655409,-3.804484,-1.347268,1.681283,-0.030536,-1.597899,-0.677994,1.680952,0.921194,-1.410886,-0.551214,1.209725,0.725803,-0.870410,0.334755
1939,3.878000,2.238095,3232.036,2246.743,-30.125549,9.500065,0.115193,1.395876,5.060534,0.046601,-4.278409,-1.204718,1.636243,-0.474831,-1.713879,-0.749972,1.598201,0.982509,-1.494417,-0.814456,1.248372,0.648913,-1.183985,0.180353
1940,3.880000,2.220315,3356.400,2229.274,-30.422935,9.140016,-0.036279,1.538517,4.803730,-0.573470,-4.715592,-1.073615,1.626696,-0.817595,-1.858707,-0.912498,1.457293,1.007382,-1.637145,-1.092382,1.321364,0.564483,-1.489063,-0.027059
1941,3.882000,2.185276,3440.295,2226.950,-30.788977,8.737551,-0.137428,1.648961,4.469177,-1.133391,-5.076311,-0.938037,1.697529,-1.001204,-1.979535,-1.101843,1.294719,1.008995,-1.812447,-1.363689,1.448016,0.515378,-1.735482,-0.243997
1942,3.884000,2.132777,3484.304,2246.678,-31.145836,8.374695,-0.121250,1.759404,4.144409,-1.521234,-5.282089,-0.752864,1.900364,-0.960163,-1.991589,-1.228590,1.166353,1.045399,-1.954891,-1.574094,1.661302,0.551076,-1.865726,-0.407336
1943,3.886000,2.064101,3491.306,2291.457,-31.448547,8.107399,0.059163,1.892017,3.898051,-1.665309,-5.282083,-0.497270,2.236203,-0.693058,-1.864006,-1.269660,1.094498,1.170632,-2.023828,-1.692161,1.952033,0.671130,-1.864519,-0.494871
1944,3.888000,1.982889,3463.015,2360.123,-31.711189,7.923272,0.371599,1.997552,3.686735,-1.616716,-5.106988,-0.219331,2.618664,-0.303801,-1.667952,-1.300811,1.046313,1.381351,-2.055721,-1.753132,2.252855,0.825620,-1.761481,-0.537520
1945,3.890000,1.896106,3396.668,2446.648,-31.949127,7.821599,0.774808,2.018417,3.414347,-1.487136,-4.804532,0.018070,2.936273,0.080354,-1.490306,-1.385699,1.009473,1.650231,-2.105610,-1.794702,2.516645,0.984000,-1.588028,-0.571407
1946,3.892000,1.813725,3286.007,2538.672,-32.167679,7.835102,1.273688,1.963613,3.024288,-1.381950,-4.419603,0.162883,3.108785,0.391162,-1.362946,-1.514528,1.011609,1.954080,-2.189813,-1.816884,2.728216,1.128408,-1.380318,-0.614410
1947,3.894000,1.745835,3128.738,2617.511,-32.383453,7.985736,1.890504,1.902932,2.528659,-1.368820,-4.009295,0.177604,3.108365,0.619511,-1.280525,-1.650237,1.061766,2.261922,-2.287530,-1.802453,2.863806,1.220121,-1.182639,-0.665038
1948,3.896000,1.699130,2933.867,2663.117,-32.611481,8.264452,2.603084,1.896843,1.988583,-1.445695,-3.603532,0.075800,2.956397,0.766076,-1.234217,-1.754049,1.132006,2.516363,-2.382283,-1.739270,2.902843,1.229588,-1.020018,-0.711010
1949,3.898000,1.674734,2722.409,2663.044,-32.859810,8.630228,3.339052,1.967826,1.476092,-1.570833,-3.209270,-0.082951,2.702243,0.812942,-1.226612,-1.791031,1.180628,2.645542,-2.469355,-1.606450,2.858360,1.151726,-0.897022,-0.724786
1950,3.900000,1.668137,2520.325,2619.094,-33.136307,9.018909,4.009017,2.097589,1.032836,-1.708407,-2.840669,-0.236500,2.394775,0.740888,-1.254053,-1.728159,1.192914,2.610697,-2.533413,-1.373566,2.773741,0.996238,-0.820644,-0.679272
1951,3.902000,1.671325,2349.355,2546.224,-33.448067,9.363768,4.546791,2.244275,0.658445,-1.843260,-2.519431,-0.347398,2.055532,0.551451,-1.291010,-1.557919,1.165825,2.412617,-2.546354,-1.031726,2.686357,0.781524,-0.804533,-0.564130
1952,3.904000,1.675826,2220.744,2465.084,-33.786072,9.620817,4.929129,2.374400,0.342972,-1.966345,-2.251652,-0.390771,1.682328,0.279496,-1.279690,-1.303126,1.083154,2.079453,-2.465752,-0.613219,2.595072,0.531359,-0.850694,-0.388175
1953,3.906000,1.675436,2135.119,2394.048,-34.112686,9.774422,5.150457,2.465127,0.097736,-2.070476,-2.040127,-0.355069,1.274388,-0.019522,-1.164794,-1.004091,0.931825,1.654954,-2.253633,-0.176569,2.478862,0.276533,-0.933983,-0.161070
1954,3.908000,1.667765,2085.519,2344.419,-34.363312,9.844854,5.205843,2.498907,-0.024104,-2.132217,-1.904412,-0.262044,0.874919,-0.262133,-0.943891,-0.725623,0.731789,1.209111,-1.916974,0.194464,2.329856,0.078072,-1.001921,0.085785
1955,3.910000,1.653494,2061.533,2319.695,-34.468529,9.878514,5.083430,2.467998,0.064594,-2.108589,-1.885914,-0.168593,0.575580,-0.356072,-0.692057,-0.560667,0.537305,0.844266,-1.530446,0.386137,2.155036,0.033433,-1.002016,0.258112
1956,3.912000,1.635990,2051.785,2316.206,-34.449661,9.906868,4.856224,2.414208,0.367713,-1.991657,-1.954259,-0.080464,0.408575,-0.320331,-0.476516,-0.514329,0.377839,0.578707,-1.180905,0.394459,1.966893,0.138799,-0.934949,0.310178
1957,3.914000,1.620689,2045.615,2324.816,-34.410500,9.911717,4.628383,2.386885,0.783190,-1.818304,-2.039895,0.024928,0.332557,-0.262616,-0.313181,-0.516394,0.248604,0.367412,-0.902005,0.329673,1.773669,0.307740,-0.813895,0.280403
1958,3.916000,1.612588,2035.671,2335.072,-34.423817,9.856609,4.429918,2.401303,1.217012,-1.618169,-2.122590,0.135063,0.323517,-0.253402,-0.205052,-0.530740,0.150324,0.205323,-0.684931,0.279844,1.577986,0.487260,-0.638034,0.191041
1959,3.918000,1.613678,2019.663,2339.553,-34.516235,9.726366,4.261835,2.457306,1.604050,-1.420825,-2.204910,0.228976,0.369847,-0.318061,-0.150218,-0.545461,0.090543,0.095806,-0.504310,0.292783,1.384515,0.648501,-0.421895,0.055300
1960,3.920000,1.622193,1999.562,2335.960,-34.678921,9.539522,4.123066,2.552306,1.916702,-1.247407,-2.285205,0.295925,0.461806,-0.443009,-0.147204,-0.558231,0.070095,0.024484,-0.340231,0.368882,1.191198,0.778421,-0.201323,-0.109749
1961,3.922000,1.633740,1979.755,2327.332,-34.865540,9.343539,4.022135,2.689924,2.153833,-1.095514,-2.349285,0.342501,0.597618,-0.589566,-0.191884,-0.567080,0.068636,-0.050954,-0.204408,0.456280,0.976175,0.865453,-0.022611,-0.284874
1962,3.924000,1.642732,1966.060,2320.729,-35.016205,9.174736,3.948606,2.845297,2.298301,-0.961825,-2.387851,0.384968,0.783134,-0.709501,-0.267746,-0.565973,0.059327,-0.168059,-0.111200,0.505944,0.735454,0.916367,0.086201,-0.446361
1963,3.926000,1.644915,1963.604,2323.221,-35.082241,9.046078,3.865591,2.952434,2.311378,-0.862959,-2.407389,0.440779,1.018955,-0.757327,-0.337565,-0.542736,0.038358,-0.322087,-0.040783,0.523227,0.505457,0.958188,0.120216,-0.579572
1964,3.928000,1.639435,1974.547,2337.756,-35.033234,8.974241,3.757985,2.964061,2.190576,-0.815075,-2.422381,0.507095,1.273995,-0.720552,-0.361837,-0.484318,0.023064,-0.485598,0.032987,0.537308,0.325250,1.006849,0.080506,-0.695367
1965,3.930000,1.628549,1997.456,2361.927,-34.865639,8.983282,3.655034,2.890019,1.993528,-0.815575,-2.440903,0.559813,1.495049,-0.625592,-0.316981,-0.382071,0.033013,-0.637262,0.113285,0.564856,0.213991,1.062204,-0.021862,-0.819168
1966,3.932000,1.615636,2028.032,2389.535,-34.623161,9.062563,3.583130,2.768777,1.790093,-0.852996,-2.449551,0.588308,1.647808,-0.504398,-0.202910,-0.247127,0.072174,-0.765380,0.183889,0.608898,0.172805,1.109964,-0.169099,-0.973281
1967,3.934000,1.602858,2060.855,2413.756,-34.381844,9.170689,3.543196,2.639348,1.621336,-0.920589,-2.424932,0.603518,1.727868,-0.372978,-0.037148,-0.108556,0.129658,-0.859795,0.224426,0.667917,0.189977,1.130254,-0.336765,-1.159867
1968,3.936000,1.591318,2090.024,2428.920,-34.207317,9.276113,3.524698,2.525214,1.490329,-1.018923,-2.354934,0.616335,1.744795,-0.230977,0.163438,0.011809,0.196108,-0.905991,0.223227,0.741738,0.245654,1.103741,-0.496932,-1.358827
1969,3.938000,1.581396,2110.528,2432.264,-34.134956,9.370609,3.521094,2.428432,1.379141,-1.141874,-2.243587,0.627075,1.715161,-0.071302,0.392830,0.113238,0.264653,-0.891833,0.186761,0.831489,0.321082,1.018513,-0.624389,-1.540261
1970,3.940000,1.572522,2120.041,2425.389,-34.171692,9.456341,3.537392,2.344362,1.278486,-1.262536,-2.100140,0.624870,1.650748,0.100441,0.635733,0.195366,0.316039,-0.819406,0.135092,0.935862,0.401533,0.869057,-0.706028,-1.681023
1971,3.942000,1.563464,2119.859,2413.812,-34.290085,9.540842,3.592443,2.284912,1.202228,-1.336854,-1.922287,0.602588,1.558659,0.271222,0.860434,0.250258,0.326706,-0.705747,0.089224,1.047973,0.477077,0.661914,-0.735157,-1.772007
1972,3.944000,1.553864,2113.131,2404.226,-34.441143,9.618367,3.696113,2.268708,1.163325,-1.336674,-1.707119,0.558189,1.440938,0.426448,1.019227,0.268072,0.288278,-0.578100,0.058591,1.152772,0.540456,0.419458,-0.704821,-1.814656
1973,3.946000,1.544208,2104.189,2402.678,-34.581074,9.654494,3.824473,2.292917,1.152197,-1.268660,-1.466945,0.491097,1.299161,0.552785,1.060187,0.241277,0.218316,-0.460216,0.042044,1.230728,0.586240,0.176379,-0.609800,-1.812921
1974,3.948000,1.536111,2097.199,2412.363,-34.672073,9.626634,3.950251,2.339348,1.154067,-1.153268,-1.223575,0.409113,1.143001,0.634036,0.946255,0.159565,0.143875,-0.367470,0.032218,1.259274,0.605962,-0.032149,-0.449396,-1.758379
1975,3.950000,1.532628,2093.900,2431.214,-34.696819,9.541402,4.068657,2.396131,1.165175,-1.012053,-1.004328,0.325492,0.990904,0.657874,0.681765,0.017573,0.080462,-0.307335,0.030190,1.234114,0.598439,-0.176200,-0.231463,-1.639455
1976,3.952000,1.536693,2093.215,2452.810,-34.664864,9.419820,4.183270,2.460137,1.188185,-0.871564,-0.833829,0.254145,0.863564,0.616756,0.308711,-0.174609,0.027964,-0.278643,0.052873,1.180926,0.571192,-0.235789,0.034507,-1.451395
1977,3.954000,1.548935,2092.925,2469.953,-34.597446,9.290045,4.290749,2.521426,1.218801,-0.761851,-0.723860,0.204467,0.772354,0.504634,-0.119564,-0.396374,-0.026477,-0.270747,0.112475,1.130628,0.529813,-0.212113,0.334892,-1.205206
1978,3.956000,1.567465,2090.506,2477.357,-34.515106,9.186204,4.382922,2.551086,1.238073,-0.704759,-0.674425,0.173456,0.720191,0.338022,-0.541602,-0.621339,-0.099364,-0.272725,0.181966,1.082003,0.476801,-0.122236,0.639065,-0.939478
