frame,time_seconds,log_energy,centroid_hz,bandwidth_hz,cepstrum_0,cepstrum_1,cepstrum_2,cepstrum_3,cepstrum_4,cepstrum_5,cepstrum_6,cepstrum_7,cepstrum_8,cepstrum_9,cepstrum_10,cepstrum_11,cepstrum_12,cepstrum_13,cepstrum_14,cepstrum_15,cepstrum_16,cepstrum_17,cepstrum_18,cepstrum_19
0,0.000000,5.483794,2013.128,1886.831,-12.021877,11.239698,-6.341425,5.139011,-0.278002,6.705568,-5.778369,3.118838,-0.100348,6.550457,-2.229928,3.099896,0.590064,4.965973,-3.184171,3.718120,-0.564242,4.045757,-2.397080,2.745482
1,0.002000,5.545522,1921.270,1839.620,-11.945901,11.266471,-6.247646,5.092488,-0.147157,6.498057,-5.754333,3.229317,0.031302,6.639933,-2.015173,3.138733,0.541994,5.139753,-3.260210,3.589745,-0.502935,4.032897,-2.318233,2.899031
2,0.004000,5.623947,1862.250,1798.168,-11.883513,11.305397,-6.241425,4.980608,0.023024,6.344769,-5.800558,3.275233,0.099895,6.728995,-1.874627,3.192228,0.564639,5.410064,-3.288953,3.441242,-0.409881,4.119560,-2.183052,3.006735
3,0.006000,5.713291,1834.503,1767.204,-11.814999,11.360478,-6.339769,4.813944,0.233577,6.285343,-5.890689,3.251884,0.113552,6.795472,-1.827240,3.240701,0.641935,5.737742,-3.280347,3.262991,-0.303202,4.326952,-1.983643,3.060034
4,0.008000,5.804423,1828.421,1746.370,-11.742569,11.422176,-6.514266,4.642101,0.464049,6.335888,-5.976628,3.189160,0.100529,6.826495,-1.865591,3.288850,0.742215,6.061012,-3.249200,3.041952,-0.221656,4.613659,-1.758128,3.060896
5,0.010000,5.887746,1832.081,1732.445,-11.673971,11.478017,-6.712994,4.525625,0.682836,6.495333,-6.009930,3.133785,0.098775,6.825405,-1.965652,3.345921,0.832362,6.324142,-3.204951,2.774673,-0.201063,4.899885,-1.578444,3.008302
6,0.012000,5.955870,1835.373,1721.892,-11.618122,11.510435,-6.907230,4.484092,0.841540,6.735890,-5.971270,3.120483,0.133381,6.805339,-2.096744,3.408596,0.899376,6.507922,-3.140346,2.487624,-0.251286,5.112680,-1.506396,2.904194
7,0.014000,6.004531,1831.437,1711.984,-11.587671,11.503770,-7.097227,4.492185,0.888503,7.007156,-5.871191,3.165362,0.207920,6.780632,-2.225607,3.461810,0.955715,6.628030,-3.040169,2.236332,-0.354702,5.214919,-1.561461,2.754792
8,0.016000,6.032386,1816.145,1700.711,-11.597967,11.450912,-7.290819,4.519363,0.802273,7.260683,-5.731421,3.274335,0.316911,6.763889,-2.321829,3.496207,1.027098,6.704027,-2.909826,2.070459,-0.487969,5.197599,-1.726659,2.567951
9,0.018000,6.040672,1787.377,1686.427,-11.671503,11.343805,-7.493259,4.549451,0.601268,7.467496,-5.568436,3.443970,0.450697,6.761804,-2.367264,3.518648,1.133980,6.743384,-2.774545,2.013476,-0.627647,5.074234,-1.963909,2.362009
10,0.020000,6.032489,1745.307,1667.952,-11.827803,11.179520,-7.694865,4.577271,0.331544,7.621226,-5.387851,3.663544,0.595801,6.777479,-2.357660,3.550784,1.278917,6.745469,-2.660368,2.062747,-0.748611,4.877774,-2.227792,2.167003
11,0.022000,6.012128,1692.375,1644.625,-12.068354,10.967667,-7.870848,4.595935,0.043212,7.722656,-5.195312,3.916907,0.737337,6.814906,-2.295308,3.621454,1.448275,6.708444,-2.585790,2.198801,-0.824670,4.650988,-2.470368,2.021363
12,0.024000,5.984375,1633.135,1616.653,-12.376273,10.725979,-7.996298,4.591617,-0.228371,7.768647,-5.003753,4.181210,0.861156,6.878438,-2.186381,3.751111,1.621470,6.636292,-2.557874,2.397153,-0.834667,4.435611,-2.644718,1.961519
13,0.026000,5.953796,1573.621,1585.461,-12.726307,10.479494,-8.062642,4.555829,-0.455326,7.768546,-4.829251,4.422209,0.945735,6.959256,-2.052782,3.936749,1.780572,6.546339,-2.558825,2.643675,-0.769085,4.263584,-2.715964,2.010817
14,0.028000,5.924505,1519.674,1553.330,-13.087473,10.264036,-8.078261,4.496929,-0.608098,7.757233,-4.684775,4.592614,0.957227,7.033882,-1.934332,4.146310,1.911102,6.463507,-2.543374,2.936563,-0.636673,4.146564,-2.676570,2.168634
15,0.030000,5.900104,1475.567,1522.833,-13.400906,10.135834,-8.034912,4.439132,-0.664869,7.767120,-4.581046,4.648677,0.872347,7.081671,-1.864838,4.335855,2.001368,6.390531,-2.476242,3.257186,-0.463431,4.071669,-2.553777,2.395412
16,0.032000,5.883795,1442.836,1495.814,-13.547849,10.037170,-7.821883,4.315225,-0.543360,7.712183,-4.439951,4.497922,0.790396,7.022141,-1.776485,4.399973,2.117357,6.229457,-2.307761,3.482105,-0.231779,3.958296,-2.344472,2.581747
17,0.034000,5.878443,1420.218,1472.782,-13.415897,9.774641,-7.301594,3.965004,-0.129966,7.419830,-4.119892,4.019046,0.913202,6.747173,-1.504671,4.208919,2.410644,5.846930,-1.939527,3.441939,0.143595,3.685661,-1.979174,2.578312
18,0.036000,5.886072,1405.749,1454.052,-13.150333,9.475019,-6.686296,3.562284,0.374520,7.055968,-3.788141,3.417193,1.145426,6.442259,-1.170346,3.909595,2.765515,5.383583,-1.501962,3.232699,0.546385,3.331568,-1.564239,2.407761
19,0.038000,5.907760,1399.556,1441.681,-12.852682,9.207874,-6.125479,3.223500,0.851716,6.732354,-3.551134,2.844447,1.409718,6.201331,-0.889081,3.587491,3.071721,4.956527,-1.093037,2.989497,0.890941,3.000170,-1.188316,2.156893
20,0.040000,5.942383,1403.529,1438.824,-12.555468,8.960654,-5.669226,2.963304,1.279328,6.456260,-3.413844,2.360717,1.690067,6.006331,-0.697905,3.245410,3.305277,4.613652,-0.722885,2.788849,1.174830,2.728563,-0.863562,1.898811
21,0.042000,5.986239,1418.999,1447.194,-12.270535,8.699640,-5.345897,2.753164,1.649766,6.185759,-3.350201,1.983229,1.973405,5.816866,-0.588945,2.878870,3.494040,4.400463,-0.362836,2.662211,1.432478,2.523588,-0.563949,1.718137
22,0.044000,6.034309,1445.379,1465.656,-11.972088,8.454765,-5.124228,2.614134,1.998737,5.910489,-3.311417,1.721901,2.243739,5.612220,-0.544591,2.485651,3.640679,4.315573,-0.035574,2.549357,1.638167,2.329947,-0.324260,1.626203
23,0.046000,6.081636,1479.349,1490.199,-11.662822,8.250722,-4.967319,2.554386,2.344130,5.624990,-3.277868,1.551795,2.488386,5.398187,-0.533747,2.104149,3.755135,4.336375,0.239267,2.399782,1.777895,2.124460,-0.161465,1.612935
24,0.048000,6.123978,1515.357,1515.442,-11.357635,8.105976,-4.849543,2.552665,2.674988,5.328300,-3.250615,1.434767,2.710540,5.202182,-0.522103,1.790508,3.857368,4.421354,0.442984,2.196220,1.856739,1.918060,-0.063077,1.658132
25,0.050000,6.158494,1546.986,1536.316,-11.032843,8.073881,-4.729680,2.604263,2.999901,5.059946,-3.202230,1.360927,2.924233,5.056796,-0.482909,1.575055,3.949696,4.499590,0.524056,1.913105,1.855546,1.701870,-0.038175,1.694804
26,0.052000,6.183679,1569.051,1549.509,-10.719551,8.116255,-4.649462,2.654289,3.288638,4.830239,-3.128124,1.306411,3.101672,4.953291,-0.417428,1.459620,4.045850,4.543931,0.484246,1.589639,1.805607,1.512899,-0.047608,1.709927
27,0.054000,6.198933,1578.923,1553.832,-10.457840,8.183252,-4.639057,2.677495,3.523527,4.643178,-3.026836,1.260996,3.212863,4.870651,-0.343045,1.420210,4.150928,4.546973,0.351472,1.272244,1.723185,1.362727,-0.067402,1.698058
28,0.056000,6.204068,1576.740,1549.909,-10.242776,8.285772,-4.658186,2.706891,3.717873,4.505861,-2.891028,1.246756,3.270001,4.821445,-0.255583,1.436819,4.260108,4.503285,0.157793,0.985518,1.595323,1.234763,-0.095598,1.646389
29,0.058000,6.198947,1564.999,1539.836,-10.072017,8.416449,-4.680887,2.747560,3.850491,4.377722,-2.760257,1.257345,3.273319,4.801610,-0.159824,1.478581,4.347197,4.400936,-0.064737,0.749456,1.426917,1.144917,-0.100513,1.584379
30,0.060000,6.183678,1547.450,1526.501,-9.945563,8.551594,-4.687452,2.794930,3.902086,4.220411,-2.677506,1.278064,3.221493,4.789564,-0.061169,1.526287,4.397514,4.244896,-0.281004,0.586495,1.245692,1.126183,-0.050442,1.546050
31,0.062000,6.159601,1527.452,1512.474,-9.837461,8.702759,-4.617235,2.892761,3.916780,4.064879,-2.628887,1.323812,3.137045,4.764467,0.041584,1.581047,4.417190,4.052963,-0.478324,0.495384,1.061921,1.166265,0.026006,1.509263
32,0.064000,6.129756,1506.935,1499.150,-9.770124,8.829063,-4.477742,3.033178,3.904504,3.925794,-2.613494,1.386954,3.022533,4.699013,0.137888,1.650761,4.425718,3.859109,-0.649003,0.484774,0.907152,1.257256,0.107693,1.472585
33,0.066000,6.098529,1485.921,1486.225,-9.768871,8.908260,-4.295947,3.200917,3.875335,3.830657,-2.618309,1.464515,2.875758,4.596967,0.218453,1.745753,4.433613,3.685181,-0.804727,0.550767,0.804040,1.377135,0.164203,1.430296
34,0.068000,6.070708,1462.846,1471.837,-9.830190,8.964296,-4.088188,3.392101,3.855581,3.829697,-2.611092,1.561733,2.689430,4.492291,0.281566,1.873569,4.434177,3.539356,-0.956666,0.678048,0.755982,1.492540,0.161500,1.370952
35,0.070000,6.049865,1435.927,1453.649,-9.971800,8.980963,-3.921184,3.547301,3.821734,3.929164,-2.596240,1.649987,2.428403,4.411095,0.323206,2.030308,4.408309,3.437755,-1.078733,0.873065,0.779818,1.610279,0.124667,1.341014
36,0.072000,6.037002,1404.310,1429.921,-10.192732,8.967251,-3.820072,3.644256,3.765859,4.139642,-2.561980,1.728283,2.083103,4.375234,0.348214,2.214330,4.340783,3.395548,-1.151080,1.117890,0.854529,1.724318,0.065274,1.361282
37,0.074000,6.029860,1368.997,1400.577,-10.491413,8.937429,-3.787420,3.683399,3.665595,4.444443,-2.506605,1.806773,1.659850,4.381621,0.362224,2.436381,4.240629,3.435037,-1.166126,1.388695,0.946996,1.833499,-0.019729,1.423228
38,0.076000,6.024186,1333.071,1367.781,-10.856123,8.902448,-3.845366,3.658920,3.494532,4.818009,-2.449694,1.875958,1.166565,4.419566,0.377143,2.706764,4.119700,3.576332,-1.122243,1.669611,1.021505,1.948609,-0.129788,1.509916
39,0.078000,6.016176,1301.512,1336.172,-11.235047,8.901620,-4.013859,3.592092,3.289000,5.279591,-2.407161,1.927169,0.640254,4.511939,0.404832,3.004613,3.961162,3.820204,-1.031624,1.929997,1.014853,2.078268,-0.249586,1.608252
40,0.080000,6.003799,1280.078,1312.082,-11.563693,8.985001,-4.302690,3.522810,3.110752,5.843964,-2.407786,1.959681,0.127635,4.686679,0.427225,3.289685,3.738997,4.143519,-0.929996,2.134475,0.871404,2.237498,-0.358215,1.718219
41,0.082000,5.986913,1273.453,1301.327,-11.805859,9.183924,-4.705920,3.490986,2.985847,6.480925,-2.485734,1.997256,-0.332834,4.956041,0.409270,3.547806,3.444271,4.492605,-0.883859,2.277394,0.594402,2.455693,-0.450942,1.855904
42,0.084000,5.966738,1284.235,1307.307,-11.916196,9.566378,-5.149930,3.573941,2.934117,7.178052,-2.633407,2.102817,-0.712981,5.321372,0.317979,3.792616,3.067189,4.781126,-0.990777,2.364537,0.197819,2.710790,-0.594912,2.005798
43,0.086000,5.944801,1312.546,1329.985,-11.929850,10.108769,-5.629350,3.772264,2.892857,7.890283,-2.875444,2.296125,-1.049544,5.747040,0.114675,4.056277,2.618721,4.979692,-1.274716,2.471403,-0.245556,3.019572,-0.803497,2.212058
44,0.088000,5.922224,1356.113,1366.155,-11.926104,10.728047,-6.177568,4.037516,2.772475,8.577973,-3.229842,2.567770,-1.402619,6.194122,-0.213786,4.366839,2.115722,5.115630,-1.690292,2.676131,-0.661952,3.402014,-1.057971,2.498323
45,0.090000,5.899286,1410.808,1410.777,-11.930000,11.329647,-6.751475,4.313153,2.570818,9.204887,-3.630926,2.879192,-1.765741,6.609179,-0.607911,4.700308,1.605202,5.206092,-2.135709,2.976625,-0.984176,3.800978,-1.331927,2.787671
46,0.092000,5.875739,1471.329,1458.397,-11.849995,11.718210,-7.163882,4.438855,2.445303,9.607792,-3.891829,3.059721,-2.001784,6.827754,-0.901167,4.896728,1.228534,5.169077,-2.433444,3.248363,-1.079774,4.074117,-1.527234,2.933300
47,0.094000,5.851689,1531.647,1504.026,-11.663170,11.812943,-7.343828,4.362704,2.459578,9.714801,-3.943312,3.035128,-2.064998,6.805494,-1.025641,4.899187,1.036000,5.015216,-2.532032,3.450716,-0.924688,4.196055,-1.625662,2.916857
48,0.096000,5.828771,1585.078,1543.348,-11.521883,11.811154,-7.472835,4.294484,2.438866,9.715166,-3.958969,2.978102,-2.124887,6.738777,-1.125664,4.870539,0.881379,4.912480,-2.589880,3.684228,-0.680243,4.286999,-1.734691,2.852214
49,0.098000,5.811422,1624.324,1572.471,-11.463984,11.760668,-7.573832,4.280730,2.371754,9.668646,-3.958403,2.929571,-2.188036,6.685266,-1.212437,4.851726,0.747254,4.882033,-2.648203,3.933346,-0.413057,4.370204,-1.863851,2.772466
50,0.100000,5.806944,1642.655,1587.931,-11.499525,11.665129,-7.642845,4.313723,2.284452,9.613585,-3.928783,2.901335,-2.222463,6.656331,-1.284085,4.846745,0.639287,4.904129,-2.704105,4.170239,-0.153227,4.452775,-1.997297,2.700116
51,0.102000,5.823417,1637.239,1587.855,-11.626781,11.522567,-7.689246,4.374421,2.199813,9.584377,-3.873547,2.896858,-2.205758,6.650525,-1.362168,4.842949,0.550559,4.952116,-2.748932,4.374180,0.080233,4.535655,-2.122591,2.661126
52,0.104000,5.865637,1612.363,1573.773,-11.817860,11.344447,-7.721069,4.446270,2.133405,9.597708,-3.819500,2.909161,-2.127302,6.669153,-1.475510,4.817449,0.470164,5.006448,-2.776184,4.524983,0.268638,4.604486,-2.234754,2.674432
53,0.106000,5.931738,1578.400,1551.194,-12.021271,11.164166,-7.730175,4.524170,2.092155,9.653503,-3.807588,2.923380,-1.992537,6.713931,-1.654371,4.740232,0.388168,5.062327,-2.781729,4.603185,0.393136,4.639813,-2.325307,2.750408
54,0.108000,6.013738,1546.592,1527.628,-12.194816,11.011623,-7.704427,4.610181,2.072241,9.742136,-3.868994,2.929028,-1.816709,6.785742,-1.914885,4.594173,0.307812,5.134133,-2.752868,4.605127,0.450235,4.633927,-2.381835,2.882128
55,0.110000,6.101167,1524.207,1509.132,-12.324614,10.901613,-7.638458,4.710155,2.064392,9.851532,-4.003951,2.931246,-1.611818,6.884575,-2.237831,4.397078,0.250048,5.241011,-2.676687,4.547004,0.450198,4.586696,-2.400523,3.045940
56,0.112000,6.184790,1512.923,1497.956,-12.410840,10.850355,-7.526555,4.839164,2.067673,9.980009,-4.176367,2.958666,-1.374056,7.012521,-2.561111,4.201203,0.244192,5.390734,-2.552505,4.460873,0.412105,4.502867,-2.386410,3.215099
57,0.114000,6.258460,1510.266,1492.741,-12.462888,10.864397,-7.376854,4.999144,2.074821,10.117266,-4.356151,3.028438,-1.108415,7.157124,-2.817801,4.051293,0.295264,5.561329,-2.402985,4.373525,0.357124,4.391029,-2.344265,3.369855
58,0.116000,6.319191,1511.753,1490.154,-12.507341,10.916181,-7.226501,5.159300,2.060098,10.234480,-4.542994,3.120745,-0.849605,7.287636,-2.973411,3.956328,0.374498,5.709871,-2.261703,4.301217,0.308832,4.262488,-2.274907,3.503308
59,0.118000,6.366346,1512.573,1486.514,-12.554541,10.982578,-7.104653,5.289903,2.020739,10.337008,-4.714712,3.213216,-0.637228,7.384777,-3.015159,3.905602,0.438872,5.789188,-2.158594,4.255234,0.288428,4.120944,-2.191925,3.607520
60,0.120000,6.400144,1508.831,1478.941,-12.588562,11.057222,-7.026542,5.365829,1.976959,10.460720,-4.818898,3.290154,-0.506530,7.452011,-2.938136,3.886391,0.443501,5.753230,-2.110337,4.251934,0.317471,3.963917,-2.123072,3.675586
61,0.122000,6.421024,1498.095,1465.609,-12.575953,11.159905,-6.968717,5.390493,1.954862,10.626019,-4.801622,3.365244,-0.457057,7.517358,-2.753659,3.883318,0.357128,5.575311,-2.128522,4.287090,0.395410,3.795107,-2.091583,3.692617
62,0.124000,6.429664,1479.543,1445.682,-12.506815,11.309141,-6.875635,5.391493,1.960786,10.797142,-4.661174,3.467441,-0.449658,7.617816,-2.492239,3.880784,0.181885,5.273732,-2.218982,4.321846,0.484474,3.629641,-2.088182,3.652056
63,0.126000,6.426735,1454.209,1419.528,-12.404942,11.497713,-6.713458,5.376975,1.979168,10.902151,-4.467525,3.580473,-0.467359,7.771849,-2.175169,3.881060,-0.055613,4.900687,-2.370062,4.321774,0.536870,3.472560,-2.092306,3.582602
64,0.128000,6.412471,1424.975,1389.072,-12.293556,11.716116,-6.470649,5.348674,2.003254,10.885583,-4.308593,3.654312,-0.523287,7.976496,-1.805448,3.902132,-0.313835,4.531249,-2.544770,4.288372,0.528073,3.314340,-2.106437,3.514683
65,0.130000,6.386558,1396.022,1357.836,-12.173393,11.965723,-6.155319,5.311595,2.032115,10.725065,-4.245685,3.643583,-0.633217,8.214879,-1.392982,3.945491,-0.558000,4.225554,-2.709171,4.241381,0.465093,3.152066,-2.142111,3.464830
66,0.132000,6.348376,1372.154,1330.692,-12.032888,12.243740,-5.802323,5.270773,2.070557,10.455583,-4.265217,3.561177,-0.778913,8.468172,-0.969682,3.987506,-0.760594,4.011631,-2.848465,4.190611,0.364781,2.995898,-2.204184,3.427956
67,0.134000,6.297265,1358.263,1313.362,-11.856010,12.538766,-5.470722,5.216921,2.105544,10.144703,-4.300416,3.468737,-0.919390,8.706810,-0.593216,3.991929,-0.895565,3.895813,-2.958802,4.127803,0.230205,2.863528,-2.278477,3.401075
68,0.136000,6.232740,1358.814,1311.377,-11.625487,12.839453,-5.223009,5.123414,2.094944,9.849360,-4.287504,3.427966,-1.018026,8.889513,-0.328120,3.930733,-0.939170,3.874467,-3.038603,4.032449,0.045202,2.766741,-2.341368,3.393726
69,0.138000,6.155307,1377.243,1328.439,-11.350120,13.128925,-5.095640,4.985285,2.014050,9.606726,-4.203532,3.462260,-1.055718,8.986081,-0.213407,3.796448,-0.888661,3.926705,-3.091672,3.892421,-0.199715,2.705415,-2.386537,3.404702
70,0.140000,6.067742,1415.330,1364.875,-11.077589,13.380302,-5.088784,4.836313,1.886052,9.439095,-4.068345,3.553265,-1.029179,8.995985,-0.240101,3.605939,-0.768317,4.011350,-3.137662,3.710983,-0.484274,2.676784,-2.425768,3.412761
71,0.142000,5.975740,1472.494,1416.947,-10.867947,13.564408,-5.191054,4.715652,1.757290,9.352434,-3.920958,3.673145,-0.939350,8.936472,-0.369900,3.394719,-0.603317,4.100696,-3.200081,3.500450,-0.767243,2.678852,-2.477244,3.390297
72,0.144000,5.887281,1544.606,1477.216,-10.763588,13.662512,-5.388188,4.640304,1.664893,9.339039,-3.793291,3.805059,-0.794451,8.824192,-0.561753,3.198832,-0.414343,4.192524,-3.289916,3.271841,-1.013350,2.705266,-2.558102,3.316037
73,0.146000,5.810401,1623.225,1536.368,-10.790385,13.663334,-5.653724,4.602171,1.619411,9.383625,-3.694516,3.941379,-0.621381,8.677898,-0.770825,3.050817,-0.225020,4.297869,-3.393206,3.037761,-1.210249,2.747432,-2.675444,3.174574
74,0.148000,5.750248,1697.374,1586.524,-10.952651,13.565503,-5.946522,4.580400,1.613508,9.467638,-3.621750,4.070359,-0.461729,8.521851,-0.959480,2.969804,-0.064284,4.422608,-3.485623,2.812869,-1.359412,2.805790,-2.818732,2.964524
75,0.150000,5.706862,1757.976,1624.071,-11.217262,13.394103,-6.213026,4.557108,1.635846,9.573859,-3.572977,4.174193,-0.348513,8.383234,-1.110388,2.949409,0.039010,4.561325,-3.549732,2.608558,-1.464496,2.890579,-2.964967,2.704922
76,0.152000,5.674873,1801.357,1649.848,-11.515620,13.209713,-6.392308,4.528790,1.669180,9.686661,-3.547595,4.236049,-0.292450,8.285089,-1.226563,2.955866,0.060143,4.698229,-3.573848,2.433992,-1.525220,3.019196,-3.082029,2.437889
77,0.154000,5.646010,1829.306,1667.257,-11.776314,13.077960,-6.449064,4.492502,1.675321,9.782759,-3.540657,4.254266,-0.275876,8.249388,-1.311519,2.954257,-0.004519,4.818657,-3.542626,2.302380,-1.537347,3.199739,-3.147951,2.208228
78,0.156000,5.612797,1846.911,1680.291,-11.944838,13.050686,-6.386358,4.447662,1.610053,9.828255,-3.550344,4.230550,-0.281101,8.278499,-1.378351,2.912244,-0.145142,4.904343,-3.448997,2.224460,-1.501888,3.419134,-3.159464,2.048084
79,0.158000,5.571355,1860.528,1692.470,-12.014212,13.127279,-6.257995,4.393813,1.451051,9.789752,-3.583124,4.165752,-0.301912,8.361425,-1.426931,2.834050,-0.315388,4.952143,-3.300720,2.205674,-1.426733,3.641781,-3.133159,1.956896
80,0.160000,5.522842,1875.545,1705.843,-12.013799,13.266103,-6.142640,4.335511,1.223412,9.657690,-3.647599,4.065094,-0.341636,8.468844,-1.454486,2.745626,-0.456501,4.966860,-3.125076,2.242985,-1.313394,3.837419,-3.072858,1.931826
81,0.162000,5.473132,1895.075,1720.509,-11.984913,13.411047,-6.114321,4.272076,0.982649,9.456738,-3.736356,3.960415,-0.381166,8.572142,-1.460693,2.673795,-0.528093,4.954265,-2.955048,2.322875,-1.160838,3.978021,-2.987552,1.964582
82,0.164000,5.430613,1919.534,1734.935,-11.946497,13.541727,-6.184239,4.221538,0.792614,9.236225,-3.832696,3.883549,-0.398217,8.636887,-1.462224,2.617470,-0.536505,4.908155,-2.824323,2.414802,-0.976608,4.043591,-2.890212,2.045873
83,0.166000,5.401617,1947.626,1747.404,-11.913595,13.648588,-6.321765,4.201021,0.689198,9.047469,-3.910769,3.858274,-0.368792,8.657351,-1.450988,2.580873,-0.501585,4.833649,-2.749259,2.480797,-0.786096,4.014833,-2.812636,2.135109
84,0.168000,5.386889,1978.113,1757.444,-11.887615,13.736189,-6.474314,4.221196,0.679858,8.932400,-3.948242,3.882473,-0.300116,8.636694,-1.417142,2.562593,-0.456231,4.732100,-2.738562,2.484565,-0.623960,3.887719,-2.782354,2.188828
85,0.170000,5.382797,2009.266,1765.281,-11.865337,13.803741,-6.603395,4.273630,0.749469,8.911419,-3.938662,3.935188,-0.224296,8.587831,-1.355775,2.570861,-0.415448,4.611793,-2.782191,2.416975,-0.508987,3.690365,-2.799459,2.193198
86,0.172000,5.385321,2037.008,1770.416,-11.835602,13.854057,-6.683954,4.345902,0.879213,8.988321,-3.890982,3.991139,-0.179562,8.532551,-1.271765,2.621192,-0.375178,4.484962,-2.860948,2.295432,-0.447381,3.466434,-2.843261,2.162998
87,0.174000,5.392862,2053.773,1770.966,-11.766548,13.910585,-6.677203,4.440594,1.058219,9.142389,-3.830374,4.000803,-0.215542,8.460925,-1.202905,2.693244,-0.349513,4.338799,-2.968867,2.141505,-0.436870,3.262742,-2.865746,2.140819
88,0.176000,5.406071,2050.523,1764.409,-11.627726,13.941132,-6.543501,4.522885,1.288584,9.304646,-3.755075,3.890613,-0.329286,8.336311,-1.147802,2.745915,-0.322354,4.142169,-3.080947,1.959161,-0.455260,3.091809,-2.818823,2.133232
89,0.178000,5.426413,2020.881,1748.563,-11.392673,13.859856,-6.238026,4.524643,1.598052,9.383096,-3.612025,3.594901,-0.437403,8.114432,-1.043644,2.730318,-0.234682,3.862297,-3.135081,1.734224,-0.459152,2.928138,-2.671605,2.092730
90,0.180000,5.454307,1965.028,1722.515,-11.118861,13.675644,-5.826526,4.473540,1.920933,9.396725,-3.418020,3.184637,-0.501748,7.853975,-0.893056,2.680562,-0.099087,3.554780,-3.119025,1.527884,-0.455615,2.788805,-2.467428,1.993702
91,0.182000,5.486772,1891.455,1688.073,-10.878960,13.478600,-5.407859,4.452543,2.163200,9.423794,-3.228663,2.794982,-0.532678,7.641068,-0.768134,2.641227,0.001859,3.285222,-3.074153,1.436074,-0.476565,2.708088,-2.281600,1.845769
92,0.184000,5.516452,1814.395,1650.912,-10.690300,13.269747,-5.001381,4.461259,2.341681,9.463654,-3.036469,2.466165,-0.501174,7.476718,-0.674756,2.603896,0.053678,3.036972,-3.018726,1.480863,-0.509832,2.667674,-2.130201,1.656756
93,0.186000,5.533560,1748.033,1619.456,-10.558638,13.016792,-4.614394,4.475027,2.510803,9.487289,-2.836774,2.189179,-0.393735,7.333055,-0.592019,2.565453,0.072035,2.764157,-2.982277,1.634210,-0.535161,2.641869,-1.988876,1.460381
94,0.188000,5.529103,1703.363,1602.679,-10.474785,12.705296,-4.275241,4.458773,2.693587,9.458117,-2.642930,1.964519,-0.204819,7.195414,-0.502850,2.523524,0.066391,2.432335,-2.994484,1.854620,-0.524956,2.619228,-1.831124,1.289141
95,0.190000,5.497568,1688.197,1608.033,-10.418888,12.349117,-4.024599,4.389898,2.878491,9.355088,-2.480528,1.807318,0.055623,7.067604,-0.400780,2.469079,0.034333,2.039549,-3.083218,2.084548,-0.455834,2.606637,-1.646983,1.160013
96,0.192000,5.438572,1708.251,1639.491,-10.367188,11.978561,-3.893292,4.265310,3.046658,9.185047,-2.370173,1.729787,0.357147,6.955792,-0.288782,2.387861,-0.027406,1.620013,-3.261785,2.258878,-0.326982,2.613333,-1.451763,1.076786
97,0.194000,5.357789,1767.823,1695.852,-10.291498,11.635698,-3.882557,4.085773,3.184258,8.980515,-2.312562,1.731733,0.660093,6.854077,-0.183811,2.257544,-0.121547,1.221395,-3.519166,2.334074,-0.166926,2.627812,-1.278327,1.037467
98,0.196000,5.266704,1868.307,1769.313,-10.166842,11.365682,-3.968266,3.846212,3.279276,8.785188,-2.289824,1.800043,0.929729,6.745085,-0.115794,2.058661,-0.240304,0.895599,-3.815220,2.303594,-0.024057,2.615680,-1.160318,1.042043
99,0.198000,5.180523,2003.104,1845.364,-9.990416,11.190865,-4.119800,3.543708,3.321429,8.634556,-2.281176,1.908099,1.142754,6.615879,-0.107479,1.790800,-0.364586,0.691277,-4.091656,2.196948,0.071041,2.556264,-1.116133,1.090627
100,0.200000,5.113397,2152.738,1907.447,-9.793362,11.094206,-4.304194,3.204696,3.316421,8.542542,-2.286078,2.009300,1.284409,6.476151,-0.141107,1.492453,-0.479638,0.620501,-4.312061,2.052954,0.125502,2.474274,-1.141192,1.171124
101,0.202000,5.072844,2289.167,1945.976,-9.613676,11.043827,-4.487191,2.879007,3.275101,8.505621,-2.308451,2.062331,1.352401,6.345124,-0.178065,1.226094,-0.579190,0.660994,-4.460212,1.901714,0.157643,2.409770,-1.227925,1.262668
102,0.204000,5.056575,2389.799,1962.936,-9.457060,11.035454,-4.626871,2.623662,3.199490,8.510159,-2.344718,2.045535,1.352280,6.230189,-0.198937,1.041284,-0.662661,0.779474,-4.519509,1.761494,0.169385,2.382722,-1.374008,1.351579
103,0.206000,5.054242,2448.403,1967.172,-9.327497,11.062389,-4.699879,2.480945,3.090943,8.547900,-2.374607,1.973169,1.304048,6.141713,-0.200397,0.956109,-0.733727,0.938120,-4.482641,1.636752,0.150491,2.393952,-1.568662,1.433075
104,0.208000,5.053353,2473.611,1967.016,-9.249283,11.096921,-4.714379,2.462382,2.957853,8.616129,-2.371901,1.886006,1.229792,6.098547,-0.187703,0.948934,-0.808126,1.088808,-4.373313,1.516911,0.087766,2.427703,-1.785757,1.513956
105,0.210000,5.044433,2479.658,1967.285,-9.269368,11.086138,-4.716929,2.532004,2.796119,8.692406,-2.332565,1.824657,1.147810,6.137122,-0.144605,1.010650,-0.872472,1.212579,-4.216494,1.402523,-0.018807,2.451499,-2.003072,1.595558
106,0.212000,5.022769,2479.316,1969.943,-9.409979,11.009243,-4.742446,2.652461,2.608222,8.742218,-2.279725,1.800789,1.046256,6.261817,-0.082004,1.118643,-0.921799,1.292309,-4.045813,1.302485,-0.151844,2.440838,-2.186537,1.707581
107,0.214000,4.987465,2482.724,1975.321,-9.652829,10.893233,-4.801452,2.808119,2.415063,8.739572,-2.242814,1.809565,0.900758,6.437377,-0.045680,1.239100,-0.970609,1.302318,-3.901179,1.226037,-0.292147,2.384116,-2.304941,1.893243
108,0.216000,4.940324,2497.557,1982.585,-9.986388,10.752996,-4.930037,2.960640,2.226033,8.673031,-2.236702,1.863432,0.727258,6.644620,-0.051235,1.385896,-0.999711,1.260604,-3.786694,1.196980,-0.421282,2.276035,-2.371463,2.142620
109,0.218000,4.886105,2528.299,1989.476,-10.357025,10.657997,-5.119889,3.096004,2.062444,8.565435,-2.268378,1.951915,0.522084,6.829274,-0.146757,1.530731,-1.029778,1.173789,-3.721032,1.216308,-0.522900,2.143631,-2.398706,2.428828
110,0.220000,4.832968,2574.486,1992.400,-10.693510,10.683720,-5.342932,3.218904,1.952636,8.475804,-2.323026,2.063904,0.285940,6.958303,-0.350847,1.647811,-1.077264,1.066835,-3.727048,1.258399,-0.600829,2.005157,-2.427251,2.654555
111,0.222000,4.791514,2629.983,1987.622,-10.898277,10.912649,-5.533256,3.375957,1.937608,8.463798,-2.396526,2.170371,0.005048,6.996264,-0.680847,1.680436,-1.189237,0.949974,-3.838056,1.280101,-0.676329,1.868679,-2.483932,2.727586
112,0.224000,4.772999,2682.125,1973.013,-10.958732,11.292278,-5.710004,3.541458,1.981114,8.507483,-2.520293,2.248339,-0.292396,6.972299,-1.084699,1.624704,-1.369096,0.878054,-4.014224,1.304147,-0.726791,1.779274,-2.536645,2.641414
113,0.226000,4.786660,2713.177,1949.626,-10.905163,11.722268,-5.903612,3.666986,2.021691,8.553727,-2.710411,2.303251,-0.541855,6.953292,-1.477880,1.513523,-1.605159,0.884310,-4.201972,1.361897,-0.737986,1.773423,-2.563316,2.427922
114,0.228000,4.835469,2708.591,1921.654,-10.764004,12.151814,-6.090575,3.755737,2.028491,8.585851,-2.955496,2.353303,-0.698589,6.988837,-1.798835,1.395681,-1.884273,0.955402,-4.381504,1.447564,-0.747433,1.842986,-2.593425,2.119619
115,0.230000,4.913646,2666.148,1893.319,-10.570709,12.573458,-6.227727,3.865197,1.996088,8.638691,-3.237592,2.418725,-0.761852,7.099396,-2.023994,1.331309,-2.184768,1.068257,-4.553773,1.545915,-0.807675,1.961524,-2.679512,1.753551
116,0.232000,5.009179,2595.273,1866.172,-10.376614,12.982727,-6.302555,4.048141,1.924685,8.752583,-3.546648,2.506953,-0.760316,7.278690,-2.169788,1.360866,-2.495819,1.201602,-4.725184,1.653287,-0.941902,2.107939,-2.865897,1.368116
117,0.234000,5.107855,2510.880,1840.247,-10.227992,13.340250,-6.325661,4.298174,1.833280,8.912619,-3.866393,2.587752,-0.723063,7.480531,-2.267906,1.475346,-2.810479,1.323391,-4.892811,1.760440,-1.121957,2.260800,-3.154463,1.002102
118,0.236000,5.196373,2427.138,1816.251,-10.085817,13.526922,-6.226307,4.501296,1.842187,8.997950,-4.080076,2.562320,-0.584902,7.592167,-2.259100,1.588038,-3.039748,1.356761,-4.991765,1.802765,-1.245175,2.353653,-3.466388,0.656497
119,0.238000,5.265225,2352.994,1795.800,-9.962734,13.565352,-6.040754,4.656694,1.954288,8.997491,-4.174257,2.457077,-0.381529,7.613069,-2.164059,1.694965,-3.177272,1.320033,-5.047531,1.791540,-1.283771,2.391081,-3.750733,0.386644
120,0.240000,5.309850,2291.856,1780.537,-9.909605,13.566195,-5.873760,4.831693,2.078169,8.978721,-4.224192,2.363067,-0.231195,7.596440,-2.071880,1.834799,-3.281596,1.286579,-5.143006,1.786927,-1.278962,2.422260,-3.993821,0.263170
121,0.242000,5.329624,2244.198,1771.641,-9.920000,13.558305,-5.743832,5.011508,2.192321,8.956316,-4.242454,2.292864,-0.179505,7.514276,-2.014354,1.979992,-3.354655,1.271693,-5.288862,1.799211,-1.246581,2.452278,-4.166183,0.285799
122,0.244000,5.326481,2209.457,1769.808,-9.993216,13.537046,-5.659884,5.170981,2.286384,8.956569,-4.229166,2.262261,-0.227667,7.361983,-1.993635,2.117636,-3.376363,1.290616,-5.462972,1.831169,-1.209019,2.469737,-4.266978,0.408539
123,0.246000,5.303726,2187.196,1775.303,-10.129459,13.483152,-5.624557,5.291967,2.351450,9.003177,-4.187109,2.287952,-0.355722,7.171594,-1.996068,2.237999,-3.327383,1.347804,-5.640930,1.877874,-1.184514,2.460536,-4.307992,0.575254
124,0.248000,5.265459,2177.855,1787.997,-10.314745,13.381202,-5.630278,5.359787,2.373382,9.104055,-4.131473,2.371359,-0.544630,6.985587,-2.005450,2.321084,-3.206696,1.426918,-5.810129,1.928075,-1.174316,2.424989,-4.290720,0.748402
125,0.250000,5.216249,2182.622,1807.183,-10.524565,13.225069,-5.671486,5.351727,2.325855,9.249529,-4.080630,2.504531,-0.776095,6.836824,-2.004936,2.349737,-3.034934,1.495710,-5.973269,1.965187,-1.169498,2.377315,-4.207933,0.913352
126,0.252000,5.160794,2203.852,1831.700,-10.740843,13.016111,-5.749581,5.248482,2.179992,9.412283,-4.049150,2.668873,-1.030957,6.741398,-1.981540,2.320688,-2.846817,1.524707,-6.139418,1.974383,-1.164789,2.329559,-4.062621,1.066913
127,0.254000,5.104174,2245.499,1860.033,-10.962233,12.756340,-5.872912,5.058576,1.927832,9.559891,-4.039999,2.834025,-1.292448,6.702972,-1.930988,2.246617,-2.675716,1.504050,-6.310599,1.954210,-1.163285,2.282459,-3.880961,1.200488
128,0.256000,5.051492,2312.308,1890.106,-11.190166,12.454096,-6.047602,4.816840,1.585050,9.664899,-4.045416,2.976654,-1.541435,6.725397,-1.854074,2.151609,-2.544146,1.437379,-6.478760,1.911195,-1.173734,2.230735,-3.707752,1.293838
129,0.258000,5.007345,2407.003,1918.775,-11.407636,12.140915,-6.255541,4.576081,1.194420,9.720875,-4.041045,3.107245,-1.746129,6.818009,-1.745593,2.068887,-2.451473,1.340512,-6.622036,1.856279,-1.203711,2.170396,-3.587214,1.322007
130,0.260000,4.974734,2528.293,1942.127,-11.577956,11.871828,-6.450359,4.392769,0.821600,9.745766,-3.990050,3.265833,-1.873504,6.977919,-1.605798,2.025965,-2.377685,1.244693,-6.704493,1.811045,-1.253208,2.099448,-3.546835,1.268020
131,0.262000,4.954947,2669.735,1956.284,-11.682644,11.666175,-6.616003,4.267340,0.504023,9.733413,-3.891578,3.463441,-1.925994,7.155992,-1.469830,2.010549,-2.315229,1.169924,-6.702007,1.796403,-1.317279,2.020296,-3.581860,1.150268
132,0.264000,4.948615,2817.673,1958.471,-11.694427,11.533017,-6.757116,4.164548,0.272785,9.670622,-3.770436,3.677369,-1.921961,7.282971,-1.389356,1.985279,-2.265261,1.122502,-6.604280,1.836347,-1.380302,1.947186,-3.653558,1.022097
133,0.266000,4.956809,2949.982,1949.460,-11.576379,11.495108,-6.882620,4.065150,0.176121,9.566584,-3.661733,3.879080,-1.868882,7.321524,-1.393949,1.931111,-2.222382,1.105094,-6.421117,1.945413,-1.423154,1.902151,-3.711187,0.939463
134,0.268000,4.981472,3039.388,1935.163,-11.326069,11.576705,-6.996743,3.973015,0.240140,9.448968,-3.600938,4.039730,-1.781222,7.279623,-1.480901,1.845165,-2.188544,1.126722,-6.179804,2.097684,-1.456176,1.888505,-3.726779,0.908598
135,0.270000,5.025585,3060.786,1923.516,-10.983589,11.794096,-7.080246,3.914072,0.454254,9.356494,-3.602457,4.137808,-1.688358,7.189926,-1.633326,1.719598,-2.195987,1.188114,-5.929298,2.219583,-1.532445,1.874027,-3.712529,0.882710
136,0.272000,5.092254,3001.489,1916.970,-10.606689,12.131259,-7.108883,3.912754,0.779696,9.306874,-3.666876,4.164248,-1.609437,7.078832,-1.833139,1.564521,-2.266762,1.290910,-5.710321,2.250812,-1.689239,1.812763,-3.706120,0.813133
137,0.274000,5.181301,2870.971,1907.998,-10.269390,12.512709,-7.094243,3.959743,1.143954,9.284613,-3.788971,4.123628,-1.540424,6.967089,-2.052551,1.426105,-2.389123,1.444048,-5.531569,2.189105,-1.899334,1.690784,-3.727375,0.699860
138,0.276000,5.287316,2698.201,1885.658,-10.017887,12.867310,-7.052621,4.041081,1.473711,9.264919,-3.965568,4.014235,-1.484276,6.858488,-2.283192,1.333061,-2.558005,1.629291,-5.400059,2.055909,-2.104019,1.529772,-3.762834,0.589630
139,0.278000,5.400966,2517.241,1846.101,-9.865747,13.147970,-6.998635,4.143593,1.720184,9.233524,-4.184059,3.839857,-1.444163,6.766971,-2.511198,1.298512,-2.758280,1.812309,-5.326892,1.873541,-2.259616,1.350924,-3.797420,0.514564
140,0.280000,5.511660,2353.521,1795.012,-9.798478,13.340330,-6.935204,4.263107,1.872858,9.199151,-4.417212,3.612263,-1.430863,6.702954,-2.722786,1.317885,-2.965202,1.955405,-5.320294,1.670282,-2.345375,1.169264,-3.822725,0.484768
141,0.282000,5.610041,2219.274,1742.158,-9.798036,13.438612,-6.865722,4.394849,1.945244,9.184855,-4.630535,3.352440,-1.450884,6.669634,-2.898489,1.384784,-3.144118,2.034757,-5.378055,1.476236,-2.363024,0.991628,-3.847056,0.489112
142,0.284000,5.689592,2115.854,1695.583,-9.846412,13.447017,-6.787167,4.534413,1.961173,9.211287,-4.802307,3.080687,-1.512696,6.644954,-3.031757,1.482183,-3.275309,2.035001,-5.494030,1.312659,-2.329421,0.832318,-3.882068,0.509278
143,0.286000,5.747537,2038.181,1658.989,-9.929093,13.376008,-6.697624,4.673889,1.938762,9.285404,-4.922265,2.824722,-1.609254,6.606633,-3.115449,1.600534,-3.349323,1.956889,-5.652934,1.192622,-2.266395,0.724523,-3.925892,0.527361
144,0.288000,5.785329,1978.397,1631.682,-10.026735,13.254942,-6.592093,4.811867,1.895039,9.408500,-4.974158,2.627635,-1.701670,6.564229,-3.128885,1.752240,-3.353549,1.828345,-5.816660,1.131551,-2.192570,0.704372,-3.969282,0.524123
145,0.290000,5.808515,1928.003,1609.688,-10.118996,13.127351,-6.472687,4.941437,1.841022,9.563855,-4.946184,2.525569,-1.747374,6.541658,-3.064941,1.939709,-3.291959,1.687013,-5.943527,1.137095,-2.123349,0.779455,-4.018740,0.483627
146,0.292000,5.824927,1879.798,1587.639,-10.203821,13.021102,-6.365800,5.028609,1.766861,9.704686,-4.852795,2.520079,-1.738535,6.542668,-2.943274,2.128980,-3.200882,1.559002,-6.013961,1.194161,-2.074640,0.914583,-4.105666,0.394414
147,0.294000,5.841777,1829.598,1560.992,-10.289942,12.949778,-6.291677,5.049003,1.669966,9.789226,-4.714801,2.594758,-1.685491,6.564958,-2.771126,2.287575,-3.116875,1.466299,-6.023717,1.278462,-2.056019,1.057579,-4.264047,0.250644
148,0.296000,5.862916,1776.933,1527.836,-10.383633,12.921312,-6.243386,5.010316,1.567096,9.798839,-4.553082,2.718607,-1.608641,6.608128,-2.541500,2.405476,-3.060503,1.418179,-5.983982,1.363441,-2.074120,1.159053,-4.513287,0.055783
149,0.298000,5.887340,1725.054,1490.031,-10.483871,12.939548,-6.197040,4.934464,1.475520,9.733238,-4.387861,2.858228,-1.525393,6.669302,-2.263428,2.483863,-3.033562,1.407048,-5.914886,1.432547,-2.128189,1.180577,-4.853671,-0.177295
150,0.300000,5.909785,1680.054,1453.294,-10.582272,12.999090,-6.132313,4.846372,1.406609,9.614100,-4.226476,2.998292,-1.443646,6.741470,-1.972881,2.523240,-3.021071,1.420624,-5.835443,1.483393,-2.202801,1.104456,-5.256238,-0.414743
151,0.302000,5.922796,1648.688,1425.573,-10.662518,13.082350,-6.052111,4.759056,1.349192,9.465967,-4.073349,3.144036,-1.363064,6.820399,-1.712919,2.528460,-2.996402,1.454124,-5.750061,1.529437,-2.269845,0.935114,-5.673979,-0.614781
152,0.304000,5.919047,1636.107,1414.213,-10.705667,13.160893,-5.988293,4.664318,1.267586,9.302092,-3.938434,3.308134,-1.273307,6.911591,-1.512215,2.504188,-2.944407,1.498901,-5.661538,1.581003,-2.311881,0.691622,-6.062304,-0.749194
153,0.306000,5.892967,1645.271,1423.899,-10.710573,13.194830,-5.981659,4.556040,1.134721,9.129778,-3.836372,3.494580,-1.156823,7.027965,-1.373233,2.455169,-2.870348,1.530084,-5.591956,1.629477,-2.334701,0.402822,-6.387803,-0.806382
154,0.308000,5.841744,1677.389,1456.001,-10.687635,13.157043,-6.047649,4.450452,0.956681,8.957589,-3.785068,3.693599,-1.002213,7.171877,-1.283539,2.386255,-2.790269,1.522562,-5.559865,1.664726,-2.354279,0.108727,-6.619123,-0.776899
155,0.310000,5.765848,1732.653,1508.909,-10.657610,13.033288,-6.178012,4.364553,0.757211,8.791232,-3.802830,3.890479,-0.814367,7.329535,-1.229417,2.303066,-2.719536,1.467920,-5.558821,1.686821,-2.385777,-0.151679,-6.736919,-0.666467
156,0.312000,5.669920,1809.767,1578.059,-10.641578,12.825133,-6.351185,4.298987,0.555356,8.625916,-3.910225,4.059435,-0.626439,7.472611,-1.217731,2.196770,-2.679156,1.368286,-5.571488,1.699515,-2.432539,-0.341639,-6.733709,-0.499620
157,0.314000,5.565283,1901.863,1654.380,-10.619648,12.596296,-6.503160,4.270110,0.375376,8.459044,-4.125363,4.149782,-0.522924,7.525621,-1.320799,2.002166,-2.733525,1.196432,-5.606473,1.699247,-2.472313,-0.408881,-6.578317,-0.262145
158,0.316000,5.470890,1990.882,1723.783,-10.584628,12.397655,-6.592653,4.283023,0.239344,8.318056,-4.405448,4.167645,-0.534669,7.464670,-1.561444,1.703280,-2.907576,0.938832,-5.687061,1.659204,-2.511642,-0.367042,-6.309708,0.010845
159,0.318000,5.409167,2048.245,1770.666,-10.537872,12.264168,-6.605762,4.332409,0.163415,8.241529,-4.674252,4.151582,-0.650884,7.291399,-1.926266,1.318358,-3.189629,0.598677,-5.835861,1.546276,-2.574764,-0.264614,-6.002140,0.270970
160,0.320000,5.395366,2049.907,1784.180,-10.490156,12.203442,-6.559404,4.394436,0.141824,8.243670,-4.869295,4.138357,-0.839360,7.024917,-2.361998,0.908634,-3.513844,0.231763,-6.020999,1.370657,-2.662225,-0.135010,-5.720580,0.477317
161,0.322000,5.427520,1996.383,1762.855,-10.419727,12.257487,-6.432743,4.487522,0.192263,8.344596,-4.930304,4.173323,-1.045660,6.711816,-2.779577,0.568850,-3.779582,-0.066695,-6.162517,1.181892,-2.752473,0.003827,-5.512407,0.598429
162,0.324000,5.487465,1911.818,1715.117,-10.319841,12.447124,-6.217107,4.628231,0.314286,8.532902,-4.847159,4.267573,-1.242836,6.380278,-3.121928,0.354715,-3.930984,-0.237814,-6.204467,1.015639,-2.832838,0.130551,-5.407799,0.621988
163,0.326000,5.551142,1824.269,1655.525,-10.249436,12.702702,-5.979916,4.776439,0.445463,8.739572,-4.682044,4.376987,-1.451030,6.017793,-3.396070,0.249199,-3.990325,-0.288859,-6.142913,0.888642,-2.882435,0.247996,-5.390452,0.580375
164,0.328000,5.598355,1751.865,1598.533,-10.253786,12.961267,-5.774470,4.913899,0.541589,8.922445,-4.476845,4.481940,-1.663593,5.636061,-3.613496,0.216438,-4.009160,-0.257159,-6.006192,0.808459,-2.875681,0.368244,-5.427820,0.511477
165,0.330000,5.618115,1701.333,1553.661,-10.328735,13.200227,-5.613227,5.051424,0.584953,9.063032,-4.247401,4.583091,-1.854398,5.266441,-3.782863,0.217833,-4.042368,-0.186364,-5.836958,0.780229,-2.787560,0.503468,-5.484568,0.445164
166,0.332000,5.611428,1671.264,1523.386,-10.440569,13.387621,-5.494455,5.172121,0.565087,9.124994,-3.994843,4.672853,-1.977538,4.954370,-3.883631,0.231378,-4.102859,-0.112928,-5.675340,0.787546,-2.616595,0.630165,-5.544085,0.382135
167,0.334000,5.592885,1655.012,1503.087,-10.513178,13.478719,-5.371336,5.230012,0.528374,9.057302,-3.698207,4.695765,-1.983308,4.704736,-3.888911,0.211373,-4.155105,-0.079073,-5.535773,0.787666,-2.366113,0.701959,-5.583154,0.302377
168,0.336000,5.588005,1642.784,1483.021,-10.489971,13.473515,-5.220086,5.217793,0.534680,8.876740,-3.366930,4.615726,-1.866808,4.530823,-3.815350,0.136852,-4.165282,-0.083323,-5.439804,0.749174,-2.079207,0.685697,-5.613556,0.177348
169,0.338000,5.622516,1625.608,1453.713,-10.374022,13.438738,-5.076602,5.191314,0.607981,8.688454,-3.061684,4.457275,-1.681272,4.478237,-3.736379,0.030024,-4.140954,-0.068919,-5.425022,0.683805,-1.827453,0.597857,-5.678616,0.000014
170,0.340000,5.705712,1601.479,1413.667,-10.184519,13.401009,-4.955103,5.165921,0.767756,8.555912,-2.816988,4.230448,-1.462890,4.540324,-3.697423,-0.109163,-4.086511,-0.011049,-5.492324,0.599944,-1.646524,0.460153,-5.796274,-0.225832
171,0.342000,5.823043,1576.017,1370.799,-9.949207,13.348969,-4.835887,5.121126,1.005463,8.476018,-2.631728,3.950827,-1.226062,4.672441,-3.686568,-0.266962,-3.993041,0.078440,-5.609147,0.506898,-1.537839,0.294686,-5.943238,-0.461505
172,0.344000,5.946158,1556.534,1335.711,-9.701287,13.267721,-4.700782,5.039994,1.276203,8.411721,-2.507337,3.652817,-0.994740,4.810907,-3.678947,-0.411862,-3.859478,0.168062,-5.738703,0.421320,-1.489984,0.126705,-6.073788,-0.655380
173,0.346000,6.048152,1547.628,1315.607,-9.466642,13.158969,-4.546656,4.937186,1.539492,8.337537,-2.452233,3.383277,-0.791708,4.904385,-3.652292,-0.504444,-3.688818,0.234497,-5.848091,0.363841,-1.485555,-0.016976,-6.138825,-0.771833
174,0.348000,6.110917,1551.236,1313.531,-9.264323,13.028112,-4.384851,4.839732,1.772886,8.240288,-2.474427,3.172704,-0.634180,4.925361,-3.586793,-0.514371,-3.488342,0.272404,-5.914847,0.352055,-1.509520,-0.121029,-6.113822,-0.807229
175,0.350000,6.125170,1568.454,1330.289,-9.107658,12.873282,-4.238711,4.751883,1.964391,8.116872,-2.563767,3.021621,-0.540051,4.866051,-3.475682,-0.443070,-3.279753,0.280458,-5.934620,0.388416,-1.552079,-0.182946,-6.003667,-0.777702
176,0.352000,6.088454,1600.640,1365.900,-8.986383,12.706291,-4.128736,4.652349,2.104452,7.974274,-2.685935,2.913332,-0.527478,4.732197,-3.336298,-0.321067,-3.090056,0.258750,-5.912608,0.466120,-1.598675,-0.194181,-5.816964,-0.689394
177,0.354000,6.004033,1649.313,1419.657,-8.869086,12.558167,-4.061083,4.515475,2.177415,7.823810,-2.791842,2.842083,-0.596952,4.545205,-3.202678,-0.188897,-2.941036,0.214402,-5.854486,0.581383,-1.635978,-0.143997,-5.566195,-0.540023
178,0.356000,5.880842,1715.459,1489.430,-8.749407,12.430794,-4.038837,4.328485,2.172178,7.675646,-2.836030,2.821696,-0.700236,4.360886,-3.080920,-0.062882,-2.829576,0.166980,-5.765967,0.730045,-1.669160,-0.053332,-5.297315,-0.353462
179,0.358000,5.733701,1797.915,1570.483,-8.639151,12.316962,-4.039437,4.120000,2.097061,7.530833,-2.812459,2.839097,-0.788247,4.225523,-2.970501,0.044702,-2.749095,0.129609,-5.665154,0.907303,-1.699992,0.057691,-5.047014,-0.148885
180,0.360000,5.583244,1890.867,1654.407,-8.548292,12.219893,-4.033849,3.939219,1.965400,7.379061,-2.759652,2.846451,-0.844255,4.146588,-2.888818,0.115938,-2.696828,0.108901,-5.578738,1.106990,-1.714465,0.190423,-4.821030,0.070068
181,0.362000,5.453691,1982.394,1729.723,-8.455098,12.181572,-3.982910,3.844194,1.803379,7.211183,-2.743901,2.766524,-0.899915,4.071932,-2.897682,0.100910,-2.692902,0.096229,-5.531451,1.323581,-1.675918,0.372243,-4.593590,0.318041
182,0.364000,5.367132,2057.028,1785.106,-8.358492,12.212503,-3.884706,3.865008,1.647897,7.049726,-2.795509,2.576294,-0.947832,3.983435,-3.019218,-0.016550,-2.738599,0.089296,-5.541561,1.526761,-1.583907,0.577305,-4.394170,0.550824
183,0.366000,5.336805,2102.341,1813.575,-8.276790,12.296665,-3.758122,4.008356,1.535783,6.941157,-2.902270,2.311334,-0.953584,3.893994,-3.229977,-0.219130,-2.827529,0.085980,-5.616829,1.685760,-1.461019,0.752155,-4.269564,0.718495
184,0.368000,5.365128,2113.364,1813.726,-8.251299,12.381930,-3.656447,4.229537,1.467009,6.907160,-3.043725,2.024806,-0.901534,3.819495,-3.481540,-0.480860,-2.960986,0.072411,-5.752644,1.787543,-1.346026,0.833278,-4.267066,0.785114
185,0.370000,5.446458,2091.536,1788.135,-8.295590,12.443707,-3.617121,4.478482,1.435925,6.950588,-3.202060,1.763081,-0.815036,3.757846,-3.732027,-0.784405,-3.143584,0.035189,-5.917219,1.867265,-1.245217,0.810315,-4.375930,0.778465
186,0.372000,5.567961,2043.864,1742.616,-8.395214,12.481267,-3.652418,4.722999,1.445780,7.070258,-3.359684,1.570310,-0.726456,3.705897,-3.954909,-1.111756,-3.370688,-0.031526,-6.081360,1.960556,-1.157320,0.699968,-4.558076,0.738958
187,0.374000,5.709811,1982.706,1686.118,-8.528809,12.492477,-3.763496,4.937409,1.491628,7.250113,-3.513169,1.474579,-0.671732,3.652085,-4.160711,-1.455069,-3.638311,-0.134863,-6.247690,2.058087,-1.097980,0.521045,-4.775537,0.681530
188,0.376000,5.848886,1921.673,1628.834,-8.648211,12.507218,-3.919027,5.113011,1.570591,7.480713,-3.640182,1.509313,-0.662594,3.596684,-4.364198,-1.786651,-3.907624,-0.247036,-6.401643,2.144471,-1.069758,0.309424,-4.975607,0.629241
189,0.378000,5.965000,1870.544,1579.142,-8.691393,12.572341,-4.071740,5.234835,1.660176,7.727496,-3.718930,1.670295,-0.705733,3.530767,-4.577117,-2.079562,-4.123119,-0.330663,-6.506695,2.200419,-1.070538,0.094501,-5.119523,0.596871
190,0.380000,6.044779,1834.125,1542.167,-8.611352,12.703462,-4.168213,5.271764,1.727551,7.899035,-3.751156,1.879531,-0.790677,3.444112,-4.765106,-2.304806,-4.217624,-0.364291,-6.507009,2.207715,-1.085370,-0.108250,-5.196719,0.558549
191,0.382000,6.082079,1813.848,1520.282,-8.410782,12.859728,-4.176518,5.192490,1.747138,7.897206,-3.750800,2.036999,-0.886231,3.338092,-4.876699,-2.448838,-4.165158,-0.369665,-6.377614,2.143032,-1.098223,-0.286732,-5.211229,0.478197
192,0.384000,6.077840,1808.794,1513.561,-8.159458,13.000237,-4.116396,5.022017,1.695484,7.725003,-3.735458,2.121878,-0.974946,3.244203,-4.923395,-2.507351,-4.025649,-0.378873,-6.166038,2.004607,-1.118121,-0.405765,-5.176650,0.373613
193,0.386000,6.040466,1815.424,1519.496,-7.927910,13.106412,-4.014510,4.809983,1.565297,7.447517,-3.717651,2.151612,-1.052617,3.180942,-4.954890,-2.487028,-3.870612,-0.405303,-5.927955,1.820262,-1.155040,-0.431079,-5.113007,0.278077
194,0.388000,5.985803,1826.742,1532.533,-7.746802,13.164467,-3.881203,4.579427,1.371112,7.125001,-3.698146,2.131070,-1.112510,3.131192,-5.002484,-2.419960,-3.740309,-0.463365,-5.695537,1.617650,-1.212623,-0.363302,-5.036182,0.202747
195,0.390000,5.934731,1832.635,1544.541,-7.621346,13.167539,-3.727843,4.338069,1.140319,6.812009,-3.677096,2.062329,-1.151755,3.069271,-5.066828,-2.344555,-3.651521,-0.562850,-5.485631,1.419994,-1.295725,-0.234232,-4.959478,0.142226
196,0.392000,5.906267,1823.655,1547.422,-7.549458,13.115313,-3.572440,4.094314,0.899085,6.549946,-3.661132,1.960766,-1.172850,2.980504,-5.132301,-2.291089,-3.612041,-0.699050,-5.311451,1.242474,-1.412478,-0.089711,-4.899658,0.085565
197,0.394000,5.908482,1797.546,1537.471,-7.508609,13.033115,-3.414968,3.876760,0.680098,6.364263,-3.648500,1.860187,-1.172618,2.878281,-5.164169,-2.258103,-3.607175,-0.833218,-5.164473,1.112040,-1.542036,0.054670,-4.856474,0.037647
198,0.396000,5.933999,1762.000,1518.239,-7.447976,12.981834,-3.222362,3.744290,0.537554,6.276945,-3.609774,1.804277,-1.140618,2.802899,-5.116426,-2.213642,-3.593856,-0.892376,-5.004033,1.075128,-1.624202,0.222235,-4.805404,0.020237
199,0.398000,5.964433,1729.493,1498.747,-7.325349,13.011276,-2.970664,3.755136,0.521144,6.298853,-3.500456,1.826936,-1.072924,2.802901,-4.961347,-2.129382,-3.534050,-0.820352,-4.802229,1.163256,-1.605632,0.424823,-4.720781,0.052288
200,0.400000,5.979289,1710.639,1488.880,-7.166835,13.088331,-2.709422,3.890431,0.604952,6.380919,-3.330234,1.901691,-1.012979,2.873931,-4.735874,-2.022025,-3.440949,-0.630251,-4.585432,1.352896,-1.487574,0.630220,-4.600204,0.129577
201,0.402000,5.962682,1712.377,1496.210,-7.033526,13.157205,-2.500310,4.087595,0.731681,6.468619,-3.145647,1.977442,-1.008255,2.971870,-4.505939,-1.913660,-3.349163,-0.365919,-4.387537,1.594082,-1.299631,0.807049,-4.449699,0.239680
202,0.404000,5.905845,1739.419,1525.094,-6.969751,13.201599,-2.360458,4.296184,0.865895,6.552382,-2.980062,2.026957,-1.067981,3.060095,-4.315708,-1.799617,-3.279904,-0.061363,-4.218711,1.844395,-1.070270,0.946944,-4.278768,0.368566
203,0.406000,5.807275,1795.797,1576.628,-6.994550,13.225515,-2.290723,4.473458,0.974487,6.634880,-2.860962,2.033144,-1.179166,3.126277,-4.175670,-1.657645,-3.229703,0.264973,-4.075152,2.082376,-0.827314,1.041733,-4.111246,0.493295
204,0.408000,5.673048,1884.249,1647.694,-7.104165,13.234015,-2.294205,4.588605,1.025568,6.718657,-2.811879,1.983082,-1.320137,3.181408,-4.075879,-1.472444,-3.184618,0.595808,-3.954673,2.304643,-0.597946,1.088346,-3.969243,0.589629
205,0.410000,5.517672,2002.739,1729.408,-7.271798,13.236627,-2.371912,4.632311,0.998774,6.812174,-2.843002,1.882398,-1.459182,3.249977,-4.002241,-1.245596,-3.138448,0.900938,-3.866656,2.511728,-0.403993,1.104710,-3.851964,0.659648
206,0.412000,5.364219,2137.625,1806.774,-7.457117,13.248260,-2.521981,4.611675,0.887096,6.930099,-2.945218,1.758548,-1.571672,3.344641,-3.955622,-0.996959,-3.103833,1.132131,-3.834610,2.693722,-0.263856,1.119893,-3.747873,0.733344
207,0.414000,5.241844,2257.937,1862.435,-7.620613,13.289567,-2.741840,4.541765,0.691153,7.076357,-3.095983,1.651537,-1.657144,3.458266,-3.945037,-0.749398,-3.102585,1.243479,-3.882604,2.825480,-0.200019,1.147305,-3.666812,0.836453
208,0.416000,5.176917,2324.083,1884.887,-7.725346,13.393465,-3.019979,4.456460,0.431374,7.243439,-3.257404,1.618432,-1.730605,3.566873,-3.979051,-0.518493,-3.151645,1.224361,-4.009842,2.881671,-0.237142,1.168524,-3.654131,0.955860
209,0.418000,5.181025,2314.387,1872.703,-7.745402,13.596312,-3.332634,4.406271,0.148168,7.412153,-3.396888,1.712995,-1.814106,3.635597,-4.064290,-0.312894,-3.258203,1.106713,-4.187703,2.856777,-0.381308,1.161750,-3.749784,1.059509
210,0.420000,5.247358,2240.425,1831.011,-7.712379,13.883987,-3.665775,4.419219,-0.124037,7.553300,-3.519280,1.938752,-1.931115,3.639210,-4.198136,-0.132665,-3.406401,0.959381,-4.370126,2.782448,-0.592473,1.143738,-3.945379,1.132644
211,0.422000,5.357960,2131.942,1768.191,-7.682428,14.215267,-3.994910,4.499046,-0.350977,7.656676,-3.652688,2.247382,-2.088424,3.574763,-4.371806,0.019600,-3.566088,0.848688,-4.529188,2.699161,-0.812149,1.151442,-4.202046,1.171501
212,0.424000,5.492551,2015.854,1694.129,-7.677732,14.563142,-4.282681,4.639467,-0.491616,7.739238,-3.820721,2.579753,-2.261780,3.459652,-4.575349,0.136687,-3.709886,0.812766,-4.662879,2.631579,-1.008209,1.199053,-4.491147,1.160017
213,0.426000,5.633180,1908.587,1618.082,-7.703084,14.907592,-4.519155,4.824996,-0.529357,7.824375,-4.040390,2.890941,-2.421438,3.325634,-4.799913,0.215823,-3.831964,0.862264,-4.782479,2.588806,-1.179757,1.276322,-4.788110,1.089931
214,0.428000,5.765307,1819.181,1548.190,-7.759508,15.223056,-4.720189,5.026950,-0.485640,7.910090,-4.321229,3.141819,-2.557307,3.201329,-5.029848,0.257763,-3.945397,0.980573,-4.899739,2.563135,-1.341348,1.350518,-5.060835,0.970787
215,0.430000,5.878129,1752.768,1491.441,-7.799585,15.455832,-4.860910,5.177701,-0.361771,7.933702,-4.623197,3.267179,-2.635373,3.079611,-5.212704,0.235189,-4.035066,1.113197,-4.997345,2.526299,-1.479284,1.366082,-5.267933,0.804046
216,0.432000,5.964487,1712.190,1453.448,-7.755730,15.574916,-4.903437,5.223266,-0.164876,7.825824,-4.902274,3.211141,-2.637768,2.948142,-5.304067,0.125280,-4.071903,1.217023,-5.049637,2.473166,-1.571268,1.284122,-5.387032,0.589077
217,0.434000,6.020736,1698.682,1437.795,-7.630888,15.641402,-4.902300,5.209357,0.017513,7.626150,-5.183038,3.028038,-2.630330,2.866987,-5.344775,-0.016439,-4.076492,1.325705,-5.081582,2.471385,-1.639513,1.138220,-5.440994,0.365884
218,0.436000,6.046205,1712.048,1445.199,-7.439877,15.694105,-4.896932,5.177778,0.142309,7.404219,-5.444384,2.801033,-2.649399,2.874355,-5.365812,-0.139908,-4.046714,1.458459,-5.109643,2.561230,-1.690479,0.981226,-5.426378,0.188982
219,0.438000,6.043625,1749.739,1472.491,-7.180539,15.756737,-4.875015,5.149539,0.217988,7.214151,-5.630721,2.607419,-2.680873,2.973012,-5.363456,-0.214862,-3.954167,1.606674,-5.136559,2.727158,-1.711015,0.861799,-5.319977,0.107490
220,0.440000,6.020528,1805.221,1512.180,-6.873042,15.839688,-4.829377,5.127842,0.245330,7.078509,-5.724115,2.495581,-2.712136,3.136194,-5.340553,-0.235583,-3.800743,1.748345,-5.177371,2.916857,-1.699985,0.805665,-5.132929,0.137223
221,0.442000,5.990883,1864.996,1552.496,-6.555771,15.948357,-4.758873,5.115082,0.227822,7.007263,-5.733543,2.482498,-2.731547,3.329617,-5.296925,-0.209404,-3.616881,1.868023,-5.239136,3.084363,-1.654754,0.817963,-4.904097,0.264928
222,0.444000,5.974770,1907.094,1578.681,-6.268675,16.092390,-4.658729,5.117001,0.170822,6.994896,-5.701941,2.522640,-2.761652,3.499107,-5.246549,-0.156741,-3.447332,1.952859,-5.321089,3.199998,-1.585652,0.865997,-4.704006,0.431854
223,0.446000,5.992681,1907.899,1576.881,-6.021302,16.313423,-4.496703,5.152205,0.085717,7.028366,-5.689398,2.529133,-2.847071,3.593869,-5.206631,-0.087265,-3.308060,2.013303,-5.395182,3.270426,-1.498466,0.919509,-4.587717,0.570605
224,0.448000,6.054710,1858.819,1539.967,-5.812401,16.639297,-4.257474,5.221012,-0.025653,7.094802,-5.739138,2.425497,-3.014791,3.595486,-5.180378,0.007412,-3.185897,2.072165,-5.424576,3.313427,-1.401593,0.966730,-4.573145,0.634253
225,0.450000,6.153636,1775.563,1472.007,-5.662167,17.030109,-3.985415,5.291000,-0.167650,7.197498,-5.844215,2.192529,-3.246272,3.532010,-5.150439,0.140489,-3.074748,2.128377,-5.400935,3.322746,-1.320781,1.003391,-4.647800,0.612166
226,0.452000,6.269647,1685.223,1387.231,-5.586773,17.413609,-3.748669,5.327889,-0.336841,7.347325,-5.963251,1.859619,-3.503844,3.452248,-5.091878,0.323502,-2.980098,2.167371,-5.331359,3.286815,-1.276159,1.031141,-4.780699,0.522019
227,0.454000,6.381245,1608.145,1302.859,-5.574242,17.729053,-3.596514,5.323113,-0.519344,7.535183,-6.056196,1.472327,-3.771231,3.387091,-4.996367,0.551131,-2.913775,2.177786,-5.229998,3.203304,-1.271251,1.049910,-4.938040,0.381855
228,0.456000,6.472448,1552.642,1232.235,-5.593577,17.933342,-3.550472,5.295153,-0.695369,7.725058,-6.095279,1.084096,-4.047262,3.349882,-4.872977,0.797131,-2.883078,2.163481,-5.114125,3.086606,-1.294118,1.056165,-5.090391,0.208675
229,0.458000,6.534024,1519.102,1182.719,-5.608987,18.003887,-3.603966,5.266624,-0.847664,7.870320,-6.063729,0.750091,-4.321438,3.349440,-4.739594,1.019597,-2.887812,2.135785,-5.004114,2.968928,-1.322462,1.049652,-5.219749,0.021337
230,0.460000,6.562134,1504.561,1156.575,-5.593716,17.947702,-3.721580,5.242802,-0.966630,7.941682,-5.960168,0.515451,-4.565265,3.385700,-4.622851,1.175293,-2.933017,2.092037,-4.923407,2.887855,-1.334665,1.042209,-5.322901,-0.161781
231,0.462000,6.556644,1505.150,1152.541,-5.547395,17.794653,-3.854553,5.217410,-1.049539,7.941548,-5.799109,0.408778,-4.742206,3.447623,-4.546225,1.242835,-3.027627,2.017920,-4.888367,2.866871,-1.320537,1.049556,-5.409152,-0.329097
232,0.464000,6.520419,1517.101,1167.147,-5.499537,17.576832,-3.970163,5.192268,-1.100719,7.896142,-5.600948,0.439048,-4.836283,3.515121,-4.517697,1.232207,-3.166379,1.906309,-4.905776,2.898595,-1.286668,1.077625,-5.481494,-0.463681
233,0.466000,6.459097,1537.180,1195.928,-5.490480,17.313972,-4.071797,5.165162,-1.138047,7.829639,-5.387506,0.594460,-4.863972,3.550764,-4.544922,1.165307,-3.321501,1.764751,-4.976434,2.947789,-1.253313,1.116853,-5.527005,-0.533333
234,0.468000,6.381206,1562.976,1234.316,-5.530836,17.034866,-4.175743,5.131553,-1.174416,7.754296,-5.179157,0.854332,-4.847389,3.509093,-4.650401,1.055691,-3.454375,1.606414,-5.097723,2.977990,-1.233691,1.150204,-5.528380,-0.508184
235,0.470000,6.298404,1592.085,1277.194,-5.615333,16.762520,-4.299643,5.083004,-1.215029,7.661794,-5.011477,1.178649,-4.806578,3.356478,-4.864174,0.900745,-3.539968,1.432601,-5.269391,2.969842,-1.218060,1.164215,-5.481530,-0.383424
236,0.472000,6.225085,1620.215,1317.673,-5.737176,16.516235,-4.436863,5.023996,-1.250921,7.548947,-4.909718,1.526011,-4.754714,3.096442,-5.187658,0.700863,-3.571554,1.234560,-5.494660,2.905862,-1.203669,1.136837,-5.411619,-0.195855
237,0.474000,6.176181,1639.986,1347.135,-5.887721,16.316959,-4.553642,4.966246,-1.271168,7.426301,-4.866238,1.874222,-4.696723,2.772659,-5.573164,0.484784,-3.543484,1.018186,-5.758252,2.766547,-1.210921,1.037516,-5.358653,-0.009352
238,0.476000,6.162135,1643.225,1357.936,-6.038470,16.189796,-4.589187,4.925848,-1.251329,7.306144,-4.848798,2.201697,-4.627366,2.439510,-5.946228,0.294569,-3.441823,0.814344,-5.998597,2.554146,-1.236654,0.868743,-5.334394,0.139007
239,0.478000,6.184941,1625.847,1346.622,-6.085694,16.163454,-4.405358,4.919762,-1.097070,7.181553,-4.776598,2.452784,-4.484674,2.127180,-6.187797,0.169379,-3.190464,0.676682,-6.066284,2.296246,-1.210913,0.655033,-5.320799,0.214437
240,0.480000,6.238001,1590.690,1315.016,-5.954840,16.274124,-3.940645,4.959805,-0.793767,7.026371,-4.661356,2.547829,-4.265779,1.852098,-6.242960,0.158110,-2.749881,0.680698,-5.839380,2.044256,-1.087860,0.441902,-5.328635,0.194213
241,0.482000,6.308113,1546.175,1269.505,-5.721866,16.496012,-3.340948,5.036458,-0.438057,6.870888,-4.594246,2.476141,-4.045167,1.645505,-6.195971,0.249470,-2.258035,0.832847,-5.375062,1.813198,-0.931021,0.297405,-5.371341,0.129357
242,0.484000,6.379389,1501.719,1218.554,-5.473374,16.741468,-2.748358,5.100997,-0.060472,6.761074,-4.574546,2.278502,-3.823002,1.533381,-6.089560,0.375398,-1.849341,1.071115,-4.775813,1.580843,-0.800497,0.268449,-5.400940,0.081589
243,0.486000,6.436872,1464.709,1170.637,-5.264061,16.943428,-2.232804,5.106651,0.308905,6.684569,-4.585930,1.991611,-3.598904,1.497448,-5.932797,0.489296,-1.572881,1.333961,-4.136629,1.345206,-0.713672,0.360548,-5.382378,0.052936
244,0.488000,6.468881,1439.690,1133.000,-5.128057,17.071358,-1.805173,5.055283,0.630631,6.616147,-4.598995,1.670943,-3.374474,1.512031,-5.727126,0.594769,-1.404325,1.587281,-3.543416,1.132480,-0.653146,0.556172,-5.306868,0.020531
245,0.490000,6.468514,1428.922,1111.035,-5.078721,17.102570,-1.469931,4.965217,0.868542,6.529887,-4.592612,1.356253,-3.153474,1.567844,-5.488205,0.688059,-1.304860,1.812982,-3.064237,0.966527,-0.601605,0.821177,-5.177805,-0.042876
246,0.492000,6.434300,1433.190,1108.073,-5.100107,17.024597,-1.233365,4.853475,1.007616,6.401728,-4.557812,1.065478,-2.940887,1.676421,-5.240329,0.741471,-1.249158,2.001031,-2.735255,0.863133,-0.544347,1.119215,-5.002878,-0.151223
247,0.494000,6.370377,1451.987,1124.989,-5.164640,16.837862,-1.092426,4.732824,1.059492,6.216101,-4.500574,0.801145,-2.749587,1.845449,-5.006301,0.721720,-1.228109,2.140882,-2.567625,0.819959,-0.472640,1.415987,-4.796270,-0.296173
248,0.496000,6.286471,1482.901,1159.309,-5.244666,16.567644,-1.024131,4.610921,1.049276,5.965448,-4.453197,0.552439,-2.598929,2.066512,-4.785012,0.625499,-1.237298,2.216990,-2.562422,0.805830,-0.397742,1.676130,-4.577775,-0.443712
249,0.498000,6.197200,1520.789,1204.658,-5.330414,16.247042,-1.009539,4.486536,1.006130,5.661736,-4.450895,0.312983,-2.502421,2.320690,-4.562956,0.469553,-1.280541,2.209637,-2.708536,0.782083,-0.339429,1.876823,-4.370793,-0.564009
250,0.500000,6.119399,1558.354,1251.874,-5.444227,15.889878,-1.051126,4.362408,0.973209,5.356089,-4.492645,0.098220,-2.460621,2.575866,-4.356103,0.250805,-1.376359,2.114103,-2.963235,0.738812,-0.298720,2.030407,-4.191196,-0.657212
251,0.502000,6.066817,1590.027,1292.885,-5.600942,15.516095,-1.166099,4.231615,0.970001,5.090845,-4.576991,-0.086502,-2.460340,2.807726,-4.188040,-0.030430,-1.529230,1.953736,-3.276038,0.663879,-0.285225,2.158864,-4.045805,-0.731204
252,0.504000,6.044299,1617.250,1325.465,-5.783307,15.160913,-1.378198,4.072195,0.984564,4.890938,-4.699988,-0.244774,-2.483115,2.989714,-4.084145,-0.353294,-1.712952,1.778615,-3.594640,0.547918,-0.310656,2.278371,-3.941032,-0.790777
253,0.506000,6.046315,1649.216,1354.635,-5.929411,14.887571,-1.691450,3.864227,0.989563,4.768449,-4.843778,-0.370037,-2.510901,3.081184,-4.067205,-0.662894,-1.867782,1.654615,-3.866458,0.389714,-0.387418,2.389500,-3.879586,-0.818772
254,0.508000,6.061813,1698.070,1388.914,-5.964424,14.771648,-2.062878,3.628480,0.978147,4.727720,-4.986272,-0.438924,-2.510528,3.068854,-4.126144,-0.872649,-1.915192,1.644312,-4.049360,0.201670,-0.523586,2.481626,-3.861655,-0.796544
255,0.510000,6.081984,1772.608,1433.704,-5.843655,14.883429,-2.371665,3.476794,1.027846,4.807399,-5.094018,-0.410320,-2.416516,3.025612,-4.182703,-0.903253,-1.807642,1.775533,-4.117083,0.045098,-0.670659,2.584537,-3.865783,-0.722658
256,0.512000,6.104957,1873.019,1486.458,-5.578277,15.238117,-2.505882,3.510791,1.217698,5.049902,-5.122631,-0.232779,-2.164566,3.054177,-4.159597,-0.751077,-1.562787,2.024778,-4.080764,-0.012079,-0.761572,2.763171,-3.834234,-0.590571
257,0.514000,6.134734,1988.819,1537.765,-5.220482,15.767842,-2.475778,3.676773,1.460077,5.358055,-5.125651,0.060781,-1.783905,3.179754,-4.063049,-0.499754,-1.256252,2.308290,-4.022272,0.008649,-0.824227,3.005858,-3.763611,-0.425340
258,0.516000,6.177236,2100.328,1576.970,-4.820737,16.378275,-2.355784,3.860920,1.596253,5.574587,-5.203647,0.381640,-1.369663,3.364440,-3.956047,-0.258577,-0.969000,2.539079,-4.020938,0.059919,-0.915653,3.259544,-3.695144,-0.273592
259,0.518000,6.235633,2186.031,1598.061,-4.386819,17.033360,-2.179955,4.024205,1.548851,5.622549,-5.397855,0.673337,-0.998389,3.584723,-3.864566,-0.058945,-0.698579,2.717510,-4.074884,0.140658,-1.051035,3.482033,-3.671729,-0.173356
260,0.520000,6.307000,2233.151,1601.302,-3.943922,17.703852,-1.975386,4.179274,1.332844,5.518474,-5.686134,0.913910,-0.728918,3.806553,-3.810932,0.093988,-0.430327,2.874764,-4.154275,0.269731,-1.199914,3.667179,-3.697581,-0.127186
261,0.522000,6.381712,2243.580,1590.844,-3.553510,18.340525,-1.790887,4.335770,1.007367,5.338264,-6.002605,1.118974,-0.581875,4.001188,-3.810851,0.199085,-0.177620,3.030202,-4.245665,0.446971,-1.325850,3.826834,-3.749361,-0.109128
262,0.524000,6.446995,2229.276,1571.833,-3.263534,18.914272,-1.670511,4.485673,0.622750,5.152374,-6.301672,1.297662,-0.557059,4.149537,-3.863725,0.269183,0.034390,3.198889,-4.339400,0.661510,-1.407046,3.967311,-3.805003,-0.086180
263,0.526000,6.492228,2202.798,1548.896,-3.095507,19.414917,-1.644736,4.614289,0.214402,5.012627,-6.567619,1.450377,-0.635395,4.252027,-3.956669,0.330228,0.173532,3.384895,-4.424757,0.903601,-1.440267,4.080503,-3.858282,-0.036917
264,0.528000,6.512476,2171.300,1525.374,-3.044044,19.842825,-1.724481,4.721924,-0.186511,4.961143,-6.796861,1.585386,-0.781357,4.329263,-4.075385,0.412726,0.200385,3.576359,-4.495509,1.159441,-1.439084,4.146029,-3.916887,0.045889
265,0.530000,6.510103,2135.196,1502.415,-3.074242,20.213070,-1.894117,4.821842,-0.571556,5.007094,-7.004811,1.715514,-0.953326,4.418218,-4.198197,0.553481,0.088869,3.752968,-4.560925,1.394906,-1.428384,4.138104,-3.993906,0.157463
266,0.532000,6.494668,2090.074,1478.476,-3.132258,20.548580,-2.108374,4.924037,-0.950780,5.115846,-7.222766,1.838723,-1.118288,4.553255,-4.293566,0.784600,-0.143772,3.895158,-4.643237,1.557888,-1.434628,4.031586,-4.101339,0.279348
267,0.534000,6.480531,2030.853,1449.585,-3.160446,20.843946,-2.295961,5.010295,-1.306047,5.221829,-7.451437,1.925471,-1.240289,4.734418,-4.316967,1.095248,-0.430517,3.964763,-4.749033,1.602335,-1.455814,3.814154,-4.231943,0.382454
268,0.536000,6.481783,1957.077,1411.131,-3.113541,21.065044,-2.379312,5.045439,-1.580401,5.255119,-7.651778,1.929313,-1.279320,4.923821,-4.229344,1.428784,-0.682559,3.912078,-4.857826,1.509715,-1.462746,3.498366,-4.359643,0.438499
269,0.538000,6.505299,1876.758,1361.748,-3.017605,21.229977,-2.367947,5.059606,-1.764445,5.227306,-7.826693,1.869181,-1.255049,5.126245,-4.065747,1.767424,-0.866611,3.757462,-4.970040,1.337348,-1.454643,3.153368,-4.485356,0.455484
270,0.540000,6.546750,1803.206,1306.281,-2.925118,21.373606,-2.310258,5.092365,-1.876617,5.175040,-7.999815,1.778800,-1.215188,5.350083,-3.895630,2.107846,-0.980845,3.564036,-5.084007,1.166415,-1.440041,2.860023,-4.612998,0.459165
271,0.542000,6.592465,1747.939,1254.174,-2.871184,21.492542,-2.241332,5.126829,-1.930422,5.098659,-8.172932,1.661004,-1.191315,5.565408,-3.762491,2.426165,-1.016771,3.389435,-5.168643,1.043451,-1.417405,2.657673,-4.727997,0.461791
272,0.544000,6.625829,1715.986,1214.511,-2.873194,21.578424,-2.187948,5.127509,-1.948109,4.993484,-8.327170,1.530678,-1.209950,5.726342,-3.690651,2.697950,-0.976554,3.280770,-5.192232,0.981778,-1.394680,2.543326,-4.814969,0.470042
273,0.546000,6.633033,1706.629,1192.601,-2.933075,21.626770,-2.173413,5.077479,-1.947847,4.871462,-8.431325,1.424838,-1.285369,5.799381,-3.680517,2.917589,-0.871470,3.268638,-5.142486,0.972105,-1.385713,2.496425,-4.857107,0.489552
274,0.548000,6.606115,1716.614,1190.027,-3.046924,21.620453,-2.215393,4.996773,-1.924893,4.757852,-8.467437,1.366739,-1.423059,5.773966,-3.704874,3.103615,-0.715706,3.354453,-5.038024,0.995004,-1.388865,2.515259,-4.823729,0.529165
275,0.550000,6.544663,1742.699,1206.440,-3.200207,21.537685,-2.316782,4.933887,-1.857302,4.683425,-8.433424,1.363760,-1.611065,5.665875,-3.726557,3.287443,-0.518270,3.524644,-4.907375,1.036925,-1.391634,2.608385,-4.695862,0.588817
276,0.552000,6.456441,1782.324,1240.244,-3.374552,21.357971,-2.475911,4.921597,-1.740399,4.666367,-8.343751,1.409998,-1.821568,5.505031,-3.730745,3.483508,-0.285299,3.767005,-4.761046,1.094214,-1.388767,2.778169,-4.474836,0.664174
277,0.554000,6.357605,1832.914,1287.740,-3.550134,21.081608,-2.684195,4.963892,-1.590768,4.714171,-8.219491,1.491339,-2.018955,5.330990,-3.725661,3.684122,-0.020608,4.071948,-4.592382,1.163373,-1.386694,3.019263,-4.176127,0.744600
278,0.556000,6.270929,1890.528,1341.925,-3.703830,20.744965,-2.912447,5.051672,-1.434261,4.824465,-8.073043,1.594439,-2.172303,5.181881,-3.724432,3.872936,0.271436,4.424021,-4.396596,1.233934,-1.395022,3.319053,-3.827309,0.808528
279,0.558000,6.218437,1950.443,1393.737,-3.826441,20.392548,-3.132226,5.153663,-1.321868,4.957009,-7.923034,1.703504,-2.271007,5.076787,-3.743208,4.027033,0.574582,4.794741,-4.178630,1.303024,-1.407474,3.665575,-3.457259,0.841955
280,0.560000,6.209633,2010.760,1436.689,-3.910579,20.076464,-3.317208,5.231865,-1.300041,5.056055,-7.792976,1.812487,-2.308940,5.023742,-3.794725,4.116898,0.857084,5.148965,-3.958699,1.364540,-1.418562,4.027862,-3.110499,0.827935
281,0.562000,6.235767,2073.556,1469.859,-3.942751,19.849182,-3.448654,5.257378,-1.383118,5.087724,-7.698152,1.932923,-2.275002,5.021055,-3.889770,4.110153,1.082902,5.461882,-3.764492,1.402989,-1.435644,4.354214,-2.840927,0.751564
282,0.564000,6.277286,2142.118,1495.782,-3.908369,19.743259,-3.524720,5.219898,-1.554543,5.050358,-7.641557,2.081898,-2.156936,5.065591,-4.021591,3.996803,1.230309,5.720300,-3.626078,1.398359,-1.469895,4.599794,-2.684590,0.610015
283,0.566000,6.317246,2216.342,1516.027,-3.809916,19.749855,-3.565553,5.128241,-1.784828,4.957378,-7.630699,2.245032,-1.973798,5.144740,-4.158487,3.804828,1.300257,5.918920,-3.564503,1.339368,-1.522091,4.748970,-2.638971,0.427875
284,0.568000,6.347959,2290.418,1529.196,-3.664438,19.826897,-3.611805,4.981301,-2.062664,4.815121,-7.681726,2.371542,-1.778308,5.240700,-4.245911,3.582508,1.296834,6.047355,-3.579662,1.240937,-1.577327,4.810862,-2.675220,0.248400
285,0.570000,6.370136,2353.746,1532.279,-3.483018,19.937229,-3.701098,4.766598,-2.381948,4.638719,-7.798160,2.404750,-1.633745,5.337119,-4.224406,3.375890,1.217203,6.083825,-3.654515,1.142510,-1.621113,4.779923,-2.790594,0.090146
286,0.572000,6.389098,2394.358,1523.137,-3.281782,20.056747,-3.841183,4.489010,-2.723856,4.448108,-7.975415,2.302976,-1.597556,5.396683,-4.088092,3.198575,1.061640,6.013112,-3.768804,1.078966,-1.650405,4.649333,-2.989006,-0.042477
287,0.574000,6.410012,2404.513,1502.005,-3.104078,20.153467,-4.011054,4.174995,-3.074646,4.240738,-8.210875,2.059211,-1.691697,5.379450,-3.887619,3.041353,0.858075,5.857824,-3.900563,1.057611,-1.673752,4.446024,-3.248400,-0.151805
288,0.576000,6.434490,2384.687,1471.421,-2.993357,20.202427,-4.172078,3.859038,-3.421261,4.016350,-8.480116,1.704742,-1.897922,5.281494,-3.676578,2.897232,0.646245,5.664585,-4.024321,1.072512,-1.700203,4.225684,-3.524860,-0.236951
289,0.578000,6.459665,2343.948,1435.894,-2.939283,20.235180,-4.245667,3.605111,-3.703725,3.833250,-8.696680,1.328854,-2.140611,5.170728,-3.453500,2.790979,0.476900,5.498009,-4.098330,1.136182,-1.713737,4.059770,-3.757131,-0.278379
290,0.580000,6.480279,2295.563,1401.320,-2.906418,20.294882,-4.170253,3.455129,-3.867492,3.751248,-8.784222,1.017409,-2.347253,5.118267,-3.216302,2.725895,0.363622,5.393212,-4.106348,1.244781,-1.710501,3.977830,-3.908861,-0.271758
291,0.582000,6.492053,2251.153,1373.532,-2.896570,20.358595,-3.978652,3.365528,-3.939789,3.748319,-8.768932,0.773689,-2.520943,5.118135,-3.031662,2.628763,0.238855,5.312275,-4.100240,1.335783,-1.744177,3.924189,-4.007622,-0.265192
292,0.584000,6.494555,2217.111,1356.481,-2.885841,20.436312,-3.695364,3.324090,-3.923451,3.820087,-8.675071,0.619877,-2.631210,5.186998,-2.921848,2.475928,0.078284,5.252031,-4.096639,1.391923,-1.827254,3.858931,-4.070803,-0.289504
293,0.586000,6.491811,2194.449,1350.755,-2.833933,20.556843,-3.350960,3.344705,-3.800653,3.966483,-8.527314,0.583392,-2.623622,5.344796,-2.870158,2.300846,-0.087814,5.227308,-4.091433,1.442963,-1.921512,3.774981,-4.101090,-0.334856
294,0.588000,6.490729,2180.404,1353.340,-2.721395,20.713671,-3.028162,3.405761,-3.591580,4.142202,-8.387594,0.645775,-2.482353,5.562435,-2.877403,2.136727,-0.224581,5.221779,-4.105927,1.516696,-1.974927,3.676440,-4.106388,-0.362588
295,0.590000,6.497763,2170.905,1359.171,-2.556190,20.874001,-2.813553,3.457993,-3.356876,4.291596,-8.302764,0.759306,-2.242155,5.784773,-2.946313,2.006980,-0.307776,5.213731,-4.165427,1.613458,-1.951362,3.572909,-4.103342,-0.348491
296,0.592000,6.514755,2163.372,1363.918,-2.361521,21.013058,-2.736659,3.471469,-3.150992,4.399635,-8.258898,0.887331,-1.959333,5.972192,-3.052820,1.935297,-0.323085,5.202693,-4.266617,1.710252,-1.845893,3.476941,-4.105158,-0.302090
297,0.594000,6.537137,2157.880,1366.211,-2.169187,21.113613,-2.780911,3.447117,-2.995784,4.476499,-8.221819,1.009022,-1.687533,6.099126,-3.171487,1.936797,-0.266912,5.194997,-4.385280,1.786455,-1.671477,3.399587,-4.114537,-0.237565
298,0.596000,6.555686,2156.852,1367.830,-2.012538,21.162231,-2.906801,3.404779,-2.885904,4.529331,-8.173094,1.114513,-1.467180,6.150935,-3.292941,2.011527,-0.148742,5.190748,-4.492727,1.837570,-1.451848,3.348755,-4.123356,-0.157684
299,0.598000,6.561146,2163.877,1371.933,-1.920196,21.144848,-3.078445,3.351995,-2.821471,4.544445,-8.124040,1.197847,-1.326859,6.126693,-3.415003,2.153015,0.017284,5.186734,-4.570557,1.868116,-1.224531,3.322490,-4.123303,-0.058788
300,0.600000,6.548112,2182.040,1380.798,-1.894299,21.066914,-3.260276,3.288971,-2.810448,4.501235,-8.107171,1.259506,-1.275086,6.044788,-3.526346,2.355160,0.222020,5.181005,-4.619157,1.880355,-1.041390,3.302057,-4.118620,0.056780
301,0.602000,6.516993,2211.679,1393.845,-1.917202,20.952223,-3.416142,3.224546,-2.852568,4.395518,-8.152874,1.307441,-1.302395,5.930664,-3.610023,2.599239,0.448527,5.170183,-4.654089,1.876149,-0.950010,3.263409,-4.122215,0.175263
302,0.604000,6.475958,2247.739,1406.334,-1.972025,20.822544,-3.527455,3.171565,-2.936662,4.245432,-8.267678,1.354517,-1.386811,5.802859,-3.658959,2.842037,0.658461,5.143799,-4.702825,1.854499,-0.976348,3.190409,-4.140134,0.277849
303,0.606000,6.439791,2278.345,1410.396,-2.044411,20.699001,-3.598708,3.134553,-3.045869,4.079308,-8.434522,1.404670,-1.502468,5.674411,-3.679245,3.032362,0.805504,5.094921,-4.785806,1.810444,-1.122325,3.072626,-4.162377,0.353123
304,0.608000,6.424284,2287.472,1398.542,-2.123451,20.604675,-3.653015,3.092733,-3.172564,3.913847,-8.626926,1.447578,-1.627429,5.562211,-3.680016,3.138804,0.865645,5.038455,-4.887200,1.746189,-1.370348,2.907434,-4.165782,0.402890
305,0.610000,6.437717,2264.212,1367.822,-2.199056,20.568827,-3.699921,3.023381,-3.313937,3.748794,-8.814846,1.476544,-1.748496,5.478852,-3.671258,3.161568,0.851960,5.004167,-4.960800,1.680950,-1.686068,2.709985,-4.129379,0.434751
306,0.612000,6.475948,2210.539,1321.245,-2.266334,20.617889,-3.709419,2.941150,-3.452884,3.580980,-8.962662,1.504761,-1.845522,5.442195,-3.643197,3.143264,0.819518,5.023506,-4.955774,1.652504,-2.009346,2.524401,-4.040562,0.452050
307,0.614000,6.525834,2138.241,1265.872,-2.315885,20.767269,-3.632337,2.887986,-3.566967,3.413469,-9.034830,1.561240,-1.887372,5.474176,-3.573542,3.136485,0.824245,5.110648,-4.840205,1.699219,-2.270564,2.410921,-3.894202,0.460285
308,0.616000,6.572997,2060.314,1209.613,-2.349696,20.986084,-3.460515,2.880541,-3.670855,3.240866,-9.017591,1.663777,-1.861629,5.561661,-3.472757,3.152886,0.866607,5.229136,-4.638638,1.814467,-2.436065,2.394991,-3.712178,0.464654
309,0.618000,6.607453,1986.414,1159.376,-2.383074,21.205269,-3.232700,2.916519,-3.798330,3.072886,-8.920471,1.804043,-1.784114,5.655143,-3.380790,3.174694,0.903487,5.316091,-4.423165,1.943108,-2.508351,2.462123,-3.527795,0.476677
310,0.620000,6.626306,1923.007,1120.401,-2.410365,21.380857,-2.990161,3.004982,-3.957201,2.953358,-8.756821,1.964175,-1.666212,5.720958,-3.313506,3.204916,0.910654,5.344154,-4.258166,2.031138,-2.493774,2.582080,-3.366994,0.500189
311,0.622000,6.634240,1875.405,1096.080,-2.392245,21.528904,-2.752751,3.161770,-4.114458,2.933165,-8.534545,2.137668,-1.495022,5.779083,-3.250673,3.259614,0.900978,5.326835,-4.174294,2.054175,-2.402271,2.729214,-3.248062,0.511706
312,0.624000,6.641383,1850.134,1088.812,-2.314848,21.649233,-2.577799,3.345115,-4.248590,3.000943,-8.302034,2.283344,-1.285969,5.857523,-3.182604,3.323392,0.897365,5.286691,-4.180501,2.005158,-2.259535,2.898438,-3.171351,0.483091
313,0.626000,6.658602,1854.169,1099.605,-2.193791,21.716932,-2.537110,3.479568,-4.361053,3.101712,-8.123627,2.337949,-1.080810,5.970538,-3.109904,3.358428,0.910549,5.249207,-4.259813,1.889893,-2.103478,3.085150,-3.127202,0.398193
314,0.628000,6.692251,1890.762,1126.010,-2.038687,21.736300,-2.637427,3.535292,-4.444873,3.202177,-8.012193,2.272100,-0.914924,6.123996,-3.012814,3.354268,0.943608,5.237035,-4.371400,1.729213,-1.971770,3.263761,-3.112789,0.255255
315,0.630000,6.741392,1956.391,1161.734,-1.857964,21.725937,-2.848818,3.510020,-4.505158,3.290317,-7.941096,2.085850,-0.822096,6.304189,-2.869503,3.326065,0.990392,5.261156,-4.470502,1.552157,-1.882264,3.412186,-3.127612,0.065665
316,0.632000,6.799990,2042.030,1199.372,-1.654903,21.707922,-3.133746,3.409701,-4.562837,3.359092,-7.878901,1.804216,-0.817807,6.493683,-2.676277,3.285228,1.032623,5.318462,-4.534794,1.373561,-1.832385,3.537201,-3.161848,-0.151847
317,0.634000,6.861366,2136.148,1232.765,-1.435492,21.694473,-3.453810,3.243163,-4.648714,3.397632,-7.806189,1.480199,-0.882219,6.688020,-2.449204,3.236865,1.057377,5.400152,-4.572003,1.188729,-1.807971,3.669566,-3.196231,-0.371584
318,0.636000,6.921314,2226.555,1257.623,-1.211376,21.683495,-3.768725,3.023111,-4.786917,3.399455,-7.716868,1.179943,-0.969202,6.896295,-2.213736,3.192770,1.067682,5.492346,-4.603630,0.993414,-1.792041,3.838599,-3.209024,-0.556839
319,0.638000,6.978612,2301.582,1271.977,-0.988371,21.674332,-4.037725,2.779102,-4.965502,3.384237,-7.613389,0.961486,-1.031772,7.126788,-1.994759,3.172175,1.079606,5.580037,-4.644542,0.801419,-1.770743,4.052992,-3.188826,-0.673999
320,0.640000,7.033627,2352.092,1276.159,-0.755322,21.684967,-4.221967,2.565412,-5.129231,3.392133,-7.512117,0.853939,-1.046612,7.362086,-1.818594,3.185309,1.102171,5.640090,-4.699949,0.642993,-1.729850,4.309165,-3.123590,-0.696461
321,0.642000,7.085941,2374.412,1272.059,-0.503790,21.736122,-4.304570,2.437079,-5.213169,3.453439,-7.440619,0.854342,-1.016636,7.556576,-1.708075,3.233657,1.124426,5.641407,-4.772530,0.543409,-1.665332,4.586378,-3.004632,-0.615511
322,0.644000,7.133563,2371.509,1262.338,-0.252215,21.827675,-4.304373,2.411544,-5.189498,3.570549,-7.423435,0.926697,-0.968372,7.656420,-1.681231,3.301599,1.112598,5.558311,-4.871886,0.493228,-1.595711,4.845904,-2.840879,-0.452971
323,0.646000,7.172597,2352.101,1250.247,-0.037708,21.946499,-4.249143,2.474809,-5.064973,3.736863,-7.455014,1.028056,-0.932566,7.636247,-1.735390,3.372517,1.043231,5.393646,-5.002615,0.457528,-1.545173,5.049529,-2.664474,-0.256424
324,0.648000,7.199479,2326.961,1239.491,0.112763,22.081898,-4.159272,2.599686,-4.860168,3.943672,-7.508793,1.127851,-0.936051,7.496067,-1.858560,3.432882,0.915080,5.162257,-5.164301,0.397303,-1.526626,5.175557,-2.509185,-0.064688
325,0.650000,7.214425,2305.248,1232.970,0.182161,22.208006,-4.061590,2.745106,-4.610681,4.172360,-7.561794,1.214844,-0.990109,7.266955,-2.023776,3.489588,0.763983,4.902935,-5.334736,0.298760,-1.531113,5.227984,-2.389733,0.105969
326,0.652000,7.222699,2292.074,1231.207,0.176581,22.301392,-3.974638,2.868270,-4.364945,4.394957,-7.607899,1.291082,-1.087011,7.006866,-2.196089,3.556899,0.641471,4.666153,-5.484623,0.163287,-1.543620,5.216970,-2.308696,0.254733
327,0.654000,7.232846,2287.629,1231.657,0.143871,22.379215,-3.884947,2.940028,-4.185534,4.563628,-7.673431,1.352160,-1.213306,6.778840,-2.335732,3.656839,0.597984,4.502292,-5.599235,-0.019881,-1.577990,5.128268,-2.280916,0.380742
328,0.656000,7.253134,2287.644,1229.555,0.124141,22.457653,-3.774709,2.952871,-4.115206,4.648890,-7.771203,1.401925,-1.357580,6.614989,-2.424470,3.790897,0.640799,4.438582,-5.678845,-0.248988,-1.642091,4.966707,-2.308341,0.478645
329,0.658000,7.287258,2285.564,1220.378,0.103840,22.504217,-3.651225,2.930284,-4.141230,4.667765,-7.874601,1.449281,-1.523169,6.505552,-2.474964,3.933510,0.732148,4.471912,-5.734282,-0.492791,-1.706185,4.791622,-2.353012,0.549195
330,0.660000,7.331990,2275.952,1202.350,0.066155,22.487785,-3.529242,2.906445,-4.232102,4.627759,-7.968745,1.485311,-1.720397,6.441000,-2.486752,4.077833,0.847281,4.591491,-5.779947,-0.720597,-1.754213,4.647898,-2.384759,0.591738
331,0.662000,7.378094,2257.127,1177.037,0.009216,22.398113,-3.424789,2.898127,-4.357509,4.517674,-8.060475,1.500514,-1.942713,6.420222,-2.450888,4.226501,0.974531,4.777232,-5.819408,-0.898552,-1.783804,4.551235,-2.392101,0.607826
332,0.664000,7.413872,2230.875,1148.232,-0.063505,22.244116,-3.353309,2.901153,-4.486191,4.330956,-8.158934,1.505904,-2.158933,6.435363,-2.369556,4.371408,1.088266,4.980306,-5.848821,-0.981518,-1.785184,4.503237,-2.373965,0.609091
333,0.666000,7.429269,2200.035,1119.981,-0.142040,22.057116,-3.325044,2.897921,-4.595555,4.074514,-8.269973,1.515011,-2.329754,6.480936,-2.253663,4.484201,1.141308,5.134510,-5.860728,-0.932202,-1.742596,4.495762,-2.336045,0.613669
334,0.668000,7.419245,2166.485,1094.916,-0.209809,21.888592,-3.334432,2.879052,-4.674248,3.774064,-8.389732,1.529818,-2.423107,6.566340,-2.115755,4.525608,1.080187,5.184080,-5.857067,-0.756329,-1.647660,4.520479,-2.282713,0.642405
335,0.670000,7.385820,2130.301,1073.501,-0.251319,21.797737,-3.340875,2.868531,-4.712551,3.469798,-8.502604,1.541145,-2.437536,6.687851,-1.976220,4.473719,0.879660,5.104421,-5.858424,-0.511936,-1.515666,4.566043,-2.217211,0.717158
336,0.672000,7.338175,2090.357,1053.891,-0.265568,21.813435,-3.302866,2.898275,-4.709132,3.209242,-8.581377,1.546131,-2.400549,6.812828,-1.866979,4.340402,0.567679,4.919972,-5.875836,-0.266575,-1.387099,4.605682,-2.152186,0.848581
337,0.674000,7.291038,2045.499,1032.022,-0.271230,21.906158,-3.224091,2.959872,-4.701252,3.020595,-8.602869,1.554989,-2.341291,6.902642,-1.816880,4.171154,0.220743,4.696998,-5.889908,-0.057760,-1.301775,4.612038,-2.099008,1.040908
338,0.676000,7.259970,1996.148,1003.182,-0.259337,22.051865,-3.111253,3.033563,-4.738844,2.914045,-8.560501,1.584085,-2.269306,6.938283,-1.845232,4.008652,-0.095131,4.483978,-5.881046,0.101335,-1.286369,4.560486,-2.076312,1.277671
339,0.678000,7.253508,1945.774,965.682,-0.202210,22.249212,-2.953351,3.125669,-4.831452,2.898459,-8.471363,1.638501,-2.181029,6.924946,-1.951073,3.878175,-0.347428,4.293021,-5.848873,0.214363,-1.345698,4.430146,-2.112966,1.519586
340,0.680000,7.267943,1899.738,923.310,-0.114215,22.465899,-2.768783,3.230945,-4.962067,2.960352,-8.382694,1.689946,-2.086411,6.870004,-2.113893,3.792346,-0.517882,4.130039,-5.799170,0.302511,-1.448940,4.238456,-2.196086,1.755279
341,0.682000,7.290219,1861.996,883.198,-0.031533,22.660038,-2.600033,3.319799,-5.117575,3.057307,-8.325194,1.714788,-1.984742,6.785327,-2.318218,3.733428,-0.605366,4.009885,-5.720477,0.395219,-1.561531,4.019849,-2.292630,1.974387
342,0.684000,7.306724,1834.324,851.502,0.025311,22.806185,-2.478099,3.372957,-5.289126,3.129421,-8.292204,1.718191,-1.847037,6.705432,-2.546767,3.666874,-0.625906,3.936916,-5.595203,0.509740,-1.668575,3.806889,-2.376243,2.142741
343,0.686000,7.310853,1817.400,830.939,0.057168,22.886890,-2.423518,3.389239,-5.468727,3.115785,-8.262386,1.728213,-1.639692,6.670077,-2.775199,3.566987,-0.600517,3.899769,-5.410613,0.652861,-1.760230,3.635705,-2.419116,2.234323
344,0.688000,7.305779,1812.258,820.952,0.086362,22.902767,-2.443097,3.383698,-5.641706,2.988195,-8.219233,1.784398,-1.345372,6.702830,-2.977862,3.427122,-0.550056,3.876675,-5.178958,0.815869,-1.824180,3.533121,-2.406120,2.246567
345,0.690000,7.302921,1819.940,818.277,0.127616,22.858097,-2.541311,3.365028,-5.800946,2.756887,-8.174246,1.896075,-0.984363,6.802634,-3.136565,3.259012,-0.489520,3.848792,-4.941980,0.976813,-1.841420,3.513039,-2.338538,2.210878
346,0.692000,7.314811,1839.332,817.649,0.187621,22.770927,-2.709221,3.331677,-5.951448,2.464663,-8.154951,2.029372,-0.609166,6.953746,-3.239362,3.088343,-0.424639,3.807447,-4.750312,1.105743,-1.804597,3.562861,-2.245356,2.164838
347,0.694000,7.346762,1865.600,814.587,0.268548,22.672867,-2.920803,3.284182,-6.093596,2.175464,-8.180372,2.126828,-0.294290,7.114763,-3.297521,2.933055,-0.369783,3.737488,-4.648041,1.175600,-1.720840,3.654352,-2.174611,2.117310
348,0.696000,7.393119,1892.104,808.313,0.368904,22.600821,-3.133863,3.235868,-6.214484,1.945477,-8.252478,2.144763,-0.098654,7.237030,-3.333033,2.806553,-0.335261,3.630934,-4.657371,1.168464,-1.615054,3.754635,-2.172356,2.045420
349,0.698000,7.440511,1913.864,801.589,0.477447,22.582403,-3.297002,3.215412,-6.286160,1.811336,-8.350146,2.084608,-0.031363,7.298401,-3.352862,2.726352,-0.311627,3.504474,-4.768645,1.089348,-1.518795,3.835958,-2.266428,1.920481
350,0.700000,7.475150,1929.009,798.251,0.555019,22.596502,-3.394587,3.222360,-6.306306,1.762758,-8.464310,1.959498,-0.079419,7.293277,-3.359564,2.688504,-0.296267,3.374125,-4.956813,0.961399,-1.458341,3.883893,-2.457318,1.741769
351,0.702000,7.488959,1938.073,800.779,0.559882,22.596573,-3.444777,3.229373,-6.295636,1.765634,-8.596206,1.782692,-0.217635,7.232473,-3.349166,2.673785,-0.299060,3.242475,-5.190681,0.815676,-1.440500,3.901693,-2.716995,1.545405
352,0.704000,7.482206,1942.514,809.077,0.484318,22.561760,-3.464222,3.219835,-6.270123,1.800591,-8.729151,1.581715,-0.399839,7.149660,-3.303775,2.668045,-0.324953,3.112838,-5.431277,0.683692,-1.445774,3.903288,-3.001263,1.374003
353,0.706000,7.463217,1943.813,820.281,0.349803,22.492426,-3.466880,3.186191,-6.251451,1.848120,-8.843171,1.388493,-0.572640,7.080734,-3.216718,2.654545,-0.371482,2.990482,-5.644743,0.583839,-1.445572,3.898331,-3.263730,1.252632
354,0.708000,7.445968,1943.233,829.204,0.204987,22.409054,-3.458855,3.126331,-6.263062,1.888208,-8.916703,1.238590,-0.681803,7.062239,-3.091882,2.627414,-0.415831,2.892346,-5.805644,0.523679,-1.421017,3.883399,-3.471363,1.179811
355,0.710000,7.444322,1941.693,830.425,0.119268,22.356407,-3.423941,3.056983,-6.300803,1.924740,-8.918823,1.173241,-0.680954,7.134283,-2.931181,2.605926,-0.416316,2.851178,-5.895610,0.504485,-1.375150,3.844414,-3.614860,1.130493
356,0.712000,7.464028,1939.995,821.637,0.123633,22.342133,-3.367261,2.973398,-6.367623,1.950746,-8.854847,1.193130,-0.583918,7.298954,-2.756220,2.611487,-0.346476,2.895731,-5.913454,0.513811,-1.329843,3.780005,-3.690566,1.084895
357,0.714000,7.499234,1938.612,805.359,0.188443,22.324707,-3.316854,2.857136,-6.477155,1.944981,-8.766409,1.259255,-0.457923,7.515454,-2.604797,2.652325,-0.212728,3.037147,-5.871476,0.533410,-1.302487,3.712322,-3.691396,1.040592
358,0.716000,7.536160,1937.563,787.317,0.262180,22.270704,-3.277758,2.723945,-6.623101,1.901273,-8.691135,1.336205,-0.366399,7.735450,-2.502030,2.727099,-0.045291,3.265111,-5.785133,0.555663,-1.290168,3.672106,-3.618017,0.998130
359,0.718000,7.560456,1936.678,773.249,0.302285,22.179649,-3.228670,2.618415,-6.780128,1.834672,-8.637556,1.416279,-0.335928,7.919302,-2.455184,2.822180,0.114200,3.547205,-5.675365,0.581601,-1.279536,3.681879,-3.479465,0.961322
360,0.720000,7.562461,1935.823,766.763,0.274486,22.062901,-3.153176,2.572000,-6.928596,1.760868,-8.599368,1.503834,-0.366742,8.034460,-2.469065,2.908390,0.218905,3.833308,-5.572059,0.609820,-1.265128,3.747805,-3.286339,0.942033
361,0.722000,7.539246,1935.024,768.757,0.176208,21.952053,-3.035120,2.601550,-7.041581,1.701998,-8.557178,1.614440,-0.434213,8.069136,-2.541884,2.959288,0.228939,4.069634,-5.503444,0.643119,-1.253602,3.854847,-3.053156,0.951656
362,0.724000,7.495259,1934.468,777.588,0.045183,21.895927,-2.866731,2.706434,-7.080198,1.693373,-8.484481,1.763387,-0.505556,8.030385,-2.660714,2.960759,0.114455,4.208259,-5.484085,0.702689,-1.248656,3.973341,-2.801789,0.990610
363,0.726000,7.440934,1934.498,789.804,-0.067458,21.930912,-2.677424,2.844003,-7.026255,1.764903,-8.363089,1.951708,-0.553508,7.942305,-2.786727,2.927378,-0.124488,4.226016,-5.510963,0.819992,-1.240033,4.076041,-2.559111,1.046840
364,0.728000,7.389102,1936.077,801.996,-0.131931,22.054668,-2.538674,2.938194,-6.899086,1.920428,-8.204136,2.144018,-0.570497,7.839013,-2.870494,2.881457,-0.455803,4.143994,-5.562268,1.003287,-1.209908,4.165802,-2.341742,1.093018
365,0.730000,7.350909,1941.039,813.467,-0.123870,22.254576,-2.515811,2.935636,-6.726944,2.142344,-8.043566,2.277237,-0.566762,7.760469,-2.863435,2.837498,-0.829004,4.016955,-5.614179,1.209744,-1.156162,4.258209,-2.167133,1.090535
366,0.732000,7.332700,1951.744,827.408,-0.011006,22.524147,-2.638055,2.837050,-6.521298,2.412359,-7.911340,2.298831,-0.563777,7.735162,-2.734587,2.796918,-1.193380,3.906519,-5.643267,1.375560,-1.084659,4.368556,-2.052560,1.013626
367,0.734000,7.335003,1970.429,849.281,0.219045,22.848341,-2.881764,2.688529,-6.303769,2.697290,-7.807501,2.219398,-0.569690,7.768978,-2.480741,2.764928,-1.499530,3.848304,-5.630318,1.458080,-0.996489,4.496737,-2.016253,0.867108
368,0.736000,7.354647,1998.169,883.156,0.537017,23.186104,-3.187126,2.554560,-6.107763,2.962050,-7.705812,2.108725,-0.563292,7.847992,-2.146123,2.735822,-1.707607,3.852920,-5.552392,1.455015,-0.886200,4.639934,-2.055358,0.685407
369,0.738000,7.387972,2034.176,928.365,0.905051,23.488972,-3.505131,2.471287,-5.961864,3.191136,-7.586037,2.035811,-0.512970,7.957523,-1.793196,2.703009,-1.787877,3.918957,-5.397367,1.386519,-0.745423,4.804199,-2.142996,0.511107
370,0.740000,7.432248,2075.185,979.225,1.294242,23.715477,-3.816305,2.438203,-5.878216,3.385312,-7.440728,2.045828,-0.407969,8.078535,-1.471206,2.671722,-1.730049,4.034710,-5.184834,1.272997,-0.569791,4.990222,-2.241917,0.376774
371,0.742000,7.484524,2115.770,1027.880,1.678634,23.837040,-4.116116,2.439040,-5.854140,3.536752,-7.288835,2.147543,-0.269797,8.184106,-1.213462,2.656170,-1.549325,4.179267,-4.964573,1.127742,-0.365001,5.193496,-2.309059,0.303680
372,0.744000,7.539620,2149.922,1068.188,2.029739,23.841434,-4.393645,2.462430,-5.873760,3.630692,-7.157311,2.321915,-0.131991,8.252121,-1.040318,2.670458,-1.280278,4.325361,-4.788510,0.972148,-0.145489,5.411725,-2.311526,0.292627
373,0.746000,7.590101,2173.025,1097.726,2.324677,23.736349,-4.630096,2.504777,-5.914124,3.653761,-7.067712,2.532656,-0.022007,8.267590,-0.964862,2.721611,-0.954766,4.453649,-4.692914,0.837877,0.071634,5.646707,-2.237812,0.323229
374,0.748000,7.628316,2182.818,1116.952,2.545129,23.542625,-4.807439,2.559202,-5.961153,3.598339,-7.026153,2.741395,0.046391,8.220522,-0.984836,2.810732,-0.592473,4.561033,-4.690104,0.750916,0.265507,5.886041,-2.105493,0.360509
375,0.750000,7.648580,2179.009,1127.518,2.677059,23.292191,-4.916400,2.614941,-6.013757,3.465131,-7.029390,2.915696,0.069551,8.104590,-1.084250,2.932627,-0.205232,4.654407,-4.762311,0.724344,0.419556,6.098281,-1.954570,0.369092
376,0.752000,7.648693,2162.812,1130.863,2.712967,23.024166,-4.956871,2.659582,-6.081342,3.261925,-7.072231,3.030478,0.046777,7.925077,-1.236330,3.080030,0.194817,4.737931,-4.866682,0.758701,0.526313,6.246447,-1.828618,0.328709
377,0.754000,7.631138,2136.903,1127.722,2.653306,22.771229,-4.939376,2.679027,-6.174130,3.006853,-7.143471,3.077297,-0.011093,7.712752,-1.406703,3.248769,0.588911,4.809736,-4.956269,0.843099,0.582730,6.302534,-1.766934,0.235624
378,0.756000,7.603355,2106.053,1118.535,2.509303,22.550947,-4.882387,2.662199,-6.288252,2.733210,-7.221074,3.071421,-0.079253,7.517672,-1.562711,3.433806,0.945528,4.864881,-5.002060,0.957742,0.590770,6.269272,-1.789179,0.099531
379,0.758000,7.576547,2077.911,1104.810,2.319096,22.382736,-4.803435,2.611595,-6.386593,2.494995,-7.276749,3.046163,-0.121270,7.401953,-1.674891,3.619138,1.220242,4.899517,-5.005517,1.065967,0.545386,6.175951,-1.894880,-0.072076
380,0.760000,7.561817,2061.821,1090.992,2.142902,22.290684,-4.726825,2.539228,-6.401438,2.355737,-7.298349,3.027371,-0.100305,7.433026,-1.709943,3.783257,1.380500,4.928925,-4.978133,1.126360,0.439068,6.064548,-2.068115,-0.283343
381,0.762000,7.565517,2064.438,1083.769,2.032126,22.288309,-4.674622,2.457691,-6.280037,2.337160,-7.323579,2.997359,-0.033742,7.604152,-1.690984,3.870898,1.384728,4.951208,-4.949693,1.103329,0.274495,5.979514,-2.266510,-0.507153
382,0.764000,7.586759,2085.471,1088.052,2.007640,22.386175,-4.616259,2.409962,-6.007508,2.412971,-7.394868,2.941128,0.019214,7.821955,-1.684847,3.837630,1.200073,4.929090,-4.966641,0.984688,0.071164,5.941792,-2.445026,-0.684937
383,0.766000,7.618985,2117.476,1103.925,2.031027,22.542688,-4.534543,2.418343,-5.630539,2.522443,-7.529022,2.882510,0.029191,8.006865,-1.709830,3.731919,0.883344,4.869446,-5.030547,0.808451,-0.127980,5.945328,-2.579843,-0.775636
384,0.768000,7.653940,2149.654,1127.596,2.077882,22.729198,-4.417594,2.490154,-5.212054,2.616603,-7.723298,2.839230,-0.011065,8.114319,-1.765411,3.619143,0.523927,4.793620,-5.141463,0.597918,-0.304871,5.956366,-2.654133,-0.747521
385,0.770000,7.685312,2172.034,1153.856,2.132345,22.909229,-4.289083,2.599374,-4.822103,2.679329,-7.939981,2.832087,-0.066216,8.172008,-1.812493,3.577545,0.233803,4.733612,-5.310177,0.347875,-0.489352,5.897779,-2.697882,-0.626724
386,0.772000,7.710092,2178.232,1177.064,2.203433,23.065018,-4.172983,2.719710,-4.517184,2.713798,-8.130770,2.851497,-0.130114,8.189396,-1.848307,3.626256,0.080644,4.709080,-5.533457,0.086015,-0.671442,5.750699,-2.721024,-0.450025
387,0.774000,7.727738,2166.349,1191.822,2.295009,23.182289,-4.092492,2.821765,-4.332557,2.737760,-8.242314,2.882103,-0.212209,8.157928,-1.892567,3.728446,0.059670,4.716330,-5.787983,-0.130156,-0.800272,5.555938,-2.721458,-0.268115
388,0.776000,7.738239,2139.346,1194.160,2.402893,23.256248,-4.069117,2.860575,-4.292489,2.760488,-8.247047,2.923254,-0.295848,8.088789,-1.945600,3.838161,0.118199,4.737952,-6.044483,-0.260683,-0.839824,5.356914,-2.708143,-0.123039
389,0.778000,7.740714,2104.123,1182.846,2.516525,23.290356,-4.117504,2.801786,-4.390842,2.787393,-8.154322,2.979374,-0.348742,8.011549,-1.994318,3.920475,0.195290,4.756911,-6.270832,-0.291707,-0.787624,5.174903,-2.700271,-0.029632
390,0.780000,7.733166,2069.433,1160.319,2.618898,23.289181,-4.237591,2.653384,-4.580016,2.828956,-7.998432,3.038149,-0.360895,7.957090,-2.023415,3.962735,0.260317,4.764382,-6.439004,-0.226214,-0.665039,5.017145,-2.712769,0.016830
391,0.782000,7.713952,2043.533,1132.462,2.697612,23.259613,-4.410985,2.456286,-4.800566,2.893384,-7.823249,3.071477,-0.349492,7.944805,-2.020743,3.970731,0.324139,4.770290,-6.525496,-0.074957,-0.506302,4.887261,-2.749148,0.025547
392,0.784000,7.684081,2032.385,1107.154,2.756958,23.214739,-4.609295,2.242787,-5.027603,2.964003,-7.677619,3.058232,-0.335537,7.969814,-1.996597,3.938367,0.410253,4.804553,-6.504006,0.156537,-0.337381,4.793004,-2.810024,-0.006570
393,0.786000,7.648668,2039.096,1092.019,2.818433,23.172729,-4.805619,2.019800,-5.269893,3.008698,-7.605766,3.000002,-0.321866,8.010481,-1.976067,3.843620,0.525443,4.902692,-6.343815,0.472694,-0.164371,4.747526,-2.894801,-0.087986
394,0.788000,7.617512,2063.847,1092.071,2.892160,23.127729,-4.989445,1.788358,-5.527797,3.016243,-7.630241,2.923386,-0.285992,8.044912,-1.973221,3.679661,0.659587,5.084597,-6.038937,0.853872,0.008940,4.765614,-2.991000,-0.214025
395,0.790000,7.602856,2103.584,1107.470,2.980141,23.067596,-5.154109,1.568893,-5.774574,3.002362,-7.744791,2.867175,-0.188414,8.065313,-1.982334,3.476446,0.796140,5.337858,-5.619580,1.253720,0.171608,4.848145,-3.073969,-0.356513
396,0.792000,7.614100,2152.012,1132.747,3.079825,22.996334,-5.285960,1.390361,-5.980964,2.986584,-7.917704,2.869666,0.009130,8.080004,-1.989533,3.288363,0.920962,5.618715,-5.145942,1.622293,0.313326,4.973181,-3.127916,-0.481280
397,0.794000,7.652110,2201.494,1159.858,3.188507,22.937943,-5.368792,1.272637,-6.129802,2.980858,-8.112160,2.937280,0.302565,8.086714,-1.999783,3.151195,1.018027,5.869480,-4.696467,1.908993,0.419329,5.108568,-3.153910,-0.570161
398,0.796000,7.707801,2246.124,1182.541,3.296630,22.909954,-5.407742,1.216200,-6.215991,2.994515,-8.292197,3.050211,0.642629,8.066705,-2.034177,3.073017,1.077563,6.044896,-4.339819,2.070153,0.464088,5.222723,-3.168958,-0.638334
399,0.798000,7.766677,2283.074,1198.125,3.393758,22.915531,-5.429423,1.207826,-6.245976,3.027939,-8.437543,3.171706,0.961687,8.004335,-2.104369,3.051840,1.106647,6.123941,-4.110124,2.094481,0.431275,5.295507,-3.185580,-0.709542
400,0.800000,7.815741,2310.877,1206.283,3.486042,22.966156,-5.449686,1.241536,-6.231818,3.077484,-8.537840,3.276223,1.214463,7.914656,-2.189337,3.089252,1.125938,6.108704,-4.008870,2.003140,0.320720,5.313362,-3.211125,-0.802374
401,0.802000,7.847519,2327.390,1207.165,3.593184,23.078716,-5.465707,1.312929,-6.196643,3.135387,-8.597727,3.343773,1.366940,7.806974,-2.274049,3.163797,1.134659,5.998982,-4.025672,1.826374,0.142395,5.276682,-3.240704,-0.915534
402,0.804000,7.861166,2329.133,1200.342,3.727304,23.252121,-5.468799,1.410879,-6.172735,3.203729,-8.617830,3.378479,1.416905,7.695469,-2.340767,3.262572,1.136723,5.811984,-4.124958,1.606862,-0.083111,5.197683,-3.275206,-1.049291
403,0.806000,7.862008,2311.809,1184.745,3.890359,23.463951,-5.454123,1.520239,-6.195937,3.290874,-8.588521,3.400448,1.384336,7.600908,-2.373027,3.382584,1.148720,5.580286,-4.259607,1.394760,-0.329496,5.087447,-3.320815,-1.197621
404,0.808000,7.859628,2273.169,1159.165,4.088977,23.693497,-5.411832,1.637512,-6.290750,3.396545,-8.495150,3.430621,1.294069,7.538805,-2.374361,3.505167,1.173395,5.330769,-4.397026,1.231401,-0.566822,4.960542,-3.372734,-1.336977
405,0.810000,7.864550,2216.577,1123.896,4.315917,23.912956,-5.338898,1.759397,-6.463241,3.505539,-8.326240,3.493436,1.185555,7.530512,-2.345335,3.616755,1.206431,5.093608,-4.514619,1.143333,-0.764686,4.836508,-3.420722,-1.447071
406,0.812000,7.883882,2152.797,1083.329,4.552569,24.096252,-5.240755,1.880541,-6.689273,3.595857,-8.093547,3.598875,1.093856,7.589545,-2.281940,3.713574,1.236002,4.889561,-4.605099,1.131266,-0.903444,4.726264,-3.460921,-1.516489
407,0.814000,7.917808,2097.214,1047.505,4.777468,24.217148,-5.148711,1.988235,-6.912421,3.652219,-7.838207,3.731441,1.035261,7.713590,-2.185046,3.794080,1.251069,4.722518,-4.674433,1.175314,-0.974938,4.625563,-3.496780,-1.538565
408,0.816000,7.960024,2063.153,1028.599,4.977342,24.259552,-5.106964,2.073876,-7.055146,3.672006,-7.614915,3.860799,1.016052,7.887848,-2.071269,3.851142,1.255209,4.588582,-4.733112,1.245731,-0.981489,4.520630,-3.535653,-1.509280
409,0.818000,8.001542,2056.827,1033.854,5.140385,24.223698,-5.146554,2.136034,-7.056005,3.663409,-7.464783,3.962829,1.042946,8.094365,-1.967355,3.878270,1.268934,4.487568,-4.789150,1.314349,-0.935065,4.398380,-3.587718,-1.441693
410,0.820000,8.035098,2076.783,1061.506,5.244985,24.115417,-5.274445,2.173346,-6.900629,3.633515,-7.406670,4.025959,1.114340,8.312906,-1.899194,3.872598,1.312065,4.422322,-4.847322,1.362698,-0.850948,4.258764,-3.652617,-1.358134
411,0.822000,8.057304,2116.087,1102.738,5.278408,23.949606,-5.479554,2.176006,-6.621225,3.590580,-7.429973,4.059756,1.224348,8.531189,-1.873469,3.841283,1.389093,4.393375,-4.907964,1.389730,-0.744022,4.110460,-3.714316,-1.271154
412,0.824000,8.068245,2164.858,1146.402,5.242941,23.746683,-5.742344,2.122889,-6.287381,3.546920,-7.493384,4.095905,1.363753,8.740952,-1.877476,3.803295,1.486769,4.397282,-4.969566,1.405081,-0.632321,3.953761,-3.758015,-1.183412
413,0.826000,8.070280,2212.117,1182.920,5.159995,23.536163,-6.031094,1.999291,-5.983253,3.506990,-7.553588,4.166098,1.521284,8.928474,-1.899436,3.771786,1.574680,4.425009,-5.030702,1.424861,-0.515594,3.796430,-3.775507,-1.092486
414,0.828000,8.066644,2247.936,1206.235,5.077342,23.371109,-6.287075,1.830336,-5.763591,3.473434,-7.588940,4.273994,1.671849,9.060707,-1.944766,3.743078,1.613183,4.465518,-5.084991,1.472840,-0.365174,3.672842,-3.754891,-0.988942
415,0.830000,8.059824,2265.794,1214.172,5.047473,23.308523,-6.441657,1.677780,-5.627800,3.463066,-7.591260,4.395144,1.777164,9.093918,-2.025919,3.710202,1.567799,4.496910,-5.131144,1.562125,-0.160104,3.614961,-3.691911,-0.868996
416,0.832000,8.050740,2264.259,1208.074,5.078052,23.350428,-6.477519,1.579629,-5.553013,3.494014,-7.547751,4.509119,1.819760,9.017262,-2.133543,3.685273,1.433065,4.496080,-5.170485,1.686889,0.076231,3.617187,-3.603748,-0.744232
417,0.834000,8.039387,2247.169,1192.308,5.131299,23.440334,-6.445649,1.517168,-5.525714,3.574322,-7.435965,4.618394,1.826369,8.878860,-2.224595,3.707191,1.252774,4.471417,-5.188080,1.834311,0.282716,3.636212,-3.528874,-0.643666
418,0.836000,8.026277,2221.950,1173.526,5.166012,23.518938,-6.413951,1.447259,-5.545881,3.688396,-7.259119,4.714908,1.822996,8.730777,-2.271246,3.793261,1.079620,4.452179,-5.154631,1.999607,0.412639,3.646975,-3.469722,-0.563214
419,0.838000,8.013704,2197.796,1159.411,5.167120,23.566158,-6.414909,1.352449,-5.609788,3.803134,-7.060349,4.772218,1.813522,8.599627,-2.272083,3.932931,0.953412,4.472372,-5.041354,2.186507,0.460529,3.657558,-3.400982,-0.484312
420,0.840000,8.005840,2183.521,1156.546,5.145288,23.592651,-6.446088,1.246819,-5.695248,3.898565,-6.880993,4.780121,1.803004,8.499714,-2.236331,4.090804,0.880743,4.537487,-4.854187,2.374237,0.431160,3.676271,-3.307762,-0.399536
421,0.842000,8.006861,2185.149,1167.761,5.132715,23.626118,-6.481001,1.161940,-5.775601,3.966943,-6.740264,4.749926,1.801942,8.435293,-2.181849,4.218906,0.842244,4.620991,-4.634682,2.514051,0.324822,3.696615,-3.200406,-0.312026
422,0.844000,8.018913,2203.381,1190.597,5.164245,23.687609,-6.493717,1.127720,-5.837028,4.002421,-6.646952,4.690015,1.809055,8.395754,-2.138972,4.265675,0.797686,4.676930,-4.438684,2.556315,0.152116,3.719798,-3.091645,-0.212164
423,0.846000,8.040615,2233.394,1218.767,5.249168,23.758972,-6.493354,1.147987,-5.878371,4.006914,-6.596030,4.607099,1.825626,8.380070,-2.118645,4.212799,0.727061,4.689275,-4.282945,2.495485,-0.042686,3.773838,-2.983811,-0.094101
424,0.848000,8.067692,2266.484,1245.649,5.373617,23.813286,-6.493636,1.213761,-5.905641,3.988693,-6.572415,4.500232,1.845475,8.388687,-2.109605,4.080406,0.631356,4.661810,-4.160186,2.354693,-0.218295,3.878175,-2.878287,0.039862
425,0.850000,8.095346,2292.433,1266.958,5.508594,23.843327,-6.495476,1.306726,-5.929468,3.956983,-6.564335,4.358938,1.848569,8.409870,-2.094105,3.909984,0.526231,4.611410,-4.055670,2.179003,-0.345639,4.033521,-2.776002,0.178497
426,0.852000,8.120267,2301.876,1281.019,5.630050,23.868336,-6.485645,1.414676,-5.948854,3.934686,-6.551619,4.188211,1.826832,8.435030,-2.049953,3.747077,0.427471,4.555133,-3.964733,2.010945,-0.418288,4.210679,-2.694411,0.294994
427,0.854000,8.141783,2288.347,1287.136,5.730653,23.910866,-6.461570,1.525259,-5.965310,3.938348,-6.525180,4.003881,1.789237,8.463762,-1.955473,3.630921,0.349110,4.518205,-3.883304,1.886153,-0.433623,4.374127,-2.658865,0.362376
428,0.856000,8.162197,2249.267,1283.886,5.817034,23.984997,-6.430260,1.625015,-5.989613,3.970027,-6.494421,3.821970,1.752015,8.494148,-1.804159,3.578464,0.293633,4.524305,-3.806846,1.826236,-0.396324,4.492435,-2.683360,0.372212
429,0.858000,8.185215,2187.314,1269.211,5.888135,24.082878,-6.403899,1.699858,-6.032906,4.029677,-6.468473,3.665484,1.737149,8.524408,-1.611482,3.584766,0.254173,4.584311,-3.733509,1.835500,-0.325774,4.547935,-2.756832,0.336657
430,0.860000,8.213288,2111.224,1242.286,5.923108,24.166615,-6.409450,1.716261,-6.116302,4.103855,-6.460848,3.549829,1.753927,8.552125,-1.409172,3.632232,0.223634,4.693748,-3.658293,1.904835,-0.246490,4.553364,-2.834785,0.294556
431,0.862000,8.245778,2033.724,1205.876,5.916175,24.217487,-6.451622,1.656755,-6.240700,4.193186,-6.462762,3.496073,1.808673,8.589308,-1.219578,3.702136,0.197011,4.832127,-3.582502,2.001405,-0.192674,4.530130,-2.883601,0.270265
432,0.864000,8.279437,1966.909,1167.019,5.874184,24.227482,-6.524752,1.514338,-6.396277,4.299388,-6.458261,3.510093,1.894962,8.648062,-1.046803,3.778032,0.174255,4.974204,-3.514396,2.080251,-0.188568,4.504921,-2.891692,0.267700
433,0.866000,8.310668,1918.318,1134.956,5.814376,24.190149,-6.623426,1.292704,-6.561519,4.418623,-6.439578,3.575610,1.995292,8.731379,-0.881435,3.847174,0.159443,5.103292,-3.460022,2.109579,-0.237096,4.504515,-2.864515,0.283463
434,0.868000,8.337517,1889.583,1117.701,5.768175,24.105965,-6.743938,1.008341,-6.703280,4.543473,-6.403840,3.674703,2.094959,8.820261,-0.731881,3.898519,0.169659,5.224838,-3.412447,2.081853,-0.332480,4.529670,-2.829695,0.310150
435,0.870000,8.360379,1877.030,1118.898,5.773535,23.990883,-6.874477,0.700644,-6.785286,4.663839,-6.357527,3.795456,2.186550,8.881340,-0.636983,3.926604,0.227420,5.355341,-3.357864,2.016252,-0.467983,4.552555,-2.828894,0.334311
436,0.872000,8.381152,1873.942,1136.490,5.854699,23.867426,-6.996380,0.428204,-6.780931,4.775778,-6.308739,3.931207,2.268041,8.891020,-0.641995,3.935057,0.342545,5.496608,-3.291878,1.943141,-0.643710,4.537842,-2.887404,0.347774
437,0.874000,8.401346,1873.545,1163.743,6.001086,23.750067,-7.085000,0.254944,-6.682993,4.885393,-6.259311,4.074480,2.327350,8.843637,-0.767187,3.935789,0.504519,5.635178,-3.221560,1.892743,-0.859371,4.471534,-2.994716,0.356016
438,0.876000,8.420215,1871.552,1191.997,6.170029,23.640507,-7.117325,0.222671,-6.505792,5.001647,-6.199362,4.220473,2.348604,8.751573,-0.992516,3.942418,0.694101,5.759869,-3.160735,1.876158,-1.114612,4.350852,-3.130234,0.362329
439,0.878000,8.434530,1867.099,1213.882,6.305638,23.529850,-7.088537,0.331420,-6.287851,5.114839,-6.123160,4.362226,2.322245,8.637832,-1.278171,3.957582,0.890785,5.866859,-3.124953,1.888464,-1.397028,4.180520,-3.278314,0.371168
440,0.880000,8.439517,1861.994,1225.342,6.356319,23.399200,-7.021962,0.532990,-6.088274,5.189413,-6.035619,4.491074,2.256257,8.532549,-1.578854,3.977290,1.080507,5.956107,-3.118616,1.931387,-1.667247,3.983735,-3.416806,0.406853
441,0.882000,8.430811,1858.594,1225.802,6.325731,23.278303,-6.917596,0.777482,-5.953694,5.190246,-5.942145,4.603722,2.174459,8.457333,-1.866511,3.981900,1.234871,6.005964,-3.151052,2.002273,-1.884522,3.784229,-3.543149,0.472775
442,0.884000,8.406521,1857.880,1217.115,6.246648,23.207886,-6.778224,1.012720,-5.916072,5.096571,-5.852690,4.692369,2.096234,8.414806,-2.128844,3.953473,1.320395,5.989229,-3.225304,2.103571,-2.007709,3.615811,-3.656841,0.564095
443,0.886000,8.368951,1857.870,1202.311,6.146646,23.200432,-6.621191,1.210390,-5.962687,4.930073,-5.770720,4.737350,2.016599,8.381002,-2.357512,3.904363,1.337825,5.910810,-3.327566,2.233388,-2.015495,3.500931,-3.762711,0.667672
444,0.888000,8.325301,1853.104,1184.417,6.044433,23.247509,-6.470416,1.369202,-6.049129,4.743389,-5.692325,4.717813,1.914804,8.322953,-2.538059,3.873038,1.320440,5.807134,-3.437029,2.373102,-1.923272,3.435827,-3.873505,0.760027
445,0.890000,8.287357,1835.803,1165.405,5.961242,23.339943,-6.347367,1.487510,-6.137008,4.592536,-5.597002,4.644552,1.789805,8.229582,-2.647748,3.893990,1.299605,5.712707,-3.539704,2.498055,-1.764079,3.419271,-3.977765,0.831471
446,0.892000,8.269505,1798.989,1145.013,5.929831,23.483448,-6.250845,1.556407,-6.200187,4.531736,-5.436060,4.574087,1.675369,8.122682,-2.656278,3.991323,1.304361,5.654340,-3.620516,2.592952,-1.569314,3.462034,-4.037695,0.890014
447,0.894000,8.283991,1741.223,1120.348,5.973670,23.682842,-6.160689,1.558740,-6.240418,4.577703,-5.185153,4.561022,1.608851,8.034080,-2.554301,4.157552,1.346729,5.641939,-3.673169,2.639198,-1.382728,3.552110,-4.027770,0.946440
448,0.896000,8.335163,1669.126,1088.137,6.064860,23.896109,-6.082485,1.454777,-6.303337,4.685997,-4.892874,4.605227,1.593431,7.980405,-2.372955,4.349561,1.420684,5.675785,-3.694943,2.624574,-1.247654,3.659596,-3.939226,1.015952
449,0.898000,8.417504,1593.323,1048.082,6.157985,24.089237,-6.000408,1.255446,-6.408110,4.819179,-4.619616,4.687247,1.619314,7.976091,-2.150632,4.527853,1.515937,5.741389,-3.694503,2.547712,-1.191850,3.745780,-3.801851,1.085443
450,0.900000,8.519467,1521.984,1003.193,6.208068,24.246367,-5.893039,1.016402,-6.538572,4.970934,-4.396532,4.793024,1.682554,8.040952,-1.905699,4.682849,1.636586,5.827766,-3.676560,2.425244,-1.209047,3.797100,-3.657806,1.125803
451,0.902000,8.629082,1458.626,957.695,6.184785,24.354897,-5.770435,0.787139,-6.673206,5.144192,-4.232038,4.899985,1.771235,8.179213,-1.650829,4.807173,1.781444,5.928464,-3.630902,2.284554,-1.271279,3.828104,-3.524053,1.131216
452,0.904000,8.737029,1403.983,915.487,6.085393,24.406235,-5.661994,0.596494,-6.804348,5.328773,-4.113358,4.995735,1.873338,8.380310,-1.394199,4.885925,1.927189,6.030930,-3.540231,2.154448,-1.350527,3.853300,-3.401143,1.103614
453,0.906000,8.836974,1358.213,879.788,5.939378,24.405291,-5.589459,0.461913,-6.933377,5.499480,-4.016966,5.094868,1.986226,8.626738,-1.140574,4.902569,2.031682,6.116384,-3.395624,2.054558,-1.427611,3.875308,-3.288166,1.033011
454,0.908000,8.924466,1322.018,853.194,5.780442,24.353830,-5.570577,0.380762,-7.068897,5.618195,-3.937665,5.217952,2.110548,8.895925,-0.897944,4.851013,2.058577,6.175676,-3.200506,1.992565,-1.482713,3.899914,-3.181943,0.906330
455,0.910000,8.996148,1296.604,837.732,5.646982,24.271215,-5.594279,0.360272,-7.187995,5.670626,-3.886725,5.376595,2.251209,9.161749,-0.685509,4.741956,1.992317,6.202568,-2.989088,1.949419,-1.513469,3.918723,-3.096668,0.706985
456,0.912000,9.050192,1283.205,834.855,5.587150,24.201096,-5.625484,0.425431,-7.234494,5.673165,-3.888577,5.570400,2.420223,9.398335,-0.531186,4.615032,1.857872,6.192267,-2.810132,1.915576,-1.517723,3.920695,-3.047469,0.441889
457,0.914000,9.086916,1282.441,845.002,5.643674,24.188732,-5.636952,0.580006,-7.170099,5.645103,-3.977535,5.773446,2.616294,9.579014,-0.463168,4.522630,1.720377,6.155378,-2.694840,1.912223,-1.471152,3.926926,-3.017934,0.157934
458,0.916000,9.109166,1293.799,867.083,5.830918,24.258015,-5.628958,0.783610,-7.005143,5.604198,-4.171243,5.941091,2.804818,9.673510,-0.510894,4.487693,1.628649,6.092727,-2.676010,1.939000,-1.366302,3.974212,-2.977921,-0.085592
459,0.918000,9.122332,1315.176,898.093,6.128806,24.392975,-5.637983,0.961984,-6.782196,5.580820,-4.428752,6.061295,2.953060,9.667961,-0.679464,4.512641,1.599865,5.991046,-2.783130,1.952031,-1.241473,4.075235,-2.900573,-0.228002
460,0.920000,9.132914,1342.645,933.232,6.508942,24.568861,-5.710110,1.037335,-6.559216,5.604519,-4.670363,6.158411,3.037134,9.559162,-0.946761,4.599931,1.647603,5.869489,-2.993645,1.911789,-1.153157,4.213521,-2.766974,-0.210628
461,0.922000,9.146085,1371.027,966.907,6.941567,24.775385,-5.849888,0.985283,-6.371152,5.685154,-4.835754,6.250182,3.040021,9.354757,-1.280234,4.730486,1.766632,5.761894,-3.245747,1.814019,-1.125624,4.366657,-2.585407,-0.018026
462,0.924000,9.163621,1395.682,994.375,7.367175,24.987930,-6.030176,0.843375,-6.221058,5.802555,-4.922165,6.325730,2.960609,9.090324,-1.638009,4.873789,1.924761,5.679785,-3.492996,1.679260,-1.135277,4.535786,-2.380969,0.317495
463,0.926000,9.183136,1414.374,1013.055,7.703224,25.157024,-6.225273,0.667899,-6.094151,5.928302,-4.949604,6.375017,2.832266,8.834105,-1.956206,5.029144,2.094994,5.621528,-3.720177,1.523694,-1.155400,4.717194,-2.201835,0.712632
464,0.928000,9.199224,1427.743,1022.733,7.914781,25.278812,-6.391872,0.516492,-5.967317,6.049734,-4.929401,6.397700,2.687934,8.624546,-2.204254,5.194839,2.249963,5.587160,-3.926173,1.360010,-1.172510,4.895430,-2.086111,1.095533
465,0.930000,9.206153,1438.197,1024.857,8.009453,25.369267,-6.504854,0.410965,-5.840664,6.161624,-4.858125,6.409298,2.560564,8.470490,-2.382855,5.363935,2.371036,5.597095,-4.100569,1.206715,-1.187005,5.029707,-2.059676,1.427888
466,0.932000,9.200584,1448.037,1021.405,8.007148,25.422009,-6.580983,0.322704,-5.757514,6.239961,-4.739085,6.421049,2.472857,8.355438,-2.520016,5.512705,2.443805,5.680217,-4.222385,1.092137,-1.191694,5.081786,-2.114419,1.721310
467,0.934000,9.183393,1457.845,1013.878,7.943699,25.435629,-6.638079,0.234176,-5.753034,6.265366,-4.573740,6.448687,2.443558,8.275045,-2.631840,5.613966,2.455803,5.841390,-4.294348,1.029240,-1.183551,5.025909,-2.227940,1.992813
468,0.936000,9.159588,1465.773,1002.979,7.846957,25.407612,-6.681798,0.164869,-5.823725,6.225419,-4.380227,6.487957,2.467657,8.241148,-2.701482,5.656937,2.407610,6.049212,-4.347639,1.010277,-1.160684,4.878715,-2.361509,2.244754
469,0.938000,9.136794,1467.822,988.804,7.734121,25.344109,-6.706336,0.154423,-5.934873,6.126237,-4.182675,6.527032,2.524626,8.265694,-2.702966,5.644950,2.315270,6.256045,-4.409229,1.015569,-1.134716,4.676209,-2.492084,2.460196
470,0.940000,9.122537,1459.753,971.237,7.622076,25.269131,-6.692584,0.231428,-6.046326,5.996423,-3.992491,6.572068,2.613902,8.359030,-2.618283,5.592419,2.213021,6.425727,-4.470199,1.037871,-1.109105,4.460876,-2.614691,2.626055
471,0.942000,9.120314,1440.190,950.452,7.514314,25.196600,-6.628428,0.387288,-6.137031,5.868448,-3.821430,6.633357,2.746135,8.519311,-2.449106,5.511521,2.132728,6.530743,-4.503330,1.077296,-1.075759,4.268834,-2.728252,2.750148
472,0.944000,9.127183,1412.144,927.232,7.376540,25.093494,-6.535843,0.574893,-6.209102,5.756715,-3.690920,6.708912,2.916699,8.717378,-2.218069,5.411713,2.092407,6.556282,-4.489645,1.122232,-1.034286,4.117022,-2.830179,2.856023
473,0.946000,9.135044,1381.471,902.987,7.176926,24.933895,-6.432587,0.752502,-6.258386,5.668024,-3.609627,6.792772,3.112274,8.911695,-1.953735,5.303656,2.088552,6.501907,-4.433353,1.144564,-1.000283,3.999333,-2.925310,2.949821
474,0.948000,9.134598,1354.070,879.502,6.924046,24.746479,-6.307411,0.898516,-6.272742,5.605510,-3.572571,6.868312,3.306675,9.057206,-1.690453,5.192215,2.088269,6.371676,-4.364734,1.116235,-0.988853,3.909798,-3.017887,3.017974
475,0.950000,9.119554,1333.998,858.447,6.667462,24.607367,-6.130734,1.001454,-6.239575,5.577228,-3.566256,6.900043,3.442873,9.098232,-1.468744,5.079797,2.045744,6.167339,-4.328976,1.022976,-0.999302,3.856569,-3.105084,3.042678
476,0.952000,9.089353,1323.231,841.046,6.454597,24.578121,-5.901347,1.037762,-6.163806,5.591890,-3.568636,6.866973,3.464699,8.998027,-1.305904,4.994960,1.944255,5.908961,-4.350438,0.870327,-1.022246,3.852051,-3.179102,3.008202
477,0.954000,9.049779,1322.092,827.973,6.298388,24.666061,-5.659907,0.977058,-6.070423,5.643862,-3.559013,6.788626,3.364204,8.771653,-1.190133,4.980991,1.815259,5.662441,-4.396133,0.678956,-1.062274,3.888268,-3.227770,2.909857
478,0.956000,9.011152,1329.644,819.653,6.190042,24.846317,-5.448528,0.817975,-5.978894,5.715660,-3.531891,6.704887,3.176267,8.472779,-1.115341,5.042363,1.697742,5.506334,-4.402976,0.468593,-1.135106,3.932142,-3.240972,2.768893
479,0.958000,8.984507,1343.941,816.484,6.119512,25.081917,-5.300741,0.588322,-5.890701,5.791445,-3.494764,6.642891,2.947153,8.170074,-1.084341,5.139149,1.613560,5.489030,-4.327190,0.255072,-1.240324,3.952524,-3.214669,2.621904
480,0.960000,8.976873,1362.211,818.474,6.083907,25.331818,-5.245835,0.332640,-5.790001,5.857484,-3.462579,6.600439,2.713943,7.926591,-1.080778,5.231131,1.583037,5.612661,-4.167348,0.056846,-1.354009,3.940681,-3.150433,2.491954
481,0.962000,8.988498,1381.611,824.892,6.088363,25.558718,-5.297983,0.104805,-5.661381,5.890720,-3.451461,6.567470,2.507714,7.778218,-1.077481,5.298625,1.624361,5.828832,-3.962629,-0.098518,-1.441287,3.905147,-3.047760,2.391198
482,0.964000,9.014299,1400.072,834.112,6.163261,25.753414,-5.433753,-0.032580,-5.503748,5.869171,-3.465321,6.556412,2.361338,7.721765,-1.064879,5.337984,1.731021,6.044453,-3.775277,-0.183516,-1.487898,3.846002,-2.908117,2.323594
483,0.966000,9.047818,1416.323,843.820,6.337776,25.918941,-5.607154,-0.034406,-5.342006,5.788008,-3.511072,6.585640,2.306059,7.736573,-1.041629,5.369929,1.880649,6.174390,-3.651820,-0.180809,-1.507668,3.757989,-2.747051,2.283831
484,0.968000,9.084228,1429.182,851.385,6.597472,26.042969,-5.773817,0.095946,-5.223864,5.670015,-3.595526,6.652124,2.352910,7.798900,-1.016432,5.407017,2.038746,6.182523,-3.611297,-0.100061,-1.527173,3.651870,-2.592918,2.268497
485,0.970000,9.121015,1437.391,854.556,6.906207,26.126127,-5.884871,0.334290,-5.174701,5.565014,-3.702773,6.736760,2.485674,7.886380,-1.011789,5.438323,2.171462,6.081298,-3.656332,0.016673,-1.583222,3.534729,-2.484129,2.268005
486,0.972000,9.156794,1440.284,852.166,7.220013,26.170307,-5.929015,0.628195,-5.199081,5.511208,-3.804804,6.817994,2.676041,7.981692,-1.054512,5.455672,2.269006,5.920578,-3.756814,0.144718,-1.685135,3.424861,-2.426074,2.293001
487,0.974000,9.189411,1438.599,844.678,7.513098,26.193949,-5.920033,0.921652,-5.270586,5.536345,-3.869261,6.882447,2.893819,8.067202,-1.183822,5.434509,2.318450,5.741807,-3.886006,0.267798,-1.830665,3.331898,-2.406275,2.356697
488,0.976000,9.214430,1434.774,834.342,7.752109,26.202116,-5.891437,1.155879,-5.354161,5.652164,-3.871726,6.931867,3.112707,8.132544,-1.421206,5.355278,2.315740,5.578488,-4.021542,0.387545,-2.004930,3.258636,-2.405246,2.461601
489,0.978000,9.225543,1432.398,824.663,7.893428,26.182409,-5.878913,1.278209,-5.433193,5.846857,-3.803140,6.981218,3.310898,8.178818,-1.749255,5.229610,2.274405,5.454747,-4.150779,0.512923,-2.191884,3.199527,-2.409224,2.597695
490,0.980000,9.217410,1435.195,819.159,7.912241,26.121197,-5.907666,1.266137,-5.505268,6.099558,-3.666404,7.044175,3.463192,8.204419,-2.127997,5.091943,2.210702,5.377158,-4.275006,0.640028,-2.373079,3.154911,-2.409478,2.747142
491,0.982000,9.188582,1446.135,819.977,7.823372,26.014557,-5.990790,1.138169,-5.572226,6.382649,-3.486413,7.118666,3.543777,8.212721,-2.500598,4.980797,2.129847,5.340017,-4.398561,0.741118,-2.530417,3.133202,-2.401974,2.893134
492,0.984000,9.142917,1466.537,826.928,7.680718,25.869785,-6.124523,0.941717,-5.640152,6.655252,-3.304548,7.191998,3.545102,8.217779,-2.804350,4.919853,2.026380,5.339837,-4.515971,0.772029,-2.650193,3.138477,-2.392282,3.021972
493,0.986000,9.089897,1494.918,837.126,7.559917,25.712105,-6.272999,0.732957,-5.719848,6.875124,-3.161231,7.242128,3.485164,8.236567,-2.991774,4.917392,1.896631,5.370442,-4.622293,0.688680,-2.731116,3.160992,-2.391623,3.123782
494,0.988000,9.043112,1526.183,845.888,7.529592,25.581537,-6.369959,0.557488,-5.815266,7.023277,-3.072382,7.245866,3.405234,8.276684,-3.051643,4.964650,1.741595,5.405162,-4.724919,0.474360,-2.779739,3.185554,-2.404317,3.190921
495,0.990000,9.015500,1552.758,849.070,7.605713,25.490690,-6.378036,0.427838,-5.922544,7.104218,-3.020544,7.203454,3.354913,8.345214,-2.989874,5.051636,1.577707,5.421958,-4.821053,0.170705,-2.788422,3.220703,-2.416142,3.222112
496,0.992000,9.012661,1568.838,845.573,7.776032,25.453531,-6.291080,0.344930,-6.036051,7.119178,-2.990716,7.130985,3.350140,8.434168,-2.840553,5.146432,1.410054,5.401575,-4.908936,-0.153084,-2.752190,3.285422,-2.403059,3.221535
497,0.994000,9.029483,1574.498,837.663,7.987615,25.450043,-6.156929,0.288248,-6.165264,7.056910,-2.982609,7.056901,3.381623,8.538652,-2.635744,5.232079,1.265243,5.362452,-4.969757,-0.417786,-2.676602,3.385078,-2.344580,3.197525
498,0.996000,9.053643,1575.237,829.028,8.197321,25.469460,-6.020740,0.247831,-6.303268,6.923206,-2.991332,7.005296,3.417074,8.630674,-2.432653,5.273558,1.151189,5.319639,-4.996529,-0.577246,-2.593138,3.493982,-2.233233,3.170929
499,0.998000,9.072145,1578.197,822.755,8.382362,25.515860,-5.910412,0.215878,-6.435327,6.736962,-3.004925,6.994401,3.436740,8.687856,-2.278133,5.241075,1.057083,5.271152,-4.995247,-0.621752,-2.543282,3.566782,-2.086500,3.150753
500,1.000000,9.076218,1588.956,820.292,8.533844,25.597715,-5.838774,0.188483,-6.543458,6.521619,-3.016937,7.026837,3.431560,8.702129,-2.185948,5.128478,0.963918,5.202232,-4.974890,-0.558390,-2.546909,3.575627,-1.927626,3.131818
501,1.002000,9.063085,1609.999,821.154,8.634744,25.703583,-5.811325,0.173045,-6.605853,6.307598,-3.021581,7.097911,3.403847,8.686484,-2.136071,4.952553,0.857975,5.102046,-4.946749,-0.409047,-2.597800,3.521725,-1.778864,3.101218
502,1.004000,9.035260,1640.294,823.280,8.679035,25.823597,-5.818016,0.185214,-6.607853,6.120753,-3.016012,7.196949,3.354378,8.647203,-2.117038,4.718637,0.718090,4.961551,-4.928975,-0.221851,-2.690316,3.418552,-1.657141,3.054198
503,1.006000,8.998059,1675.651,824.142,8.654655,25.929108,-5.863914,0.212180,-6.569077,5.968586,-3.004551,7.313094,3.288194,8.591869,-2.112782,4.448783,0.542770,4.797703,-4.918327,-0.040041,-2.813205,3.290077,-1.569547,2.998139
504,1.008000,8.956382,1710.012,822.217,8.568546,26.009579,-5.941171,0.234349,-6.516484,5.865724,-2.982708,7.436369,3.207027,8.526748,-2.098411,4.185244,0.340942,4.631879,-4.910849,0.094078,-2.957657,3.149781,-1.531156,2.933618
505,1.010000,8.912310,1737.966,818.099,8.449397,26.078079,-6.027210,0.235699,-6.468333,5.839211,-2.937132,7.556254,3.103697,8.451773,-2.050344,3.980001,0.125283,4.480319,-4.911506,0.145280,-3.110939,3.001880,-1.557215,2.854995
506,1.012000,8.864507,1757.546,814.526,8.316111,26.142332,-6.099799,0.206616,-6.434083,5.905095,-2.863307,7.667484,2.978475,8.364147,-1.967471,3.863482,-0.091964,4.362161,-4.922526,0.100075,-3.259055,2.847681,-1.642480,2.761852
507,1.014000,8.809203,1771.451,815.574,8.169775,26.206789,-6.141138,0.151083,-6.403617,6.054651,-2.781808,7.759290,2.834209,8.249520,-1.892045,3.814131,-0.312062,4.286217,-4.945379,-0.022021,-3.381691,2.704278,-1.752940,2.662224
508,1.016000,8.742538,1786.229,825.699,7.998226,26.271370,-6.156875,0.066515,-6.355307,6.257428,-2.729574,7.812923,2.677802,8.100422,-1.870621,3.792432,-0.528498,4.251187,-4.976567,-0.173430,-3.456615,2.599486,-1.853672,2.551678
509,1.018000,8.663542,1810.400,848.684,7.796406,26.344780,-6.161058,-0.051074,-6.271301,6.477444,-2.745280,7.806424,2.515018,7.919415,-1.930553,3.763617,-0.722721,4.257623,-4.997823,-0.292844,-3.467502,2.564697,-1.916401,2.424105
510,1.020000,8.576603,1852.197,885.870,7.572893,26.440662,-6.158607,-0.199554,-6.150194,6.685247,-2.853236,7.723477,2.344190,7.711385,-2.069761,3.704894,-0.877773,4.306756,-4.979813,-0.331863,-3.415471,2.614543,-1.919097,2.289104
511,1.022000,8.491314,1916.523,933.735,7.332228,26.556652,-6.155411,-0.378838,-6.004382,6.872281,-3.047597,7.575545,2.167662,7.488933,-2.260347,3.604345,-0.994115,4.385672,-4.910913,-0.284597,-3.329108,2.732046,-1.854832,2.168657
512,1.024000,8.418903,2001.203,983.667,7.080910,26.682590,-6.158727,-0.596113,-5.844826,7.044848,-3.302298,7.395314,1.999406,7.264427,-2.475332,3.451586,-1.081082,4.477211,-4.795545,-0.171590,-3.234323,2.891803,-1.733964,2.081715
513,1.026000,8.367210,2095.392,1025.913,6.844930,26.817863,-6.177272,-0.857168,-5.670007,7.205449,-3.594426,7.216532,1.865624,7.043255,-2.708840,3.243872,-1.134907,4.570603,-4.649125,-0.022790,-3.137571,3.073321,-1.600439,2.019926
514,1.028000,8.336973,2183.238,1055.066,6.658514,26.964508,-6.221766,-1.150539,-5.470188,7.345952,-3.898012,7.066341,1.797007,6.831643,-2.967527,2.986887,-1.143324,4.656988,-4.485721,0.135252,-3.028711,3.268533,-1.507215,1.957392
515,1.030000,8.321955,2250.708,1071.901,6.534955,27.122143,-6.283179,-1.431919,-5.258102,7.446447,-4.161488,6.961768,1.789694,6.644706,-3.233640,2.699357,-1.107094,4.728858,-4.303500,0.292162,-2.907721,3.468125,-1.479492,1.875613
516,1.032000,8.313313,2289.623,1080.404,6.465879,27.276976,-6.342026,-1.637904,-5.062948,7.484297,-4.321591,6.907458,1.804400,6.505744,-3.465905,2.404115,-1.032103,4.785285,-4.111540,0.445655,-2.772130,3.656990,-1.512569,1.777495
517,1.034000,8.304386,2297.335,1084.038,6.440848,27.413462,-6.384889,-1.728133,-4.908133,7.460413,-4.349784,6.893814,1.802792,6.429786,-3.635704,2.133441,-0.918787,4.832667,-3.948930,0.579668,-2.609591,3.827006,-1.590014,1.672349
518,1.036000,8.293063,2275.605,1084.036,6.462132,27.531162,-6.395369,-1.712150,-4.817275,7.414296,-4.256956,6.898615,1.770076,6.405508,-3.746565,1.947531,-0.771953,4.861806,-3.873312,0.650583,-2.421804,3.987261,-1.686835,1.545592
519,1.038000,8.281137,2231.643,1079.964,6.546773,27.628513,-6.365598,-1.624348,-4.819978,7.398260,-4.067135,6.896028,1.703200,6.405574,-3.826374,1.905940,-0.603755,4.859256,-3.941505,0.607196,-2.222479,4.154556,-1.767077,1.372577
520,1.040000,8.271438,2178.965,1072.008,6.688231,27.681686,-6.299752,-1.481415,-4.927547,7.432454,-3.826252,6.873896,1.616709,6.424267,-3.907594,2.006921,-0.448319,4.825597,-4.170252,0.442295,-2.035722,4.316523,-1.810263,1.148538
521,1.042000,8.266286,2134.245,1062.975,6.841347,27.661526,-6.217401,-1.294143,-5.114399,7.506044,-3.592255,6.846094,1.537791,6.469866,-4.012228,2.198463,-0.334782,4.777303,-4.522551,0.197030,-1.890010,4.450283,-1.821166,0.885857
522,1.044000,8.266497,2111.662,1057.249,6.957150,27.569914,-6.152373,-1.086220,-5.330270,7.601421,-3.408553,6.843637,1.481125,6.529929,-4.156647,2.420140,-0.265802,4.726213,-4.948104,-0.083848,-1.812833,4.547902,-1.815626,0.607388
523,1.046000,8.271494,2117.500,1056.988,7.012278,27.437462,-6.135746,-0.888022,-5.528430,7.699957,-3.293877,6.892965,1.445732,6.575879,-4.347001,2.629661,-0.221810,4.681271,-5.398112,-0.369423,-1.817779,4.610669,-1.812007,0.334795
524,1.048000,8.279898,2148.194,1059.768,7.008443,27.304596,-6.164310,-0.725246,-5.680923,7.783643,-3.241688,6.993639,1.417976,6.584212,-4.571830,2.798631,-0.186967,4.646856,-5.831297,-0.645245,-1.898759,4.643579,-1.832295,0.075896
525,1.050000,8.290977,2191.971,1060.482,6.958349,27.194397,-6.201803,-0.626600,-5.779354,7.832455,-3.229721,7.106484,1.379363,6.539804,-4.803545,2.902783,-0.160861,4.613707,-6.217887,-0.904882,-2.028547,4.661179,-1.886266,-0.162886
526,1.052000,8.304811,2233.548,1055.402,6.869098,27.098801,-6.216613,-0.623091,-5.838254,7.825653,-3.243431,7.177343,1.314333,6.428372,-5.015977,2.923610,-0.153624,4.562970,-6.542665,-1.139293,-2.167166,4.688296,-1.954616,-0.353659
527,1.054000,8.321016,2260.282,1043.977,6.743914,27.011858,-6.198422,-0.716977,-5.888085,7.771005,-3.276986,7.184680,1.215630,6.248511,-5.186773,2.868366,-0.174469,4.483439,-6.802432,-1.333188,-2.281001,4.730118,-2.018571,-0.470298
528,1.056000,8.337959,2266.581,1027.645,6.608943,26.957657,-6.139171,-0.877429,-5.947926,7.717553,-3.309943,7.146758,1.091798,6.021746,-5.282218,2.774692,-0.216118,4.389991,-6.983082,-1.459511,-2.346515,4.765327,-2.075967,-0.503151
529,1.058000,8.352667,2254.765,1008.067,6.508252,26.972210,-6.011189,-1.049372,-6.006630,7.719847,-3.300110,7.117078,0.990384,5.795350,-5.259298,2.694200,-0.235495,4.339458,-7.047915,-1.491476,-2.357155,4.771420,-2.119227,-0.446734
530,1.060000,8.361997,2231.882,987.003,6.468049,27.068680,-5.801463,-1.186337,-6.048871,7.792815,-3.220151,7.146195,0.962605,5.620192,-5.095863,2.664387,-0.184870,4.390633,-6.973998,-1.425223,-2.329467,4.736851,-2.125790,-0.291191
531,1.062000,8.363782,2205.988,966.864,6.473083,27.206264,-5.562846,-1.295480,-6.088427,7.895339,-3.096320,7.223755,0.996580,5.507544,-4.823737,2.681983,-0.069963,4.541063,-6.785858,-1.282065,-2.299047,4.648042,-2.090733,-0.052490
532,1.064000,8.357743,2183.411,950.986,6.485555,27.313202,-5.379086,-1.404700,-6.136619,7.978976,-2.972652,7.304664,1.041002,5.432041,-4.519404,2.715412,0.061640,4.738961,-6.528403,-1.081779,-2.287210,4.512265,-2.021036,0.219527
533,1.066000,8.345980,2167.250,943.291,6.489302,27.342430,-5.302772,-1.511486,-6.169970,8.026772,-2.871426,7.356977,1.064714,5.374001,-4.251487,2.744295,0.171566,4.932685,-6.236161,-0.833689,-2.285930,4.372216,-1.914708,0.466888
534,1.068000,8.332459,2157.210,947.477,6.506929,27.291977,-5.343877,-1.583749,-6.147840,8.039200,-2.800577,7.368529,1.071507,5.334996,-4.057497,2.761148,0.245645,5.088017,-5.942421,-0.556281,-2.277965,4.275331,-1.769455,0.646432
535,1.070000,8.321845,2150.739,965.412,6.577803,27.193155,-5.485049,-1.587878,-6.041154,8.023779,-2.762493,7.344403,1.085907,5.336240,-3.934072,2.768040,0.284461,5.187939,-5.685443,-0.277910,-2.253087,4.235706,-1.609421,0.734004
536,1.072000,8.318328,2144.712,995.482,6.725575,27.088930,-5.685264,-1.512301,-5.860750,7.981788,-2.759388,7.296111,1.128661,5.400558,-3.842774,2.776573,0.296777,5.229289,-5.498721,-0.029065,-2.215113,4.229065,-1.475610,0.730636
537,1.074000,8.324361,2137.272,1032.444,6.942057,27.010910,-5.898943,-1.378217,-5.663978,7.902284,-2.800889,7.227266,1.205340,5.541493,-3.734188,2.804802,0.299991,5.220576,-5.404084,0.163273,-2.180264,4.221990,-1.397125,0.661627
538,1.076000,8.340411,2128.907,1068.788,7.197608,26.965996,-6.095747,-1.227557,-5.519327,7.778024,-2.893783,7.130861,1.309241,5.745190,-3.583790,2.858021,0.311918,5.175168,-5.406244,0.280253,-2.161320,4.204909,-1.374932,0.558644
539,1.078000,8.364939,2122.001,1097.138,7.448122,26.933695,-6.269637,-1.103507,-5.475908,7.616706,-3.027164,7.002543,1.421788,5.967098,-3.398898,2.936586,0.356630,5.120136,-5.483814,0.324640,-2.154969,4.192521,-1.401213,0.442921
540,1.080000,8.394476,2118.850,1112.521,7.655985,26.893398,-6.418872,-1.032346,-5.546576,7.438365,-3.171054,6.848756,1.522780,6.152980,-3.213804,3.031568,0.451945,5.084908,-5.599659,0.314855,-2.150529,4.202636,-1.471106,0.325496
541,1.082000,8.425020,2120.166,1112.884,7.810461,26.852226,-6.533598,-1.024423,-5.718835,7.261608,-3.291510,6.685933,1.603009,6.271600,-3.066733,3.129713,0.595097,5.085007,-5.717273,0.270773,-2.145290,4.241076,-1.577337,0.223512
542,1.084000,8.452869,2125.754,1098.602,7.923974,26.839191,-6.603013,-1.082443,-5.966764,7.096160,-3.362508,6.538746,1.666506,6.318816,-2.986250,3.220198,0.759090,5.110524,-5.818136,0.201399,-2.148537,4.297769,-1.711408,0.153387
543,1.086000,8.476088,2134.164,1072.244,8.011353,26.872952,-6.624852,-1.196487,-6.245667,6.951142,-3.371880,6.429520,1.719404,6.305442,-2.983911,3.303018,0.897340,5.123153,-5.909174,0.102366,-2.168537,4.360211,-1.862320,0.112886
544,1.088000,8.494399,2144.039,1038.115,8.084583,26.950603,-6.603023,-1.340152,-6.496835,6.832115,-3.329895,6.363771,1.752738,6.231071,-3.065278,3.383798,0.957631,5.072328,-6.015540,-0.038423,-2.203523,4.424909,-2.011739,0.088968
545,1.090000,8.509031,2154.509,1001.733,8.138227,27.032646,-6.573081,-1.501341,-6.681807,6.732255,-3.258589,6.339823,1.757764,6.097787,-3.214302,3.482317,0.921546,4.944440,-6.142057,-0.214865,-2.235951,4.494259,-2.141070,0.065797
546,1.092000,8.521612,2165.434,969.126,8.172762,27.087198,-6.570411,-1.672730,-6.779224,6.652889,-3.170980,6.350388,1.730621,5.915528,-3.405171,3.601085,0.793515,4.760690,-6.277384,-0.415970,-2.250404,4.562631,-2.240777,0.033025
547,1.094000,8.532699,2177.612,945.374,8.198322,27.106571,-6.608562,-1.842960,-6.783817,6.605044,-3.070658,6.378755,1.668157,5.704806,-3.611913,3.716538,0.591288,4.563350,-6.406462,-0.633540,-2.239353,4.621211,-2.312114,-0.006576
548,1.096000,8.541155,2192.359,932.795,8.218235,27.088625,-6.687992,-2.000839,-6.711055,6.592011,-2.966246,6.400157,1.560080,5.485065,-3.814131,3.795060,0.344579,4.393745,-6.514779,-0.854793,-2.197389,4.666541,-2.363016,-0.035314
549,1.098000,8.544532,2210.766,930.185,8.223391,27.020737,-6.810166,-2.136924,-6.589857,6.596529,-2.873780,6.398052,1.394609,5.269429,-3.997097,3.807216,0.091901,4.276772,-6.590009,-1.053877,-2.110695,4.710518,-2.399153,-0.025846
550,1.100000,8.540034,2232.901,933.846,8.203627,26.896276,-6.969594,-2.235377,-6.446909,6.590946,-2.805910,6.373392,1.168299,5.071009,-4.152295,3.736214,-0.132253,4.215141,-6.632747,-1.204684,-1.967356,4.770341,-2.427446,0.037280
551,1.102000,8.525755,2257.980,939.462,8.155004,26.724754,-7.146323,-2.281736,-6.301468,6.553662,-2.769433,6.337479,0.893715,4.913878,-4.267030,3.592603,-0.300371,4.199701,-6.648585,-1.298683,-1.780771,4.851483,-2.460571,0.143071
552,1.104000,8.501512,2285.123,943.463,8.100473,26.554535,-7.282758,-2.248240,-6.142770,6.504619,-2.741926,6.324341,0.612671,4.846066,-4.301940,3.430429,-0.381360,4.221433,-6.636832,-1.341869,-1.591055,4.944251,-2.521471,0.249546
553,1.106000,8.469219,2313.263,943.906,8.053319,26.417744,-7.339947,-2.135725,-5.967527,6.471493,-2.708013,6.353700,0.357256,4.896674,-4.227979,3.303131,-0.365441,4.258790,-6.601112,-1.351189,-1.448179,5.036082,-2.625525,0.318850
554,1.108000,8.433215,2340.454,940.869,7.978287,26.269861,-7.362735,-2.018749,-5.831193,6.427971,-2.706264,6.391395,0.111127,5.029663,-4.071013,3.218297,-0.284306,4.274287,-6.559497,-1.347599,-1.381027,5.129066,-2.760834,0.350552
555,1.110000,8.399583,2363.731,935.959,7.875720,26.102423,-7.376442,-1.934644,-5.746100,6.385225,-2.739112,6.437040,-0.103871,5.218664,-3.856283,3.173106,-0.174234,4.256522,-6.523136,-1.342413,-1.388673,5.230783,-2.902177,0.358123
556,1.112000,8.374552,2379.643,931.230,7.779739,25.942738,-7.379051,-1.882709,-5.698830,6.376146,-2.789196,6.508301,-0.240565,5.434306,-3.616166,3.148649,-0.073905,4.214947,-6.501712,-1.340616,-1.449820,5.337622,-3.025786,0.355948
557,1.114000,8.362867,2385.035,928.013,7.733211,25.830780,-7.350713,-1.837931,-5.673683,6.431765,-2.847359,6.607268,-0.264309,5.630295,-3.394770,3.114781,-0.028498,4.153324,-6.517966,-1.350699,-1.539272,5.416392,-3.132541,0.341495
558,1.116000,8.366628,2378.490,926.045,7.767825,25.801971,-7.272318,-1.780021,-5.671976,6.555383,-2.928958,6.702113,-0.175756,5.754905,-3.229228,3.052050,-0.079369,4.058965,-6.594665,-1.378697,-1.632689,5.412214,-3.250251,0.290604
559,1.118000,8.385312,2361.343,923.872,7.878901,25.863365,-7.160289,-1.720671,-5.710309,6.724898,-3.055751,6.752606,-0.000538,5.782995,-3.132072,2.971190,-0.236286,3.923712,-6.718499,-1.399753,-1.691497,5.304000,-3.392605,0.194868
560,1.120000,8.416595,2337.937,919.884,8.027676,25.996277,-7.061951,-1.693958,-5.798919,6.915942,-3.225617,6.740177,0.224594,5.719571,-3.101748,2.901111,-0.474521,3.744958,-6.847073,-1.372401,-1.682857,5.114881,-3.551028,0.069185
561,1.122000,8.456734,2314.278,913.296,8.163005,26.172867,-7.017370,-1.721678,-5.933283,7.115518,-3.408949,6.672913,0.460000,5.575803,-3.147013,2.859651,-0.758382,3.518320,-6.951045,-1.289780,-1.622605,4.874621,-3.710111,-0.065549
562,1.124000,8.500830,2296.123,904.629,8.244177,26.364090,-7.042998,-1.804079,-6.101276,7.317405,-3.567205,6.568778,0.664157,5.355053,-3.282463,2.850330,-1.050939,3.248748,-7.020434,-1.173876,-1.552317,4.606705,-3.859265,-0.197452
563,1.126000,8.543423,2287.242,895.252,8.250052,26.539751,-7.128083,-1.925691,-6.283957,7.505922,-3.676537,6.435485,0.795610,5.061378,-3.505361,2.864362,-1.324324,2.951821,-7.055171,-1.047448,-1.497977,4.334394,-3.999830,-0.327585
564,1.128000,8.579416,2288.800,886.219,8.184797,26.665831,-7.245959,-2.070170,-6.456047,7.648695,-3.727457,6.271889,0.821324,4.705731,-3.791027,2.878732,-1.556775,2.655113,-7.059577,-0.931473,-1.467120,4.079321,-4.137910,-0.454645
565,1.130000,8.605043,2299.383,877.653,8.081064,26.713480,-7.372948,-2.227696,-6.594151,7.705747,-3.711845,6.079419,0.726306,4.313092,-4.104666,2.860919,-1.725947,2.388700,-7.043778,-0.845738,-1.464798,3.845309,-4.284163,-0.574602
566,1.132000,8.618607,2314.862,869.176,7.968784,26.674578,-7.492333,-2.377850,-6.684525,7.655677,-3.632233,5.872308,0.525810,3.943942,-4.409239,2.793611,-1.811648,2.179356,-7.012011,-0.781944,-1.483057,3.622062,-4.450214,-0.693039
567,1.134000,8.620388,2329.219,860.629,7.852536,26.566788,-7.593656,-2.492903,-6.724018,7.510374,-3.512437,5.666715,0.251929,3.660819,-4.700311,2.660781,-1.828298,2.026881,-6.973837,-0.712881,-1.500825,3.402198,-4.630685,-0.812738
568,1.136000,8.613074,2335.459,853.051,7.744539,26.449406,-7.646101,-2.535980,-6.686186,7.335317,-3.351792,5.502505,-0.029150,3.519042,-4.970050,2.479462,-1.781278,1.949219,-6.917812,-0.605699,-1.482074,3.208499,-4.789717,-0.921990
569,1.138000,8.601704,2327.974,848.575,7.698079,26.429649,-7.574492,-2.444408,-6.509527,7.240822,-3.104242,5.448605,-0.220496,3.571891,-5.168333,2.323864,-1.631146,2.007249,-6.792454,-0.415455,-1.362085,3.115371,-4.844542,-0.967506
570,1.140000,8.592575,2304.499,849.729,7.730040,26.531082,-7.382156,-2.243118,-6.223349,7.254969,-2.792694,5.488829,-0.307906,3.784637,-5.288642,2.229077,-1.390667,2.191462,-6.617941,-0.183853,-1.164598,3.129750,-4.781962,-0.960719
571,1.142000,8.591688,2267.864,858.005,7.819034,26.687967,-7.152554,-2.040682,-5.945492,7.316978,-2.520967,5.516018,-0.366000,4.042216,-5.377207,2.169657,-1.142995,2.406590,-6.491604,-0.023889,-0.999307,3.193140,-4.657202,-0.975968
572,1.144000,8.602762,2225.487,873.223,7.966594,26.857483,-6.925781,-1.891222,-5.736692,7.405272,-2.332394,5.486366,-0.416997,4.289002,-5.415387,2.166016,-0.926766,2.592944,-6.456875,0.014349,-0.933814,3.288849,-4.490202,-1.035671
573,1.146000,8.625640,2186.081,893.781,8.155922,26.995975,-6.729719,-1.804808,-5.599607,7.522354,-2.229021,5.396651,-0.474235,4.485103,-5.383112,2.229678,-0.767659,2.724190,-6.480844,-0.041223,-0.983022,3.412024,-4.302952,-1.147002
574,1.148000,8.656690,2156.141,916.811,8.358720,27.069489,-6.590053,-1.772382,-5.507437,7.681302,-2.190994,5.263208,-0.556494,4.593020,-5.293688,2.334435,-0.686954,2.805117,-6.482015,-0.114599,-1.119080,3.555096,-4.132445,-1.324806
575,1.150000,8.690128,2138.395,938.679,8.568872,27.078415,-6.520437,-1.793658,-5.447487,7.887153,-2.195884,5.107577,-0.677463,4.604718,-5.160147,2.450254,-0.696472,2.838459,-6.412017,-0.135429,-1.298159,3.699115,-4.020236,-1.569780
576,1.152000,8.719411,2132.431,956.100,8.798573,27.048580,-6.526731,-1.877451,-5.416084,8.144040,-2.221612,4.950155,-0.842246,4.543711,-4.984552,2.564582,-0.795577,2.809690,-6.280735,-0.059905,-1.474971,3.814194,-4.001534,-1.862940
577,1.154000,8.738758,2136.381,967.003,9.042315,27.001410,-6.602142,-2.015636,-5.409770,8.439182,-2.255080,4.823673,-1.030787,4.442589,-4.797359,2.663288,-0.959634,2.721570,-6.120865,0.114472,-1.623266,3.879923,-4.068184,-2.161885
578,1.156000,8.744110,2148.610,970.884,9.268579,26.945845,-6.721928,-2.172483,-5.422132,8.740711,-2.293382,4.769937,-1.197978,4.333463,-4.658891,2.723943,-1.145754,2.604891,-5.958324,0.358244,-1.734763,3.897260,-4.165727,-2.408187
579,1.158000,8.733760,2168.680,968.498,9.443850,26.885773,-6.859368,-2.304249,-5.436925,9.029849,-2.333814,4.804240,-1.312941,4.250061,-4.599898,2.741303,-1.319229,2.488572,-5.805265,0.645571,-1.799609,3.870162,-4.245557,-2.553583
580,1.160000,8.708413,2197.368,961.227,9.559170,26.838802,-6.984374,-2.376916,-5.436786,9.301327,-2.379353,4.906445,-1.375938,4.219217,-4.602623,2.734790,-1.463022,2.387897,-5.665304,0.963267,-1.800762,3.807674,-4.276725,-2.559796
581,1.162000,8.670614,2235.558,950.401,9.620964,26.823147,-7.074262,-2.391359,-5.431238,9.530616,-2.454435,5.037747,-1.399079,4.249032,-4.628227,2.730829,-1.572823,2.310588,-5.551558,1.280739,-1.736865,3.722297,-4.245146,-2.410260
582,1.164000,8.624899,2282.669,936.656,9.636871,26.836479,-7.136322,-2.395105,-5.456441,9.673598,-2.593601,5.154543,-1.400015,4.323020,-4.635767,2.749616,-1.651977,2.263628,-5.484807,1.554445,-1.624161,3.621577,-4.165079,-2.130234
583,1.166000,8.577582,2335.080,919.841,9.617688,26.863476,-7.189227,-2.440633,-5.535436,9.694489,-2.809323,5.225335,-1.396094,4.405247,-4.591354,2.799618,-1.701860,2.262738,-5.473264,1.752021,-1.481524,3.512162,-4.068824,-1.781926
584,1.168000,8.536053,2384.957,900.117,9.588003,26.898973,-7.238681,-2.544585,-5.655375,9.581688,-3.085520,5.232431,-1.405955,4.451964,-4.482796,2.870063,-1.731114,2.316802,-5.512524,1.859049,-1.328085,3.400377,-3.989405,-1.431943
585,1.170000,8.507027,2421.456,879.608,9.571127,26.944592,-7.279422,-2.686763,-5.788788,9.341270,-3.388374,5.175404,-1.434814,4.439036,-4.322188,2.941622,-1.757095,2.408131,-5.600730,1.867662,-1.196431,3.282346,-3.955015,-1.128877
586,1.172000,8.494256,2435.674,862.003,9.571890,26.997072,-7.305141,-2.825277,-5.911144,9.005474,-3.664661,5.071465,-1.470505,4.373359,-4.139840,2.999803,-1.802203,2.490063,-5.736519,1.786995,-1.118369,3.156799,-3.980854,-0.902323
587,1.174000,8.497371,2425.785,849.941,9.590436,27.054544,-7.308840,-2.907131,-6.006372,8.626011,-3.852360,4.947273,-1.489506,4.287109,-3.968186,3.046659,-1.875329,2.511114,-5.911875,1.642632,-1.116612,3.017642,-4.080972,-0.783007
588,1.176000,8.513341,2397.783,843.165,9.631794,27.120811,-7.282681,-2.882640,-6.071381,8.253738,-3.903227,4.831527,-1.471554,4.212380,-3.837467,3.091868,-1.969547,2.445895,-6.108690,1.469883,-1.190948,2.856786,-4.262773,-0.792840
589,1.178000,8.538579,2361.957,839.571,9.696800,27.188831,-7.238183,-2.745655,-6.130122,7.909002,-3.812541,4.732501,-1.426796,4.154741,-3.767859,3.143102,-2.070446,2.311827,-6.289163,1.320163,-1.297114,2.686906,-4.489979,-0.892833
590,1.180000,8.570215,2327.293,837.405,9.785692,27.257351,-7.189934,-2.525395,-6.211349,7.595678,-3.610824,4.641091,-1.394303,4.095550,-3.770719,3.193142,-2.177336,2.146144,-6.411230,1.245552,-1.373388,2.530136,-4.702884,-1.004777
591,1.182000,8.606242,2298.303,835.819,9.908363,27.353115,-7.138820,-2.263553,-6.316564,7.329946,-3.336972,4.547997,-1.415832,4.016963,-3.850663,3.215968,-2.306130,1.977275,-6.449900,1.266768,-1.387868,2.400391,-4.856094,-1.074044
592,1.184000,8.644219,2275.368,834.329,10.061003,27.496407,-7.095207,-2.005031,-6.414407,7.140759,-3.033625,4.449890,-1.504210,3.932971,-4.000852,3.178373,-2.467727,1.831132,-6.395114,1.359153,-1.347024,2.319432,-4.920792,-1.102486
593,1.186000,8.680391,2256.591,832.802,10.208950,27.666973,-7.093881,-1.787495,-6.464236,7.053455,-2.743559,4.351402,-1.637273,3.886239,-4.202231,3.057451,-2.655413,1.737430,-6.249620,1.464186,-1.280920,2.308004,-4.892988,-1.135696
594,1.188000,8.709886,2240.256,831.572,10.290801,27.812370,-7.157477,-1.625546,-6.454346,7.067204,-2.497833,4.265550,-1.797414,3.893027,-4.435774,2.849766,-2.861645,1.698422,-6.036421,1.534741,-1.214908,2.363794,-4.800357,-1.210465
595,1.190000,8.727357,2226.048,831.548,10.253466,27.886797,-7.267188,-1.503911,-6.395120,7.168651,-2.296578,4.222231,-1.974701,3.938843,-4.671487,2.581754,-3.081697,1.688784,-5.787406,1.567267,-1.158687,2.459280,-4.687745,-1.321175
596,1.192000,8.728019,2214.730,834.004,10.085972,27.871796,-7.391919,-1.406550,-6.294328,7.340122,-2.134501,4.242337,-2.152750,4.007509,-4.875285,2.291348,-3.302297,1.693417,-5.530427,1.577229,-1.112997,2.571251,-4.585096,-1.434706
597,1.194000,8.708743,2207.734,839.964,9.821383,27.775024,-7.509503,-1.338220,-6.159225,7.546247,-2.025237,4.319949,-2.304774,4.094223,-5.017405,2.016482,-3.499880,1.714250,-5.296391,1.569555,-1.081957,2.684524,-4.506336,-1.512224
598,1.196000,8.669287,2206.830,849.486,9.534251,27.639458,-7.595092,-1.323022,-6.015885,7.729351,-2.001338,4.422535,-2.403707,4.204430,-5.058103,1.810047,-3.636927,1.762679,-5.123445,1.530799,-1.083335,2.777630,-4.455682,-1.516860
599,1.198000,8.613219,2213.579,861.048,9.317249,27.538408,-7.616295,-1.386565,-5.916932,7.831444,-2.095963,4.509367,-2.432022,4.346139,-4.955264,1.729941,-3.672415,1.859142,-5.032676,1.450809,-1.142532,2.816282,-4.433791,-1.427221
600,1.200000,8.548100,2228.648,871.412,9.212259,27.503304,-7.572864,-1.539056,-5.899276,7.853004,-2.292162,4.563834,-2.403343,4.489281,-4.739640,1.770232,-3.605048,2.018933,-4.994585,1.368469,-1.246715,2.794976,-4.439987,-1.266493
601,1.202000,8.484196,2250.651,876.261,9.188000,27.488155,-7.503986,-1.766113,-5.952406,7.850796,-2.511744,4.603512,-2.342732,4.577685,-4.514192,1.854666,-3.474437,2.235498,-4.940013,1.360343,-1.341653,2.752717,-4.472982,-1.091656
602,1.204000,8.431683,2275.720,871.826,9.203196,27.437971,-7.449075,-2.037504,-6.053091,7.860788,-2.691041,4.639526,-2.261518,4.596015,-4.341968,1.933351,-3.312554,2.473091,-4.827410,1.455244,-1.407613,2.721363,-4.530456,-0.941138
603,1.206000,8.397050,2298.920,857.224,9.227224,27.320980,-7.433656,-2.320493,-6.174749,7.888381,-2.804776,4.670330,-2.165278,4.557627,-4.229600,1.994209,-3.138525,2.681809,-4.656391,1.629998,-1.459579,2.707668,-4.603730,-0.825548
604,1.208000,8.380978,2316.854,835.546,9.243666,27.148111,-7.464421,-2.589131,-6.288828,7.926339,-2.858767,4.694613,-2.068173,4.476060,-4.162024,2.033543,-2.969127,2.820730,-4.453518,1.844341,-1.519111,2.692299,-4.686161,-0.740438
605,1.210000,8.379139,2329.886,812.464,9.257181,26.974438,-7.525282,-2.821782,-6.367071,7.970437,-2.870937,4.714313,-1.996483,4.352391,-4.126801,2.046854,-2.815166,2.869509,-4.255911,2.060132,-1.598842,2.651411,-4.771521,-0.674104
606,1.212000,8.386035,2341.865,793.167,9.282044,26.856430,-7.604501,-3.011840,-6.394371,8.015320,-2.864313,4.724045,-1.984123,4.183835,-4.112187,2.038064,-2.670759,2.837934,-4.093698,2.241801,-1.702806,2.579784,-4.849340,-0.620317
607,1.214000,8.399236,2356.140,780.543,9.331846,26.819656,-7.712317,-3.167780,-6.368926,8.054670,-2.857615,4.722881,-2.039901,3.998655,-4.090204,2.030393,-2.507882,2.772243,-3.974934,2.364662,-1.825820,2.491450,-4.912181,-0.594360
608,1.216000,8.420821,2371.667,775.265,9.437263,26.884785,-7.845670,-3.286954,-6.291841,8.081574,-2.864462,4.711982,-2.150923,3.836708,-4.051734,2.027910,-2.325502,2.706456,-3.908466,2.410261,-1.961035,2.410682,-4.947266,-0.605160
609,1.218000,8.454781,2383.166,776.704,9.621607,27.051287,-7.983291,-3.361456,-6.181118,8.079299,-2.890193,4.695415,-2.296865,3.724856,-4.016139,2.016063,-2.159890,2.639894,-3.905156,2.371965,-2.104199,2.352376,-4.939364,-0.638705
610,1.220000,8.502214,2384.538,783.533,9.878294,27.283497,-8.099343,-3.389843,-6.076071,8.027174,-2.933362,4.675090,-2.458694,3.672216,-4.014575,1.987036,-2.057043,2.557930,-3.962669,2.260434,-2.252556,2.314559,-4.885195,-0.667625
611,1.222000,8.558343,2372.983,793.740,10.184360,27.534630,-8.166731,-3.365628,-6.003081,7.932430,-2.976958,4.652185,-2.608568,3.681904,-4.063210,1.953233,-2.037169,2.464759,-4.051246,2.104103,-2.395900,2.289681,-4.800698,-0.675740
612,1.224000,8.613579,2350.473,804.796,10.505995,27.760338,-8.173520,-3.284209,-5.970714,7.820282,-3.004558,4.618382,-2.726686,3.741608,-4.161753,1.925932,-2.094120,2.377664,-4.135692,1.930917,-2.527731,2.267465,-4.708547,-0.654924
613,1.226000,8.657794,2321.651,814.615,10.809093,27.936970,-8.117491,-3.147366,-5.976271,7.714012,-3.012155,4.566463,-2.805609,3.830200,-4.289481,1.905641,-2.201462,2.313910,-4.197339,1.763948,-2.649954,2.235417,-4.626851,-0.609152
614,1.228000,8.684225,2291.567,821.804,11.067266,28.059219,-7.998363,-2.967269,-6.009904,7.627443,-3.004045,4.499023,-2.844758,3.923801,-4.413779,1.884948,-2.323141,2.283381,-4.236621,1.621958,-2.768431,2.181931,-4.561096,-0.548316
615,1.230000,8.690957,2264.384,825.427,11.254852,28.111605,-7.835008,-2.781881,-6.080042,7.546405,-3.002803,4.413192,-2.845991,3.998842,-4.504047,1.858565,-2.426795,2.287712,-4.256866,1.530529,-2.869157,2.115215,-4.494536,-0.461874
616,1.232000,8.680594,2242.780,824.810,11.359667,28.083130,-7.653870,-2.635290,-6.202428,7.443992,-3.034160,4.304605,-2.803913,4.042120,-4.541576,1.821908,-2.499199,2.313028,-4.260627,1.514171,-2.925405,2.048302,-4.413221,-0.336291
617,1.234000,8.659099,2228.038,819.680,11.386372,27.992174,-7.472146,-2.547485,-6.376962,7.313899,-3.104174,4.179589,-2.715712,4.055427,-4.524720,1.771755,-2.546834,2.332594,-4.254662,1.579022,-2.921511,1.979313,-4.328396,-0.182053
618,1.236000,8.633736,2220.191,810.588,11.338377,27.874073,-7.308964,-2.518926,-6.589441,7.172413,-3.204984,4.045072,-2.602098,4.042746,-4.473732,1.706925,-2.584573,2.321777,-4.243886,1.718338,-2.850558,1.907803,-4.256022,-0.019911
619,1.238000,8.610204,2217.891,799.439,11.220823,27.769718,-7.176747,-2.536075,-6.804302,7.054712,-3.311510,3.909712,-2.495619,4.005516,-4.417252,1.634711,-2.620729,2.268203,-4.234195,1.908783,-2.718530,1.840240,-4.203072,0.129972
620,1.240000,8.590050,2218.798,789.492,11.036936,27.703049,-7.083191,-2.585496,-6.975720,6.993577,-3.393890,3.782112,-2.422010,3.945542,-4.377746,1.569179,-2.657376,2.167721,-4.242641,2.108011,-2.551365,1.783110,-4.170028,0.251605
621,1.242000,8.570154,2220.574,784.299,10.785498,27.676743,-7.022808,-2.649041,-7.059613,7.002895,-3.431543,3.667356,-2.390781,3.871935,-4.365141,1.515004,-2.706382,2.018537,-4.291304,2.272569,-2.388871,1.730621,-4.166631,0.331350
622,1.244000,8.544910,2222.094,786.025,10.466904,27.681116,-6.979074,-2.704354,-7.027382,7.075219,-3.414136,3.568820,-2.403372,3.796080,-4.381391,1.462889,-2.786291,1.828834,-4.389895,2.379760,-2.266117,1.669946,-4.209715,0.366864
623,1.246000,8.509262,2223.795,794.722,10.090811,27.697121,-6.947630,-2.742478,-6.882425,7.186039,-3.339346,3.493190,-2.463325,3.723820,-4.424074,1.402983,-2.901556,1.625634,-4.531768,2.427074,-2.204679,1.595791,-4.306593,0.375778
624,1.248000,8.461840,2226.875,808.685,9.687596,27.710087,-6.938627,-2.766001,-6.655931,7.302417,-3.222409,3.439252,-2.582194,3.648725,-4.489167,1.330930,-3.032701,1.454635,-4.690388,2.428061,-2.206132,1.522761,-4.432159,0.396494
625,1.250000,8.407404,2232.047,825.129,9.316570,27.728550,-6.958731,-2.769115,-6.385337,7.403767,-3.093052,3.394281,-2.770054,3.560666,-4.565947,1.249082,-3.142161,1.370880,-4.823093,2.401944,-2.261351,1.469416,-4.543543,0.459202
626,1.252000,8.357266,2238.837,840.711,9.051399,27.772192,-7.009614,-2.742131,-6.111763,7.488764,-2.986435,3.335866,-3.022000,3.461747,-4.630321,1.163782,-3.191802,1.428986,-4.879825,2.366902,-2.361981,1.440834,-4.609080,0.562916
627,1.254000,8.326077,2245.624,852.823,8.958235,27.856632,-7.088134,-2.686787,-5.877726,7.580289,-2.918467,3.241727,-3.314592,3.359608,-4.658582,1.072268,-3.174538,1.649216,-4.828434,2.327951,-2.512879,1.421621,-4.616685,0.692232
628,1.256000,8.324382,2250.603,861.115,9.051758,27.971178,-7.189704,-2.621305,-5.724075,7.697262,-2.879598,3.101028,-3.618706,3.248714,-4.651915,0.963900,-3.115108,1.990449,-4.681890,2.270479,-2.720362,1.392014,-4.566833,0.835994
629,1.258000,8.352119,2253.259,867.632,9.280046,28.081451,-7.307453,-2.560163,-5.663593,7.831182,-2.855174,2.910756,-3.912551,3.135260,-4.619113,0.833846,-3.045720,2.365227,-4.492383,2.178420,-2.970552,1.341675,-4.470490,0.983290
630,1.260000,8.398378,2254.913,874.980,9.560432,28.156841,-7.439260,-2.521817,-5.691689,7.944244,-2.846533,2.670837,-4.191773,3.041711,-4.568855,0.682249,-2.990389,2.687835,-4.313426,2.058807,-3.229159,1.277266,-4.341037,1.124340
631,1.262000,8.447581,2257.736,884.562,9.822578,28.188538,-7.584719,-2.527313,-5.798354,7.995662,-2.868119,2.393351,-4.457106,2.995305,-4.508888,0.520112,-2.957002,2.912310,-4.177096,1.930114,-3.466067,1.214380,-4.192518,1.254466
632,1.264000,8.486266,2263.437,896.144,10.040272,28.199203,-7.720010,-2.567163,-5.952054,7.971498,-2.933280,2.102291,-4.699898,3.020547,-4.442369,0.378999,-2.934651,3.042647,-4.088290,1.805256,-3.665796,1.167657,-4.038713,1.373944
633,1.266000,8.506501,2272.570,908.326,10.220928,28.224054,-7.803332,-2.600187,-6.097135,7.895786,-3.040289,1.832715,-4.898787,3.130913,-4.371189,0.298466,-2.908883,3.109182,-4.034335,1.689715,-3.825738,1.142504,-3.895914,1.481045
634,1.268000,8.505979,2284.779,919.254,10.381062,28.286737,-7.804470,-2.584954,-6.178147,7.810647,-3.171083,1.620445,-5.026823,3.321256,-4.301215,0.302425,-2.877009,3.139800,-3.993072,1.592261,-3.949028,1.131546,-3.783674,1.565812
635,1.270000,8.486405,2298.806,927.432,10.499722,28.348671,-7.763644,-2.542635,-6.207678,7.713126,-3.338872,1.459358,-5.087760,3.547906,-4.261825,0.372367,-2.865476,3.135530,-3.951237,1.528511,-4.033520,1.128627,-3.706393,1.634817
636,1.272000,8.451690,2312.694,932.345,10.557621,28.375946,-7.718122,-2.494974,-6.206788,7.610304,-3.540357,1.341853,-5.082608,3.773923,-4.261901,0.487374,-2.889875,3.096322,-3.900759,1.520393,-4.068501,1.128468,-3.660321,1.700468
637,1.274000,8.407113,2324.240,934.605,10.556358,28.362648,-7.675919,-2.449184,-6.186313,7.528435,-3.751770,1.268982,-5.007378,3.979736,-4.280415,0.640109,-2.939795,3.031050,-3.839431,1.590632,-4.036362,1.127529,-3.637666,1.771797
638,1.276000,8.358357,2331.663,935.751,10.511414,28.317429,-7.631317,-2.414370,-6.157898,7.485446,-3.956132,1.236799,-4.871965,4.150321,-4.295599,0.816192,-2.998235,2.948597,-3.770454,1.748629,-3.926043,1.124062,-3.627289,1.851963
639,1.278000,8.310478,2334.647,937.722,10.439772,28.248997,-7.572958,-2.404975,-6.132908,7.480648,-4.153790,1.225342,-4.705376,4.280042,-4.295606,0.985044,-3.052617,2.857385,-3.698025,1.972975,-3.741742,1.123326,-3.612552,1.936682
640,1.280000,8.267828,2334.772,942.160,10.355017,28.161079,-7.499639,-2.432171,-6.106842,7.504326,-4.362909,1.192776,-4.553481,4.372580,-4.272652,1.117460,-3.085114,2.774965,-3.629574,2.212591,-3.497579,1.151036,-3.564513,2.023398
641,1.282000,8.234611,2335.517,949.657,10.278478,28.056080,-7.442460,-2.509236,-6.057460,7.548228,-4.600970,1.103367,-4.447638,4.442897,-4.223416,1.191738,-3.066143,2.746436,-3.566932,2.400375,-3.222367,1.234207,-3.461062,2.107426
642,1.284000,8.214660,2341.127,959.399,10.242247,27.950024,-7.444173,-2.647894,-5.968777,7.605005,-4.860537,0.964380,-4.390572,4.503233,-4.158853,1.192486,-2.975056,2.825213,-3.506191,2.475399,-2.964055,1.365541,-3.311921,2.182861
643,1.286000,8.209888,2354.635,969.769,10.268133,27.873108,-7.509471,-2.826327,-5.841339,7.662211,-5.111310,0.824606,-4.382961,4.534806,-4.101097,1.124132,-2.830789,3.011190,-3.457017,2.406019,-2.781649,1.487930,-3.160515,2.244650
644,1.288000,8.219515,2376.285,979.239,10.351648,27.842745,-7.614362,-2.993048,-5.684337,7.698803,-5.332773,0.740219,-4.423611,4.506551,-4.062246,1.018580,-2.680623,3.256003,-3.427114,2.211741,-2.706204,1.546550,-3.043887,2.284428
645,1.290000,8.241331,2403.139,986.717,10.474068,27.847298,-7.749775,-3.111640,-5.523671,7.688190,-5.531134,0.742878,-4.493770,4.414797,-4.033618,0.923063,-2.560081,3.523372,-3.397578,1.952063,-2.722523,1.535101,-2.965379,2.291148
646,1.292000,8.273355,2430.505,991.522,10.627123,27.865524,-7.918904,-3.178188,-5.412445,7.606835,-5.720843,0.830128,-4.561673,4.286276,-4.004708,0.865625,-2.494922,3.795009,-3.339442,1.692203,-2.787118,1.482617,-2.911556,2.263847
647,1.294000,8.315007,2454.139,993.172,10.818540,27.873585,-8.131413,-3.203505,-5.404678,7.450224,-5.904133,0.974640,-4.600309,4.158535,-3.968866,0.857298,-2.498989,4.057479,-3.230150,1.482399,-2.859647,1.428223,-2.873385,2.220292
648,1.296000,8.366911,2470.714,991.252,11.062637,27.857500,-8.390598,-3.192597,-5.512146,7.248547,-6.065688,1.133949,-4.605313,4.053324,-3.930589,0.897079,-2.568266,4.290571,-3.070271,1.341381,-2.929269,1.393546,-2.861806,2.180993
649,1.298000,8.430134,2477.791,985.596,11.379707,27.845861,-8.673174,-3.149760,-5.706622,7.048806,-6.191553,1.263631,-4.590846,3.973013,-3.901564,0.962803,-2.692192,4.469112,-2.891748,1.260962,-2.997087,1.389157,-2.899580,2.148919
650,1.300000,8.504342,2475.016,976.430,11.780314,27.901356,-8.925358,-3.077634,-5.939125,6.896482,-6.271804,1.340628,-4.571457,3.908518,-3.889893,1.014024,-2.861970,4.580591,-2.738410,1.223439,-3.060378,1.417650,-3.006278,2.106259
651,1.302000,8.585969,2464.965,964.724,12.235987,28.061039,-9.096695,-2.975801,-6.166193,6.818439,-6.299655,1.367158,-4.548915,3.858750,-3.885084,1.020293,-3.058428,4.646881,-2.628239,1.217769,-3.118988,1.471672,-3.179676,2.031010
652,1.304000,8.668731,2451.992,952.093,12.688925,28.310169,-9.171931,-2.845008,-6.369711,6.818680,-6.271505,1.352028,-4.516631,3.836778,-3.865321,0.975681,-3.244247,4.715639,-2.546216,1.242879,-3.175261,1.551885,-3.377695,1.922631
653,1.306000,8.746098,2440.065,939.961,13.085615,28.610477,-9.163927,-2.687352,-6.549252,6.887934,-6.185552,1.301286,-4.467945,3.858356,-3.815403,0.894909,-3.368827,4.835601,-2.463778,1.301929,-3.226899,1.668683,-3.535966,1.802011
654,1.308000,8.813178,2431.625,929.070,13.383110,28.909851,-9.110977,-2.517236,-6.723962,6.998416,-6.052547,1.208720,-4.411038,3.926363,-3.745754,0.796557,-3.391364,5.027502,-2.362211,1.392648,-3.276659,1.819370,-3.607188,1.685939
655,1.310000,8.866878,2427.520,919.528,13.560949,29.163048,-9.049770,-2.349375,-6.904557,7.120063,-5.886103,1.073399,-4.357563,4.034624,-3.681220,0.704016,-3.287914,5.283047,-2.232675,1.512813,-3.325501,1.983741,-3.570457,1.584534
656,1.312000,8.906221,2427.448,910.835,13.625721,29.337856,-9.002310,-2.203546,-7.079127,7.234144,-5.698498,0.914418,-4.312245,4.168483,-3.643164,0.652118,-3.052451,5.579273,-2.072324,1.659958,-3.363125,2.134558,-3.421546,1.518354
657,1.314000,8.932376,2430.178,902.218,13.595192,29.400536,-8.974670,-2.111967,-7.228081,7.319831,-5.516160,0.748996,-4.283554,4.305372,-3.645692,0.671442,-2.711424,5.882408,-1.887851,1.822015,-3.374887,2.243148,-3.178666,1.502168
658,1.316000,8.947834,2433.839,893.115,13.492023,29.331614,-8.955395,-2.102465,-7.335793,7.362004,-5.364791,0.583864,-4.286901,4.428835,-3.688574,0.779768,-2.317551,6.157418,-1.695975,1.973048,-3.353253,2.299939,-2.871913,1.532888
659,1.318000,8.954956,2436.755,883.612,13.344774,29.151581,-8.930202,-2.181152,-7.394166,7.370879,-5.251011,0.423392,-4.346643,4.521366,-3.765604,0.977876,-1.931962,6.366702,-1.528849,2.076066,-3.307202,2.318904,-2.539210,1.591135
660,1.320000,8.955038,2438.270,874.622,13.193209,28.923611,-8.888775,-2.327420,-7.389592,7.378204,-5.169241,0.268284,-4.485233,4.558255,-3.871998,1.242448,-1.613278,6.457823,-1.436044,2.091586,-3.263423,2.310322,-2.235825,1.650031
661,1.322000,8.947862,2439.147,867.714,13.068982,28.711079,-8.834951,-2.513807,-7.306738,7.410488,-5.115771,0.116472,-4.701410,4.527569,-3.998378,1.537944,-1.395626,6.393740,-1.451367,2.006372,-3.242004,2.274247,-2.018950,1.696281
662,1.324000,8.932116,2440.865,864.605,12.979216,28.548410,-8.789983,-2.723369,-7.150278,7.461698,-5.104248,-0.031316,-4.956869,4.446386,-4.133708,1.821628,-1.285428,6.180316,-1.573809,1.841967,-3.247978,2.206465,-1.924958,1.735767
663,1.326000,8.907080,2444.405,866.827,12.916302,28.436619,-8.795053,-2.955799,-6.953100,7.487982,-5.171366,-0.172924,-5.196460,4.339638,-4.272055,2.049635,-1.271159,5.858736,-1.774872,1.645686,-3.272231,2.111153,-1.953454,1.789056
664,1.328000,8.874547,2449.407,875.167,12.871477,28.355698,-8.888795,-3.213587,-6.770953,7.438195,-5.346774,-0.301289,-5.383730,4.219585,-4.395881,2.188548,-1.337468,5.491299,-2.004567,1.471304,-3.304963,2.009553,-2.067887,1.860943
665,1.330000,8.839704,2453.846,889.053,12.841372,28.285828,-9.067247,-3.470119,-6.652538,7.291580,-5.630233,-0.413721,-5.519453,4.084785,-4.464736,2.227474,-1.465682,5.142913,-2.216466,1.350899,-3.348199,1.934773,-2.203526,1.927585
666,1.332000,8.810064,2454.728,906.305,12.825535,28.216980,-9.286607,-3.673785,-6.610542,7.077246,-5.992641,-0.511716,-5.611648,3.940372,-4.441464,2.183891,-1.609067,4.875422,-2.385381,1.302274,-3.392857,1.908992,-2.296733,1.969500
667,1.334000,8.792042,2449.956,923.569,12.821825,28.154984,-9.485245,-3.779383,-6.620533,6.860756,-6.370405,-0.579776,-5.648230,3.810959,-4.316751,2.093785,-1.702191,4.737625,-2.499783,1.332026,-3.420183,1.924772,-2.315673,1.994580
668,1.336000,8.787537,2439.984,937.619,12.837917,28.130802,-9.598859,-3.765035,-6.632300,6.711429,-6.675949,-0.571514,-5.598716,3.734431,-4.107357,1.997390,-1.701802,4.748577,-2.548924,1.426877,-3.425822,1.949554,-2.274637,2.011952
669,1.338000,8.792635,2428.163,946.823,12.850396,28.133146,-9.618908,-3.670183,-6.626028,6.643727,-6.869692,-0.473036,-5.473265,3.714114,-3.862703,1.915677,-1.621769,4.878913,-2.541974,1.550350,-3.423025,1.952295,-2.207079,2.023030
670,1.340000,8.799585,2419.597,951.495,12.812786,28.106276,-9.593082,-3.581749,-6.622989,6.619658,-6.972726,-0.321441,-5.322937,3.714775,-3.647264,1.844099,-1.526542,5.058592,-2.513104,1.663233,-3.419622,1.924770,-2.138728,2.028578
671,1.342000,8.800415,2419.520,953.170,12.716440,28.032310,-9.552935,-3.544998,-6.618600,6.626314,-6.997793,-0.147385,-5.181408,3.718360,-3.486234,1.787807,-1.476649,5.220889,-2.491929,1.748871,-3.401887,1.882347,-2.089688,2.025439
672,1.344000,8.790095,2431.855,953.343,12.587240,27.927494,-9.517557,-3.563071,-6.592294,6.673470,-6.945845,0.027653,-5.061003,3.726333,-3.367777,1.758682,-1.505176,5.317008,-2.489762,1.808903,-3.342313,1.855252,-2.072174,2.018270
673,1.346000,8.768593,2458.005,952.454,12.456156,27.813976,-9.510910,-3.625981,-6.535433,6.771118,-6.824009,0.189289,-4.960778,3.751227,-3.265142,1.768819,-1.613485,5.326377,-2.501070,1.844554,-3.226226,1.869630,-2.093121,2.019528
674,1.348000,8.740717,2495.990,949.924,12.332763,27.691879,-9.566599,-3.736249,-6.467637,6.910908,-6.657327,0.323341,-4.878017,3.801958,-3.156702,1.824490,-1.773327,5.256538,-2.517764,1.841636,-3.069941,1.931461,-2.157343,2.029550
675,1.350000,8.713725,2540.528,945.105,12.207216,27.547318,-9.708619,-3.899763,-6.422551,7.074270,-6.478436,0.420225,-4.811038,3.881671,-3.032733,1.925965,-1.934410,5.139188,-2.532848,1.782702,-2.909461,2.036869,-2.255268,2.033192
676,1.352000,8.694756,2584.325,938.383,12.076006,27.379797,-9.925863,-4.098484,-6.419945,7.244205,-6.317509,0.476184,-4.761444,3.988347,-2.894503,2.063077,-2.045337,5.022837,-2.528264,1.673171,-2.771321,2.187141,-2.351475,2.018735
677,1.354000,8.687830,2620.701,931.748,11.964508,27.223772,-10.160765,-4.270105,-6.440124,7.424516,-6.183680,0.506072,-4.725729,4.124648,-2.741403,2.222961,-2.064722,4.967264,-2.469116,1.557554,-2.647786,2.396525,-2.385076,2.000606
678,1.356000,8.692318,2646.401,927.841,11.918243,27.132641,-10.339616,-4.339077,-6.447653,7.629227,-6.067189,0.538458,-4.698397,4.292015,-2.566523,2.396371,-1.965912,5.023751,-2.331038,1.497044,-2.509026,2.673111,-2.301522,2.007161
679,1.358000,8.704854,2662.745,928.092,11.952541,27.109085,-10.445566,-4.292262,-6.454339,7.837802,-5.983234,0.562338,-4.713053,4.442114,-2.400371,2.539305,-1.776730,5.183440,-2.157185,1.502656,-2.361040,2.974597,-2.112817,2.026347
680,1.360000,8.722657,2674.039,931.927,12.045453,27.109369,-10.516729,-4.174723,-6.500355,8.017222,-5.953698,0.552514,-4.800917,4.517418,-2.281871,2.610569,-1.548280,5.406339,-2.017218,1.548094,-2.235943,3.234605,-1.886052,2.013242
681,1.362000,8.745579,2684.513,937.489,12.175629,27.107224,-10.581239,-4.030163,-6.597353,8.165625,-5.968206,0.511202,-4.944229,4.508795,-2.214615,2.614622,-1.315223,5.663214,-1.943689,1.611826,-2.148206,3.424496,-1.673852,1.948662
682,1.364000,8.776642,2695.221,942.755,12.337167,27.103027,-10.649178,-3.902675,-6.748927,8.279627,-6.006263,0.454136,-5.096564,4.438771,-2.188241,2.578666,-1.098570,5.936586,-1.927225,1.679334,-2.100995,3.539271,-1.515775,1.828385
683,1.366000,8.819614,2703.983,946.476,12.536492,27.105335,-10.713949,-3.823858,-6.945067,8.338594,-6.056931,0.388279,-5.212241,4.334082,-2.198015,2.522120,-0.917057,6.198268,-1.953902,1.729478,-2.094589,3.584689,-1.437205,1.658130
684,1.368000,8.874737,2708.001,948.360,12.774413,27.109516,-10.755271,-3.802546,-7.149810,8.322403,-6.109696,0.313642,-5.256135,4.216621,-2.240149,2.454466,-0.784824,6.406209,-2.024332,1.727753,-2.137727,3.570110,-1.445790,1.455706
685,1.370000,8.936674,2706.684,948.824,13.037380,27.100395,-10.758361,-3.827227,-7.315382,8.235795,-6.153896,0.228550,-5.218103,4.105751,-2.311374,2.382866,-0.705671,6.537704,-2.132454,1.647342,-2.242172,3.507119,-1.532336,1.239471
686,1.372000,8.995964,2702.255,948.751,13.291919,27.056892,-10.741344,-3.874776,-7.406610,8.110259,-6.188311,0.137805,-5.117545,4.025357,-2.408844,2.320599,-0.672849,6.608261,-2.247332,1.498389,-2.396526,3.418188,-1.666377,1.027207
687,1.374000,9.043025,2697.833,949.280,13.503291,26.964132,-10.739733,-3.919340,-7.409212,7.982625,-6.211140,0.056050,-4.987307,3.999102,-2.517414,2.289527,-0.668831,6.651223,-2.328923,1.327126,-2.566456,3.326334,-1.809616,0.837284
688,1.376000,9.071898,2695.360,951.667,13.655744,26.822193,-10.775011,-3.936351,-7.322506,7.879303,-6.215001,0.001314,-4.857848,4.037831,-2.609798,2.316509,-0.668307,6.693818,-2.357500,1.190277,-2.711162,3.241517,-1.941654,0.677563
689,1.378000,9.082041,2694.622,956.889,13.755739,26.644993,-10.844890,-3.911252,-7.161122,7.808337,-6.201422,-0.023337,-4.759816,4.127886,-2.661971,2.418528,-0.651819,6.743647,-2.345418,1.120888,-2.801988,3.162387,-2.063746,0.539764
690,1.380000,9.078872,2692.351,965.324,13.823139,26.453703,-10.933885,-3.847365,-6.968528,7.751068,-6.198046,-0.040941,-4.724980,4.242261,-2.658881,2.600244,-0.607569,6.790943,-2.328600,1.112317,-2.836153,3.088024,-2.183717,0.406935
691,1.382000,9.072625,2682.515,976.314,13.886854,26.276438,-11.017360,-3.761965,-6.807553,7.673314,-6.252586,-0.096280,-4.778738,4.358120,-2.595805,2.858244,-0.530015,6.807592,-2.349453,1.129665,-2.841043,3.015640,-2.298207,0.273136
692,1.384000,9.074546,2659.189,987.611,13.964248,26.135618,-11.071520,-3.672029,-6.723471,7.561558,-6.396540,-0.219478,-4.917614,4.469249,-2.479418,3.178139,-0.425227,6.756296,-2.432448,1.143249,-2.851316,2.945259,-2.388266,0.148638
693,1.386000,9.091777,2620.412,995.575,14.043383,26.036236,-11.087442,-3.589703,-6.723866,7.430949,-6.628858,-0.403583,-5.106888,4.576447,-2.329233,3.528925,-0.315604,6.610535,-2.571977,1.147631,-2.880814,2.888756,-2.427903,0.053729
694,1.388000,9.123679,2570.364,996.719,14.086137,25.965775,-11.076258,-3.533502,-6.799716,7.297876,-6.924534,-0.611040,-5.294342,4.681069,-2.165963,3.882190,-0.215022,6.375556,-2.740749,1.147149,-2.930570,2.854854,-2.409385,-0.003921
695,1.390000,9.162335,2517.160,989.853,14.057194,25.906982,-11.059076,-3.537517,-6.949711,7.155373,-7.248314,-0.801227,-5.430097,4.778422,-2.008806,4.217988,-0.116246,6.085876,-2.902263,1.140274,-3.005398,2.840965,-2.340748,-0.021225
696,1.392000,9.196789,2468.265,976.684,13.955364,25.856995,-11.039944,-3.625628,-7.155488,6.997600,-7.547727,-0.941597,-5.475410,4.853827,-1.879205,4.509257,-0.009642,5.785556,-3.021529,1.117895,-3.116929,2.832881,-2.240407,0.012183
697,1.394000,9.218271,2427.623,960.429,13.810070,25.820402,-11.004831,-3.798394,-7.376362,6.830102,-7.768134,-1.013442,-5.400968,4.901103,-1.779083,4.726947,0.109059,5.518061,-3.071027,1.072817,-3.264820,2.814423,-2.133425,0.105573
698,1.396000,9.223564,2395.966,944.244,13.654467,25.807343,-10.944539,-4.017500,-7.566014,6.678612,-7.881588,-1.005041,-5.203327,4.937417,-1.686353,4.857567,0.233324,5.324155,-3.040259,1.006551,-3.429961,2.775168,-2.050732,0.252149
699,1.398000,9.216245,2372.378,930.582,13.519344,25.837555,-10.862593,-4.219018,-7.692205,6.574723,-7.896259,-0.912429,-4.916202,4.989430,-1.569970,4.901703,0.344309,5.228931,-2.942728,0.923842,-3.580788,2.717484,-2.010805,0.429177
700,1.400000,9.205337,2355.837,921.202,13.439491,25.927229,-10.773906,-4.352830,-7.744596,6.520019,-7.853361,-0.765032,-4.619640,5.052714,-1.424502,4.852136,0.414817,5.229972,-2.812806,0.830232,-3.679910,2.663420,-2.006260,0.613610
701,1.402000,9.201591,2346.000,917.229,13.444157,26.069805,-10.707577,-4.407495,-7.736771,6.482121,-7.803267,-0.618467,-4.414830,5.100345,-1.265031,4.704308,0.428836,5.311718,-2.685022,0.740415,-3.685376,2.646444,-2.015773,0.785945
702,1.404000,9.212526,2343.181,918.734,13.536019,26.227730,-10.703117,-4.413834,-7.694166,6.431622,-7.772313,-0.506540,-4.346076,5.138874,-1.089887,4.498344,0.411290,5.465832,-2.578042,0.673890,-3.569064,2.686138,-2.033720,0.909680
703,1.406000,9.238722,2347.712,924.371,13.696409,26.369823,-10.765104,-4.404753,-7.635865,6.366186,-7.769582,-0.443557,-4.388494,5.191141,-0.906674,4.295715,0.392542,5.671450,-2.498884,0.643982,-3.327111,2.796542,-2.041799,0.973182
704,1.408000,9.274202,2358.941,931.750,13.882032,26.464457,-10.872076,-4.392321,-7.577159,6.308718,-7.783746,-0.421605,-4.461152,5.290699,-0.716335,4.172179,0.396439,5.905477,-2.438993,0.646004,-2.998704,2.961775,-2.034108,0.981337
705,1.410000,9.310245,2374.430,938.421,14.053016,26.495737,-10.987911,-4.362610,-7.532460,6.280818,-7.798717,-0.437506,-4.496859,5.446412,-0.527839,4.172538,0.420029,6.139368,-2.385253,0.667466,-2.639170,3.152009,-2.015352,0.951421
706,1.412000,9.339264,2389.794,942.729,14.179966,26.471825,-11.074790,-4.294086,-7.509368,6.289799,-7.804862,-0.496914,-4.476474,5.634523,-0.361614,4.288569,0.438148,6.334060,-2.344108,0.689846,-2.300667,3.336778,-1.996343,0.892790
707,1.414000,9.356760,2399.205,944.083,14.241304,26.422312,-11.099004,-4.169785,-7.495902,6.338522,-7.791595,-0.589570,-4.408665,5.820914,-0.230778,4.483867,0.430963,6.461043,-2.331211,0.700729,-2.018951,3.493729,-1.989282,0.801823
708,1.416000,9.361377,2396.763,942.664,14.214691,26.367157,-11.045239,-3.989424,-7.472932,6.424786,-7.748892,-0.688082,-4.305254,5.974726,-0.133350,4.725088,0.393154,6.514677,-2.348398,0.699227,-1.807909,3.611299,-2.007860,0.670633
709,1.418000,9.353754,2378.352,938.648,14.071115,26.294197,-10.927590,-3.778443,-7.436269,6.532753,-7.673553,-0.761955,-4.173429,6.080523,-0.054962,4.998081,0.338390,6.515830,-2.373247,0.697061,-1.662429,3.690480,-2.068926,0.493975
710,1.420000,9.335183,2343.341,931.673,13.803082,26.196606,-10.762035,-3.561521,-7.392846,6.642292,-7.564655,-0.796036,-4.037672,6.120665,-0.005732,5.270693,0.272777,6.483127,-2.386536,0.703026,-1.572612,3.743586,-2.174231,0.295361
711,1.422000,9.306966,2295.211,921.045,13.423652,26.071880,-10.578592,-3.366113,-7.362002,6.737378,-7.411983,-0.776598,-3.927505,6.092389,0.001548,5.507339,0.211308,6.442919,-2.373301,0.722163,-1.535389,3.777228,-2.316721,0.112119
712,1.424000,9.270782,2240.807,906.788,12.969723,25.927586,-10.420408,-3.216582,-7.364532,6.806403,-7.205701,-0.693524,-3.875296,6.004106,-0.041687,5.675002,0.173317,6.426801,-2.322592,0.758816,-1.555844,3.789405,-2.475191,-0.010452
713,1.426000,9.230863,2187.840,890.641,12.502831,25.786877,-10.318020,-3.119020,-7.403444,6.834179,-6.967721,-0.564838,-3.909380,5.872757,-0.137704,5.743624,0.162736,6.456707,-2.229371,0.821295,-1.628239,3.782961,-2.616005,-0.035883
714,1.428000,9.196554,2142.435,875.880,12.109468,25.690998,-10.273235,-3.063496,-7.460908,6.803355,-6.758333,-0.432056,-4.033499,5.727950,-0.275559,5.699397,0.162875,6.535757,-2.109896,0.884675,-1.764438,3.753178,-2.711089,0.038853
715,1.430000,9.182275,2107.830,866.074,11.890883,25.684387,-10.263296,-3.024618,-7.493064,6.719402,-6.644838,-0.342646,-4.232277,5.592952,-0.444356,5.537635,0.135350,6.648169,-1.992081,0.887220,-2.002164,3.691361,-2.743078,0.164531
716,1.432000,9.201542,2083.931,863.366,11.899876,25.766624,-10.267992,-2.980968,-7.456154,6.623038,-6.657041,-0.325510,-4.480804,5.467301,-0.644554,5.267889,0.052339,6.776712,-1.887634,0.800648,-2.336435,3.608977,-2.713886,0.261987
717,1.434000,9.258098,2068.197,867.241,12.105536,25.886471,-10.280203,-2.936115,-7.353960,6.548989,-6.790840,-0.382854,-4.744584,5.329867,-0.877740,4.938381,-0.066571,6.900819,-1.806122,0.666407,-2.686148,3.524619,-2.655825,0.289027
718,1.436000,9.341629,2058.059,875.527,12.441854,25.991856,-10.299073,-2.901034,-7.229072,6.491040,-7.039304,-0.504309,-4.987701,5.153454,-1.137913,4.613987,-0.190003,6.985549,-1.762179,0.553263,-2.955647,3.446629,-2.601473,0.262814
719,1.438000,9.432563,2052.676,886.468,12.837440,26.052534,-10.320206,-2.877476,-7.121435,6.440436,-7.369061,-0.668724,-5.180559,4.941943,-1.398830,4.326868,-0.330083,6.989658,-1.770768,0.490330,-3.108985,3.376685,-2.560407,0.210091
720,1.440000,9.511325,2052.472,899.264,13.232079,26.080517,-10.308324,-2.840846,-7.031102,6.421437,-7.701916,-0.830174,-5.294490,4.744693,-1.611436,4.083872,-0.516144,6.896695,-1.839969,0.461326,-3.172838,3.315437,-2.532397,0.131894
721,1.442000,9.564683,2057.614,913.314,13.596941,26.127113,-10.210199,-2.743740,-6.904656,6.481283,-7.947634,-0.928781,-5.302770,4.620467,-1.731078,3.892134,-0.745551,6.731908,-1.951002,0.460764,-3.185672,3.256352,-2.527376,0.020188
722,1.444000,9.588224,2066.801,927.178,13.909004,26.214035,-10.027980,-2.587120,-6.723526,6.618287,-8.074398,-0.945966,-5.213129,4.594141,-1.748355,3.749457,-0.994913,6.535954,-2.076883,0.506131,-3.167438,3.205965,-2.537487,-0.094652
723,1.446000,9.586289,2076.782,937.990,14.149985,26.320469,-9.819614,-2.428852,-6.542128,6.778162,-8.101019,-0.901898,-5.060616,4.656639,-1.683647,3.647663,-1.228158,6.353678,-2.195754,0.615466,-3.125381,3.183574,-2.533738,-0.159674
724,1.448000,9.570207,2082.585,941.806,14.351518,26.455643,-9.619877,-2.310448,-6.423155,6.925285,-8.033018,-0.800323,-4.867071,4.794312,-1.564954,3.589109,-1.395860,6.232907,-2.289252,0.785666,-3.081736,3.184538,-2.507657,-0.155984
725,1.450000,9.554631,2078.939,935.003,14.551682,26.626808,-9.452549,-2.263714,-6.423695,7.032303,-7.888450,-0.652352,-4.660872,4.980945,-1.430468,3.570841,-1.463338,6.199023,-2.344827,0.992399,-3.069940,3.183868,-2.471924,-0.099153
726,1.452000,9.551866,2063.397,916.418,14.754999,26.815414,-9.327817,-2.295171,-6.566270,7.078436,-7.715682,-0.489341,-4.478380,5.188975,-1.305729,3.588964,-1.424305,6.241653,-2.351503,1.208668,-3.111098,3.157021,-2.445271,-0.016615
727,1.454000,9.565821,2039.161,889.173,14.939476,26.996021,-9.237312,-2.379376,-6.827934,7.054249,-7.583525,-0.349190,-4.350713,5.402357,-1.189494,3.648653,-1.291204,6.329560,-2.302261,1.414000,-3.205303,3.093789,-2.438101,0.077241
728,1.456000,9.590244,2014.074,860.186,15.072882,27.145638,-9.171190,-2.481723,-7.154370,6.972978,-7.534496,-0.247343,-4.291689,5.599818,-1.076538,3.749509,-1.096805,6.418080,-2.196682,1.603813,-3.329858,3.003507,-2.441887,0.184888
729,1.458000,9.612813,1996.407,837.240,15.122801,27.239109,-9.140002,-2.579279,-7.477133,6.872987,-7.561448,-0.169891,-4.290254,5.756201,-0.973411,3.876090,-0.891002,6.458052,-2.050215,1.780131,-3.450772,2.916034,-2.430324,0.311815
730,1.460000,9.621917,1991.253,825.483,15.081823,27.267845,-9.163616,-2.670558,-7.744824,6.783584,-7.640848,-0.108640,-4.327877,5.861505,-0.872861,4.026830,-0.705893,6.423758,-1.890807,1.932574,-3.551676,2.846455,-2.388219,0.450201
731,1.462000,9.611766,1999.678,825.612,14.968455,27.235298,-9.251412,-2.764577,-7.928856,6.716989,-7.741622,-0.069203,-4.389979,5.917044,-0.759729,4.205933,-0.548823,6.318219,-1.750508,2.045242,-3.619004,2.800952,-2.307388,0.585463
732,1.464000,9.584194,2019.372,834.275,14.808979,27.141006,-9.399160,-2.872178,-8.025892,6.672189,-7.828057,-0.062561,-4.468720,5.927114,-0.624566,4.414856,-0.408137,6.170008,-1.656885,2.110589,-3.628285,2.787433,-2.185231,0.701569
733,1.466000,9.547899,2045.169,845.943,14.626804,26.984604,-9.589487,-2.990914,-8.058303,6.633212,-7.877546,-0.101157,-4.567120,5.900073,-0.471694,4.648398,-0.270076,6.023981,-1.625553,2.136088,-3.558287,2.807969,-2.030704,0.787622
734,1.468000,9.515240,2069.974,855.207,14.446548,26.778004,-9.799385,-3.105495,-8.060477,6.576031,-7.884723,-0.196818,-4.695109,5.847858,-0.316831,4.890388,-0.131611,5.922058,-1.655877,2.142165,-3.399291,2.858282,-1.865120,0.837249
735,1.470000,9.496103,2087.430,859.064,14.295086,26.556831,-9.999221,-3.195370,-8.054924,6.494204,-7.844316,-0.344170,-4.845201,5.790903,-0.179241,5.118764,0.001594,5.888149,-1.733531,2.143906,-3.170448,2.918991,-1.726942,0.833351
736,1.472000,9.492120,2095.322,857.917,14.186223,26.361687,-10.162863,-3.256703,-8.047437,6.399070,-7.747582,-0.519030,-4.978691,5.749474,-0.082716,5.303534,0.116069,5.919426,-1.837125,2.136035,-2.920805,2.955007,-1.660609,0.754190
737,1.474000,9.496031,2097.023,854.744,14.110081,26.216066,-10.284422,-3.314088,-8.044888,6.299397,-7.590505,-0.688121,-5.049809,5.729413,-0.052171,5.422904,0.207949,6.007555,-1.927787,2.119896,-2.689936,2.949349,-1.678288,0.609157
738,1.476000,9.496750,2099.597,853.327,14.044966,26.125240,-10.376707,-3.392106,-8.051813,6.203644,-7.370328,-0.817349,-5.031884,5.733586,-0.094372,5.486619,0.293464,6.143958,-1.969104,2.103158,-2.496589,2.911736,-1.754733,0.437242
739,1.478000,9.485685,2110.252,856.470,13.985666,26.105606,-10.436936,-3.473156,-8.051775,6.124877,-7.102993,-0.898937,-4.947768,5.752020,-0.206430,5.517872,0.377267,6.291128,-1.963269,2.085344,-2.342631,2.876082,-1.840197,0.287241
740,1.480000,9.460564,2133.405,864.435,13.943823,26.175262,-10.449467,-3.513644,-8.017457,6.073871,-6.827435,-0.951838,-4.853264,5.760468,-0.377469,5.535499,0.435786,6.375103,-1.959608,2.047921,-2.225708,2.878374,-1.896322,0.185659
741,1.482000,9.426135,2169.013,874.539,13.921537,26.317425,-10.422190,-3.497351,-7.936350,6.060765,-6.579654,-0.982998,-4.784403,5.747663,-0.571627,5.559771,0.441868,6.328680,-2.021364,1.959435,-2.162824,2.908796,-1.947708,0.101375
742,1.484000,9.392072,2212.111,882.514,13.920663,26.502697,-10.369131,-3.430964,-7.810288,6.086767,-6.398834,-0.998695,-4.766514,5.700583,-0.758807,5.593816,0.375589,6.127978,-2.182777,1.811959,-2.151406,2.955500,-2.025644,-0.001330
743,1.486000,9.368001,2254.351,885.279,13.919328,26.673494,-10.324680,-3.344794,-7.660399,6.133142,-6.321646,-1.003448,-4.805062,5.626522,-0.907077,5.645418,0.251277,5.819258,-2.425988,1.631248,-2.156758,3.025574,-2.135434,-0.144186
744,1.488000,9.358012,2287.689,882.900,13.888748,26.782684,-10.310785,-3.260691,-7.509542,6.172663,-6.370672,-1.000259,-4.891439,5.546506,-0.997199,5.715672,0.099193,5.482927,-2.708842,1.452890,-2.138060,3.130897,-2.259951,-0.334256
745,1.490000,9.358945,2307.946,878.100,13.810695,26.819113,-10.321461,-3.179207,-7.368279,6.191829,-6.544393,-0.986395,-5.009243,5.481271,-1.025848,5.788058,-0.058158,5.180148,-3.001163,1.301480,-2.075773,3.278141,-2.370713,-0.552308
746,1.492000,9.363170,2315.240,873.998,13.674623,26.796261,-10.341122,-3.100962,-7.240489,6.189346,-6.817398,-0.953616,-5.135364,5.443708,-0.996040,5.842975,-0.200407,4.938619,-3.284387,1.187866,-1.976905,3.465571,-2.443865,-0.760303
747,1.494000,9.363875,2311.109,872.223,13.479792,26.741962,-10.352723,-3.041695,-7.131865,6.161905,-7.150697,-0.901190,-5.246616,5.430960,-0.915859,5.867497,-0.308749,4.763649,-3.541351,1.104843,-1.874318,3.676574,-2.468705,-0.916926
748,1.496000,9.359080,2295.785,872.255,13.245588,26.691021,-10.338275,-3.031761,-7.056273,6.102317,-7.503806,-0.842164,-5.321575,5.426226,-0.795668,5.863256,-0.367712,4.657722,-3.750834,1.028730,-1.820760,3.874612,-2.454539,-0.991428
749,1.498000,9.352011,2268.185,871.699,13.009968,26.680185,-10.274177,-3.089536,-7.023359,6.018007,-7.837200,-0.790370,-5.338348,5.413336,-0.643416,5.847853,-0.369865,4.627985,-3.884837,0.938719,-1.859614,4.020596,-2.421683,-0.967903
750,1.500000,9.348920,2227.934,867.178,12.805778,26.732719,-10.138683,-3.191310,-7.024052,5.945673,-8.117424,-0.751721,-5.283275,5.390429,-0.465981,5.843218,-0.327808,4.671725,-3.924001,0.833066,-1.995227,4.093745,-2.385045,-0.851200
751,1.502000,9.354992,2178.284,856.155,12.635801,26.826012,-9.947637,-3.300406,-7.053807,5.917530,-8.334073,-0.734011,-5.172490,5.360750,-0.282795,5.852953,-0.271186,4.763783,-3.878053,0.726210,-2.196296,4.088135,-2.347631,-0.667461
752,1.504000,9.370232,2127.009,839.170,12.489889,26.907719,-9.753775,-3.401305,-7.124113,5.933776,-8.491747,-0.740488,-5.048236,5.324308,-0.128563,5.856466,-0.216530,4.877631,-3.778855,0.641032,-2.418177,4.004005,-2.306349,-0.453768
753,1.506000,9.388926,2083.132,820.535,12.378389,26.941174,-9.612230,-3.503603,-7.249181,5.968927,-8.592931,-0.757453,-4.951110,5.282985,-0.044427,5.812924,-0.153755,5.009878,-3.647955,0.606532,-2.624831,3.842062,-2.264267,-0.240194
754,1.508000,9.403381,2052.638,806.118,12.323503,26.914169,-9.557461,-3.621880,-7.429054,6.002398,-8.630997,-0.753985,-4.890080,5.252887,-0.054603,5.690937,-0.060384,5.177020,-3.487461,0.646565,-2.808131,3.599673,-2.237937,-0.048854
755,1.510000,9.409465,2036.163,799.637,12.331630,26.826105,-9.580014,-3.732262,-7.625834,6.036922,-8.602716,-0.709742,-4.847631,5.268807,-0.134662,5.497357,0.075845,5.386007,-3.300145,0.768913,-2.970432,3.292483,-2.240971,0.098137
756,1.512000,9.410622,2029.296,800.334,12.412102,26.706394,-9.621975,-3.765515,-7.783426,6.094981,-8.501499,-0.615217,-4.791823,5.371632,-0.220825,5.279908,0.251026,5.635307,-3.085150,0.964383,-3.112566,2.955836,-2.279459,0.186616
757,1.514000,9.416820,2025.040,803.755,12.578221,26.593994,-9.634777,-3.677991,-7.888800,6.181391,-8.325635,-0.474673,-4.696938,5.571370,-0.260401,5.090709,0.436633,5.916707,-2.832901,1.204874,-3.233398,2.631779,-2.350799,0.220360
758,1.516000,9.439590,2016.954,804.353,12.814985,26.489895,-9.636056,-3.507249,-8.001263,6.251025,-8.112794,-0.333459,-4.574832,5.830082,-0.239244,4.960493,0.579992,6.195298,-2.551288,1.447919,-3.324630,2.370886,-2.431908,0.224195
759,1.518000,9.485056,2002.111,798.346,13.098804,26.397383,-9.657029,-3.326612,-8.178367,6.262229,-7.904533,-0.244717,-4.452905,6.095075,-0.160935,4.903607,0.639623,6.420966,-2.272724,1.647304,-3.381517,2.208641,-2.494610,0.228040
760,1.520000,9.549091,1982.539,785.686,13.400133,26.333092,-9.707773,-3.196977,-8.426435,6.209799,-7.715594,-0.228998,-4.341236,6.340143,-0.022180,4.933297,0.618888,6.562818,-2.034045,1.771346,-3.410422,2.151747,-2.519874,0.252465
761,1.522000,9.619825,1963.154,769.500,13.707344,26.341963,-9.750679,-3.124725,-8.695711,6.112429,-7.547142,-0.285438,-4.253156,6.539030,0.141938,5.016605,0.526257,6.597932,-1.875221,1.801630,-3.427088,2.192415,-2.483198,0.325326
762,1.524000,9.684021,1948.277,753.844,13.992674,26.436321,-9.759366,-3.087744,-8.914138,6.011462,-7.382018,-0.377901,-4.189267,6.689925,0.295525,5.119137,0.392219,6.540818,-1.803433,1.749306,-3.446500,2.296717,-2.402746,0.428652
763,1.526000,9.731999,1939.714,741.552,14.225396,26.608250,-9.725868,-3.048170,-9.020282,5.955950,-7.200852,-0.452566,-4.140466,6.816951,0.423332,5.224093,0.254789,6.421854,-1.809014,1.634988,-3.486464,2.409523,-2.337178,0.508162
764,1.528000,9.759706,1936.857,733.286,14.373363,26.824831,-9.668510,-2.993905,-9.012574,5.954125,-7.012089,-0.475599,-4.106047,6.943735,0.524992,5.325294,0.148266,6.275070,-1.866311,1.493136,-3.546957,2.500926,-2.322126,0.540984
765,1.530000,9.768304,1937.581,727.888,14.406443,27.030735,-9.623928,-2.947124,-8.940670,5.971895,-6.843840,-0.438630,-4.094567,7.074146,0.599647,5.415794,0.095653,6.132605,-1.939762,1.366556,-3.611702,2.574098,-2.355955,0.552009
766,1.532000,9.762330,1939.117,723.389,14.315744,27.178265,-9.617156,-2.934603,-8.856502,5.972985,-6.710641,-0.337590,-4.100933,7.203156,0.647682,5.495034,0.108306,6.022730,-2.001675,1.281574,-3.677745,2.627576,-2.446216,0.556133
767,1.534000,9.747306,1938.866,717.938,14.113830,27.232315,-9.654523,-2.975446,-8.796068,5.933376,-6.608165,-0.172819,-4.104087,7.318766,0.672772,5.569085,0.180685,5.966453,-2.036938,1.245593,-3.752031,2.655840,-2.602207,0.553137
768,1.536000,9.727012,1935.413,710.665,13.826349,27.165714,-9.735085,-3.077095,-8.780113,5.842310,-6.529315,0.046794,-4.071444,7.411368,0.690889,5.656444,0.294066,5.979870,-2.039721,1.258945,-3.835125,2.656718,-2.823153,0.530088
769,1.538000,9.701920,1929.347,702.272,13.495689,26.972961,-9.855957,-3.234119,-8.814075,5.700616,-6.477055,0.303286,-3.973190,7.474360,0.720612,5.776011,0.421727,6.072995,-2.004707,1.324674,-3.903959,2.638222,-3.091551,0.471412
770,1.540000,9.670791,1922.797,694.819,13.165507,26.660297,-10.025709,-3.439328,-8.885313,5.525032,-6.455454,0.583649,-3.783852,7.520753,0.778695,5.942913,0.542511,6.245744,-1.925339,1.438753,-3.918979,2.610200,-3.385296,0.363489
771,1.542000,9.634598,1918.044,690.799,12.881067,26.255146,-10.248827,-3.673317,-8.961210,5.350076,-6.468408,0.872090,-3.507469,7.568683,0.855124,6.150163,0.632460,6.471486,-1.817310,1.572867,-3.843123,2.585884,-3.677316,0.215000
772,1.544000,9.600735,1915.913,691.669,12.739504,25.870838,-10.456894,-3.865178,-8.991708,5.200663,-6.550865,1.086913,-3.248649,7.553902,0.854724,6.317336,0.638279,6.691784,-1.707456,1.715485,-3.617950,2.627004,-3.885147,0.099235
773,1.546000,9.583538,1914.931,696.597,12.811689,25.604565,-10.577963,-3.941564,-8.942621,5.101574,-6.700323,1.173686,-3.097147,7.436333,0.719324,6.375133,0.522325,6.839647,-1.646348,1.826210,-3.279079,2.717942,-3.986736,0.035836
774,1.548000,9.598452,1911.902,702.452,13.084702,25.463112,-10.603582,-3.876593,-8.818278,5.065816,-6.870749,1.139231,-3.064833,7.259100,0.495035,6.330711,0.316557,6.900645,-1.652411,1.878117,-2.922818,2.783135,-4.016923,-0.018600
775,1.550000,9.652325,1904.391,705.781,13.485641,25.395397,-10.576891,-3.700093,-8.653496,5.079307,-7.019512,1.011269,-3.119981,7.097468,0.279871,6.239997,0.102247,6.913123,-1.690336,1.894991,-2.610181,2.781346,-3.996975,-0.098571
776,1.552000,9.737101,1893.404,705.620,13.943910,25.382397,-10.522813,-3.451944,-8.470277,5.132874,-7.119673,0.823281,-3.226065,6.998515,0.141488,6.142556,-0.070524,6.897342,-1.739943,1.886277,-2.382534,2.704782,-3.943028,-0.211928
777,1.554000,9.833066,1882.799,704.090,14.394489,25.427694,-10.451797,-3.178298,-8.281019,5.228292,-7.158749,0.612212,-3.348092,6.977013,0.106900,6.059389,-0.190071,6.852555,-1.806152,1.833195,-2.273758,2.560612,-3.879943,-0.355192
778,1.556000,9.918704,1876.489,704.421,14.772789,25.525690,-10.377949,-2.924525,-8.101274,5.363831,-7.141578,0.406389,-3.462337,7.018464,0.164003,5.995782,-0.262328,6.776559,-1.894570,1.726521,-2.289099,2.380597,-3.818825,-0.504942
779,1.558000,9.978146,1876.897,708.977,15.032482,25.665115,-10.311598,-2.717241,-7.950525,5.522702,-7.090600,0.220101,-3.550493,7.103605,0.286311,5.959750,-0.287924,6.680032,-1.993186,1.590846,-2.399202,2.215454,-3.751921,-0.626428
780,1.560000,10.003758,1884.957,718.379,15.151432,25.828272,-10.257282,-2.560176,-7.840179,5.680097,-7.032802,0.054568,-3.597021,7.214714,0.442408,5.955999,-0.272999,6.565980,-2.092708,1.458453,-2.568751,2.105482,-3.668549,-0.683211
781,1.562000,9.995645,1900.495,731.470,15.136644,25.999561,-10.216777,-2.447014,-7.777482,5.804475,-6.998668,-0.099897,-3.592506,7.338185,0.609612,5.987053,-0.230176,6.423692,-2.202126,1.348947,-2.768639,2.070476,-3.563060,-0.644639
782,1.564000,9.959857,1922.201,745.707,15.017107,26.168673,-10.187780,-2.368382,-7.760186,5.869937,-7.015090,-0.261252,-3.548266,7.445441,0.764492,6.040655,-0.173650,6.246297,-2.334493,1.275327,-2.964725,2.112444,-3.439951,-0.496699
783,1.566000,9.906203,1947.432,757.804,14.821644,26.317032,-10.172791,-2.318696,-7.776054,5.870053,-7.089201,-0.435411,-3.486993,7.496206,0.880333,6.092574,-0.112548,6.045389,-2.491479,1.249884,-3.121300,2.210806,-3.324152,-0.251302
784,1.568000,9.845700,1972.511,764.844,14.574984,26.420986,-10.176003,-2.298931,-7.810041,5.812057,-7.212449,-0.614998,-3.431323,7.457795,0.934362,6.120390,-0.051320,5.836342,-2.675084,1.268823,-3.219219,2.330069,-3.248128,0.067486
785,1.570000,9.786891,1993.837,765.644,14.293165,26.462524,-10.194555,-2.314722,-7.850692,5.702503,-7.377668,-0.793492,-3.409062,7.315633,0.912079,6.118836,0.012293,5.634648,-2.883985,1.318827,-3.254403,2.441728,-3.230886,0.425189
786,1.572000,9.732768,2009.701,761.619,13.980423,26.428993,-10.220278,-2.377464,-7.892549,5.544597,-7.575666,-0.959640,-3.443024,7.083516,0.810894,6.095230,0.075691,5.446894,-3.114523,1.378362,-3.237025,2.525551,-3.275283,0.778052
787,1.574000,9.680767,2021.734,756.436,13.651369,26.328896,-10.245060,-2.503913,-7.943355,5.339066,-7.791221,-1.091571,-3.542418,6.800244,0.638125,6.055456,0.130259,5.275090,-3.345825,1.436281,-3.167404,2.574367,-3.371029,1.074390
788,1.576000,9.626972,2034.236,754.282,13.343432,26.200510,-10.263829,-2.696908,-8.006382,5.103504,-7.996546,-1.156279,-3.691096,6.523797,0.413685,6.001442,0.167369,5.118505,-3.548081,1.488091,-3.035712,2.596646,-3.499149,1.260740
789,1.578000,9.571651,2051.561,757.746,13.100616,26.090891,-10.272959,-2.926206,-8.054456,4.890880,-8.154565,-1.130056,-3.849898,6.320650,0.183306,5.953388,0.201444,4.988967,-3.696632,1.521865,-2.855972,2.610996,-3.634500,1.308684
790,1.580000,9.521934,2075.325,766.420,12.946371,26.019051,-10.273109,-3.149126,-8.049041,4.768454,-8.234075,-1.019032,-3.979111,6.236201,0.007672,5.948624,0.262037,4.908716,-3.773324,1.529740,-2.669416,2.635947,-3.746912,1.234751
791,1.582000,9.490043,2102.327,776.795,12.867256,25.953623,-10.286916,-3.359344,-8.008076,4.758899,-8.242914,-0.861238,-4.062792,6.267448,-0.079466,6.003529,0.354921,4.890475,-3.767028,1.526679,-2.519636,2.678016,-3.820823,1.079010
792,1.584000,9.486408,2125.295,784.328,12.842151,25.860790,-10.319757,-3.554448,-7.975875,4.850896,-8.204713,-0.695473,-4.093095,6.387030,-0.064783,6.119985,0.475078,4.937047,-3.682345,1.527206,-2.448539,2.715254,-3.873414,0.873075
793,1.586000,9.510955,2138.183,786.820,12.879158,25.763573,-10.329837,-3.702837,-7.968033,5.030601,-8.133665,-0.556362,-4.081040,6.544397,0.024443,6.267302,0.594044,5.030581,-3.542655,1.532245,-2.480027,2.715046,-3.927201,0.659365
794,1.588000,9.551337,2140.666,785.571,12.989754,25.707096,-10.282595,-3.786497,-7.982472,5.264701,-8.041425,-0.475742,-4.055438,6.672378,0.119729,6.374043,0.653560,5.132933,-3.381797,1.519702,-2.614937,2.660362,-3.979816,0.500396
795,1.590000,9.590727,2137.116,783.962,13.182997,25.735012,-10.166170,-3.804698,-7.999970,5.517535,-7.930243,-0.458007,-4.032598,6.720360,0.153802,6.361183,0.592530,5.208821,-3.226665,1.462500,-2.833637,2.561866,-4.007008,0.449835
796,1.592000,9.616785,2133.196,785.868,13.413158,25.797304,-10.050964,-3.815701,-8.022799,5.751480,-7.792768,-0.457250,-3.968094,6.720569,0.154910,6.241489,0.441048,5.292585,-3.055588,1.368552,-3.095912,2.437742,-4.013159,0.480534
797,1.594000,9.626141,2133.258,794.208,13.639656,25.831602,-10.007206,-3.869636,-8.057411,5.938423,-7.638157,-0.435466,-3.833698,6.707949,0.168322,6.059151,0.253413,5.418551,-2.857387,1.260981,-3.345437,2.319237,-3.998852,0.554046
798,1.596000,9.623855,2139.399,809.750,13.855420,25.817204,-10.062238,-3.979621,-8.103130,6.066443,-7.491343,-0.382925,-3.645410,6.687956,0.207143,5.848434,0.062385,5.578560,-2.660105,1.157321,-3.523813,2.234680,-3.959298,0.644711
799,1.598000,9.620181,2151.486,830.606,14.066513,25.757835,-10.214918,-4.132968,-8.149423,6.136777,-7.375191,-0.308077,-3.451096,6.648931,0.262071,5.636579,-0.109372,5.747521,-2.506848,1.063489,-3.588888,2.191697,-3.905812,0.718813
800,1.600000,9.626034,2167.232,852.508,14.292215,25.682821,-10.436649,-4.299493,-8.179110,6.159081,-7.300045,-0.231508,-3.311323,6.576766,0.316640,5.436013,-0.256534,5.889329,-2.444613,0.961740,-3.536707,2.175755,-3.870116,0.736288
801,1.602000,9.646646,2183.312,870.614,14.539518,25.624090,-10.686577,-4.448087,-8.181581,6.144739,-7.262065,-0.171951,-3.260690,6.471560,0.360175,5.249342,-0.377578,5.976209,-2.494030,0.832479,-3.393776,2.176155,-3.872160,0.673786
802,1.604000,9.678186,2197.246,881.852,14.793205,25.600880,-10.935451,-4.561805,-8.169790,6.092996,-7.257663,-0.137608,-3.291524,6.357432,0.397908,5.088984,-0.460585,6.008128,-2.619164,0.702079,-3.182995,2.216693,-3.887511,0.546811
803,1.606000,9.710363,2208.207,885.823,15.062083,25.663208,-11.134706,-4.618165,-8.166437,5.978599,-7.307974,-0.158101,-3.405624,6.240999,0.430004,4.967346,-0.490987,6.011649,-2.725995,0.661202,-2.893950,2.352331,-3.857367,0.396837
804,1.608000,9.732523,2216.322,883.945,15.328279,25.817144,-11.266521,-4.607474,-8.177757,5.807963,-7.393078,-0.218490,-3.567488,6.153139,0.467408,4.889846,-0.479552,5.981432,-2.777233,0.745791,-2.560866,2.583410,-3.756360,0.262477
805,1.610000,9.739968,2220.724,877.759,15.529166,25.992435,-11.361294,-4.546503,-8.196749,5.624683,-7.453063,-0.257617,-3.701797,6.149001,0.530713,4.858150,-0.448392,5.886435,-2.821004,0.904399,-2.270011,2.835561,-3.615076,0.164164
806,1.612000,9.736215,2218.888,868.151,15.654877,26.166265,-11.410373,-4.437385,-8.219734,5.448430,-7.483363,-0.269433,-3.794199,6.222715,0.606992,4.864657,-0.401861,5.741824,-2.883209,1.107881,-2.056350,3.048036,-3.473439,0.093205
807,1.614000,9.731150,2207.743,855.615,15.735384,26.347290,-11.386618,-4.268378,-8.233568,5.301901,-7.490385,-0.257311,-3.845582,6.348184,0.686727,4.907003,-0.340347,5.584036,-2.971557,1.326389,-1.937977,3.165762,-3.379431,0.017369
808,1.616000,9.736474,2185.593,840.559,15.796900,26.530163,-11.292565,-4.052808,-8.247655,5.188452,-7.495775,-0.240858,-3.873839,6.485559,0.762446,4.983456,-0.262478,5.463993,-3.062386,1.543148,-1.905003,3.174650,-3.349412,-0.074688
809,1.618000,9.759102,2154.251,823.687,15.836943,26.678200,-11.172968,-3.842482,-8.296929,5.087460,-7.528225,-0.250144,-3.903632,6.596865,0.828002,5.084642,-0.169561,5.425781,-3.114932,1.750165,-1.928728,3.102604,-3.360126,-0.159179
810,1.620000,9.796149,2119.653,806.559,15.847657,26.770061,-11.071642,-3.685219,-8.391736,4.990499,-7.590788,-0.296722,-3.948285,6.664044,0.878602,5.193303,-0.074272,5.483061,-3.102062,1.937451,-1.985810,2.982411,-3.383281,-0.216213
811,1.622000,9.837025,2088.806,791.418,15.827305,26.814434,-11.014626,-3.608790,-8.507742,4.899162,-7.665448,-0.374791,-4.010914,6.686562,0.912978,5.289034,0.000334,5.613937,-3.021031,2.098339,-2.059504,2.840698,-3.395655,-0.237747
812,1.624000,9.870145,2066.390,780.221,15.775661,26.832613,-11.012733,-3.618835,-8.610510,4.813734,-7.726420,-0.463505,-4.082609,6.675986,0.934083,5.354151,0.029107,5.774232,-2.891971,2.230236,-2.138808,2.696069,-3.389963,-0.234504
813,1.626000,9.890029,2053.430,773.540,15.698530,26.835857,-11.070468,-3.707042,-8.691191,4.721407,-7.759426,-0.538044,-4.147909,6.648657,0.942268,5.379117,-0.010122,5.915940,-2.745366,2.333024,-2.212318,2.564960,-3.375055,-0.237924
814,1.628000,9.900269,2047.641,769.994,15.612665,26.816063,-11.188691,-3.859414,-8.774639,4.595659,-7.772685,-0.583126,-4.193845,6.617784,0.930957,5.369377,-0.122742,6.004410,-2.608339,2.405453,-2.272532,2.462307,-3.362741,-0.284131
815,1.630000,9.911140,2044.606,766.882,15.549219,26.759769,-11.348907,-4.043607,-8.882830,4.429834,-7.785195,-0.593863,-4.214305,6.596568,0.896365,5.350348,-0.287897,6.020228,-2.502530,2.443566,-2.327345,2.391412,-3.358961,-0.390432
816,1.632000,9.934064,2039.733,761.806,15.562459,26.684734,-11.490860,-4.193528,-8.993696,4.266054,-7.807899,-0.564381,-4.208014,6.602094,0.846518,5.351552,-0.465953,5.952350,-2.451087,2.438659,-2.403148,2.339276,-3.369444,-0.545030
817,1.634000,9.974794,2030.354,753.955,15.686885,26.616585,-11.557071,-4.254972,-9.072422,4.149409,-7.857398,-0.496518,-4.176048,6.647974,0.797912,5.385829,-0.614740,5.806958,-2.468652,2.388331,-2.522005,2.295500,-3.396889,-0.716576
818,1.636000,10.029219,2016.980,744.347,15.892651,26.545952,-11.553915,-4.234965,-9.125158,4.075737,-7.973576,-0.427261,-4.132461,6.721766,0.753280,5.438440,-0.720065,5.606266,-2.556232,2.300591,-2.677825,2.275416,-3.431065,-0.863093
819,1.638000,10.086038,2002.440,735.150,16.122200,26.447483,-11.515661,-4.152843,-9.164202,4.041887,-8.160159,-0.385457,-4.056971,6.819426,0.729831,5.507561,-0.779513,5.395065,-2.689519,2.182742,-2.844016,2.303018,-3.470940,-0.963046
820,1.640000,10.133130,1989.772,728.665,16.369192,26.359608,-11.413170,-3.958848,-9.142881,4.101449,-8.346819,-0.351991,-3.885074,6.963347,0.764136,5.614171,-0.787175,5.227612,-2.824364,2.036045,-2.985492,2.394858,-3.532135,-1.020506
821,1.642000,10.163254,1980.621,726.428,16.588860,26.264221,-11.274776,-3.664666,-9.071920,4.233802,-8.512710,-0.341144,-3.617214,7.135927,0.855111,5.744766,-0.753531,5.132915,-2.932029,1.859961,-3.068386,2.559003,-3.619139,-1.033617
822,1.644000,10.176759,1974.972,728.723,16.710976,26.109493,-11.172129,-3.335863,-8.998758,4.357629,-8.678002,-0.376755,-3.316478,7.296671,0.981298,5.853210,-0.693592,5.112475,-3.016909,1.659878,-3.080364,2.778825,-3.723880,-0.996277
823,1.646000,10.180370,1971.768,734.809,16.713764,25.895180,-11.139948,-3.009249,-8.935230,4.423064,-8.837715,-0.441405,-3.036254,7.434935,1.138298,5.912313,-0.599350,5.171276,-3.088069,1.456530,-3.032372,3.015124,-3.841033,-0.914973
824,1.648000,10.183859,1969.615,743.305,16.621521,25.652346,-11.189154,-2.711002,-8.880373,4.417880,-8.981533,-0.516555,-2.814429,7.541213,1.305459,5.916765,-0.462392,5.306332,-3.149393,1.267187,-2.954953,3.226401,-3.964431,-0.799471
825,1.650000,10.195594,1967.591,752.693,16.481533,25.418354,-11.316505,-2.474695,-8.834742,4.358775,-9.108918,-0.600096,-2.676491,7.597163,1.444064,5.883786,-0.282168,5.500232,-3.197141,1.099120,-2.885370,3.388313,-4.083089,-0.661779
826,1.652000,10.217754,1966.120,762.182,16.345507,25.226162,-11.498468,-2.329207,-8.801100,4.269643,-9.233757,-0.707383,-2.641182,7.589845,1.518771,5.841720,-0.068056,5.722454,-3.221502,0.966253,-2.832567,3.508171,-4.182022,-0.519858
827,1.654000,10.244442,1966.951,772.070,16.242512,25.080181,-11.706793,-2.295201,-8.794056,4.166459,-9.367100,-0.846013,-2.702135,7.530413,1.510832,5.806008,0.151440,5.926182,-3.227193,0.878870,-2.782788,3.603675,-4.248697,-0.391964
828,1.656000,10.264598,1972.322,783.369,16.177197,24.967953,-11.913103,-2.377091,-8.835955,4.059750,-9.505398,-1.001811,-2.823916,7.445383,1.412133,5.770298,0.338872,6.076073,-3.224333,0.842023,-2.723692,3.672939,-4.280813,-0.294692
829,1.658000,10.266926,1984.342,797.195,16.136194,24.880947,-12.090872,-2.560233,-8.935772,3.966055,-9.630535,-1.145337,-2.959054,7.361713,1.226664,5.711709,0.454136,6.156096,-3.225852,0.850792,-2.659447,3.692579,-4.285128,-0.239722
830,1.660000,10.244158,2004.730,814.151,16.105303,24.829712,-12.214848,-2.816931,-9.075240,3.911672,-9.714111,-1.238388,-3.063393,7.310657,0.984282,5.614553,0.472191,6.171764,-3.244026,0.891415,-2.611497,3.638736,-4.267185,-0.227279
831,1.662000,10.194973,2034.495,833.855,16.076771,24.835651,-12.260830,-3.109566,-9.211862,3.922678,-9.728380,-1.248417,-3.107703,7.332485,0.742493,5.483716,0.394314,6.142238,-3.281225,0.957317,-2.589984,3.523089,-4.207322,-0.231616
832,1.664000,10.124396,2073.055,854.505,16.031345,24.892960,-12.232059,-3.408344,-9.309156,4.014240,-9.657431,-1.164623,-3.090698,7.463742,0.566932,5.346515,0.245884,6.088889,-3.337760,1.046245,-2.586950,3.385886,-4.077447,-0.219899
833,1.666000,10.043187,2116.966,872.921,15.953671,24.976131,-12.146826,-3.691600,-9.349409,4.187663,-9.497135,-1.007363,-3.045442,7.699316,0.484309,5.215133,0.046867,6.012341,-3.425795,1.134974,-2.598663,3.253374,-3.877065,-0.184107
834,1.668000,9.964452,2159.693,885.815,15.834999,25.054508,-12.030981,-3.947372,-9.338017,4.427016,-9.255903,-0.810014,-3.009282,8.002383,0.485396,5.092864,-0.185305,5.910812,-3.550580,1.191380,-2.629502,3.130723,-3.642702,-0.139748
835,1.670000,9.898095,2193.854,891.634,15.679744,25.107616,-11.903444,-4.164153,-9.291954,4.704684,-8.952444,-0.602325,-2.998261,8.324627,0.548599,4.989166,-0.429482,5.792438,-3.694945,1.196455,-2.678153,3.023112,-3.413867,-0.087689
836,1.672000,9.847182,2214.899,891.330,15.510210,25.130322,-11.769793,-4.325027,-9.224575,4.988438,-8.614828,-0.402356,-3.007213,8.615067,0.651018,4.917783,-0.663734,5.668995,-3.826723,1.145990,-2.742121,2.932276,-3.215667,-0.013056
837,1.674000,9.808887,2222.858,887.191,15.356216,25.133245,-11.633083,-4.417183,-9.143379,5.246104,-8.281128,-0.212148,-3.023892,8.826852,0.766855,4.888000,-0.866980,5.546456,-3.922800,1.054014,-2.825259,2.851228,-3.064322,0.089898
838,1.676000,9.779711,2220.141,880.869,15.255503,25.153625,-11.484767,-4.439527,-9.057274,5.436185,-8.007458,-0.043894,-3.051772,8.916287,0.869419,4.902421,-1.005006,5.439496,-3.961042,0.966547,-2.918322,2.775574,-2.964038,0.210133
839,1.678000,9.759802,2208.678,872.614,15.229158,25.230236,-11.314873,-4.410873,-8.993030,5.512222,-7.853334,0.071304,-3.110252,8.859961,0.939572,4.962735,-1.039483,5.381129,-3.915679,0.943859,-2.995675,2.712764,-2.911282,0.327281
840,1.680000,9.753051,2189.227,861.938,15.253263,25.363567,-11.123188,-4.356098,-8.961275,5.475962,-7.804695,0.139737,-3.183199,8.691268,0.980710,5.056211,-0.973863,5.370816,-3.802095,0.988598,-3.051531,2.667800,-2.892269,0.438268
841,1.682000,9.763676,2162.512,848.529,15.292210,25.545660,-10.904840,-4.279408,-8.947399,5.367966,-7.803473,0.188702,-3.241659,8.473589,1.006406,5.164033,-0.834414,5.399786,-3.646359,1.074748,-3.083034,2.650454,-2.895442,0.540238
842,1.684000,9.791393,2130.974,832.921,15.328344,25.776535,-10.653715,-4.170313,-8.925596,5.237833,-7.799568,0.237060,-3.266819,8.264295,1.035695,5.281646,-0.631020,5.475164,-3.466830,1.180059,-3.081744,2.663448,-2.927737,0.611928
843,1.686000,9.828784,2099.203,816.855,15.348103,26.041172,-10.383178,-4.027185,-8.882181,5.135012,-7.760877,0.293783,-3.251616,8.098555,1.079899,5.408609,-0.368999,5.598598,-3.292859,1.285415,-3.040808,2.706172,-2.993380,0.638531
844,1.688000,9.864255,2071.907,802.688,15.335550,26.302872,-10.124006,-3.865135,-8.832068,5.093454,-7.678830,0.344483,-3.212121,7.977693,1.134246,5.542356,-0.066048,5.757453,-3.156170,1.380356,-2.960014,2.773251,-3.088158,0.622578
845,1.690000,9.887726,2052.036,792.364,15.278656,26.513832,-9.908478,-3.704520,-8.802243,5.128196,-7.555477,0.364500,-3.171032,7.886475,1.191945,5.679736,0.242833,5.921997,-3.079734,1.453956,-2.857782,2.848794,-3.202612,0.585310
846,1.692000,9.895474,2040.403,786.750,15.186425,26.637035,-9.759827,-3.553608,-8.810558,5.231851,-7.404442,0.331646,-3.145078,7.814507,1.251595,5.815504,0.520558,6.066536,-3.062201,1.498036,-2.762126,2.919530,-3.324902,0.554363
847,1.694000,9.890962,2036.216,785.574,15.089725,26.654768,-9.691484,-3.410605,-8.856468,5.373780,-7.252236,0.235880,-3.141986,7.757112,1.316383,5.933813,0.741008,6.178323,-3.089244,1.501697,-2.702144,2.980171,-3.439067,0.552339
848,1.696000,9.882807,2037.683,787.937,15.021696,26.561745,-9.710253,-3.274563,-8.926540,5.512224,-7.134771,0.082984,-3.160233,7.711215,1.392754,6.016933,0.898600,6.258830,-3.145496,1.454722,-2.693809,3.030598,-3.526000,0.588289
849,1.698000,9.881242,2042.422,792.842,14.997623,26.355701,-9.818369,-3.155892,-9.008493,5.612753,-7.084534,-0.105859,-3.183191,7.678818,1.481635,6.058158,1.007983,6.315740,-3.214412,1.359490,-2.733763,3.065894,-3.573975,0.652375
850,1.700000,9.893293,2048.188,799.566,15.019314,26.056610,-10.001823,-3.066557,-9.094516,5.655594,-7.123652,-0.303082,-3.193770,7.656486,1.554632,6.052226,1.082883,6.350284,-3.280701,1.242438,-2.801628,3.074853,-3.579636,0.728941
851,1.702000,9.918926,2053.829,807.770,15.073824,25.699135,-10.244869,-3.018839,-9.179861,5.630521,-7.249504,-0.465373,-3.172020,7.646658,1.580094,6.006108,1.132143,6.361825,-3.328963,1.141039,-2.879545,3.033676,-3.556763,0.792459
852,1.704000,9.952380,2059.319,817.048,15.150917,25.332684,-10.524956,-3.010338,-9.250391,5.534574,-7.443889,-0.559022,-3.123283,7.642932,1.541662,5.931640,1.156712,6.358194,-3.342711,1.077866,-2.959632,2.936872,-3.510752,0.824464
853,1.706000,9.987122,2064.933,826.479,15.235580,24.991848,-10.819379,-3.033265,-9.291098,5.378266,-7.674351,-0.568303,-3.070889,7.644005,1.463647,5.857711,1.168913,6.368133,-3.300519,1.055670,-3.042875,2.803077,-3.439709,0.804527
854,1.708000,10.020714,2069.971,834.185,15.323883,24.699463,-11.106621,-3.075003,-9.288190,5.187848,-7.905555,-0.497614,-3.037214,7.655370,1.385700,5.817059,1.184680,6.410363,-3.198758,1.071864,-3.122950,2.670582,-3.332837,0.738274
855,1.710000,10.055629,2072.570,837.579,15.428761,24.468502,-11.376293,-3.125212,-9.240330,4.992293,-8.106604,-0.358247,-3.023986,7.688859,1.343236,5.835823,1.215663,6.470200,-3.061933,1.123794,-3.192240,2.561754,-3.203132,0.640337
856,1.712000,10.096223,2070.773,834.565,15.572538,24.306320,-11.623171,-3.171435,-9.155508,4.821785,-8.251930,-0.173272,-3.033552,7.746651,1.356510,5.923002,1.254180,6.502751,-2.927927,1.201484,-3.255256,2.470217,-3.089403,0.521152
857,1.714000,10.144508,2063.924,824.749,15.760149,24.207403,-11.845092,-3.203528,-9.055475,4.691904,-8.334234,0.014425,-3.089388,7.808051,1.421051,6.066299,1.277395,6.464312,-2.823820,1.292017,-3.323331,2.378191,-3.030994,0.387033
858,1.716000,10.197437,2053.201,809.806,15.965156,24.153690,-12.036104,-3.218884,-8.967281,4.602956,-8.359026,0.163143,-3.213156,7.843373,1.511399,6.229983,1.260704,6.336216,-2.761582,1.381703,-3.399568,2.277477,-3.039947,0.254256
859,1.718000,10.246865,2041.112,792.925,16.146103,24.137207,-12.174463,-3.209019,-8.898901,4.552173,-8.340097,0.253854,-3.397059,7.830037,1.585237,6.361033,1.187713,6.130645,-2.744076,1.454413,-3.483053,2.162119,-3.110277,0.139168
860,1.720000,10.282965,2030.048,777.465,16.255211,24.144022,-12.256428,-3.176824,-8.842297,4.540323,-8.295080,0.293314,-3.595682,7.771688,1.611317,6.422550,1.074572,5.896707,-2.754021,1.506125,-3.561348,2.029188,-3.236668,0.035264
861,1.722000,10.298317,2021.066,765.622,16.267105,24.170826,-12.290130,-3.125856,-8.782109,4.570187,-8.251469,0.286504,-3.768833,7.674962,1.561508,6.391576,0.945856,5.695793,-2.760781,1.553186,-3.602349,1.896030,-3.400390,-0.053777
862,1.724000,10.290916,2013.751,758.019,16.173246,24.206924,-12.289131,-3.055540,-8.711576,4.647629,-8.223753,0.240661,-3.887649,7.553857,1.442830,6.283773,0.819575,5.577088,-2.734363,1.612912,-3.582273,1.766829,-3.589175,-0.122475
863,1.726000,10.265339,2006.806,754.028,15.988544,24.237614,-12.260865,-2.961191,-8.631870,4.778207,-8.206654,0.167368,-3.934996,7.423063,1.287418,6.138323,0.697834,5.560371,-2.661144,1.691445,-3.498093,1.627117,-3.800407,-0.171705
864,1.728000,10.231350,1998.789,752.353,15.754513,24.261473,-12.206136,-2.846086,-8.549110,4.945434,-8.202265,0.068020,-3.920743,7.288474,1.121816,5.988249,0.581686,5.649797,-2.537781,1.800491,-3.352772,1.477605,-4.026762,-0.208957
865,1.730000,10.200777,1989.154,751.801,15.529600,24.294006,-12.118885,-2.726070,-8.471873,5.114949,-8.212855,-0.056357,-3.875222,7.153748,0.965500,5.849621,0.474457,5.834975,-2.370810,1.953437,-3.157429,1.341947,-4.252185,-0.247496
866,1.732000,10.182918,1979.355,752.247,15.384281,24.367718,-11.986943,-2.616857,-8.410892,5.257027,-8.225279,-0.190209,-3.822125,7.030691,0.833653,5.720607,0.369602,6.084750,-2.179794,2.145800,-2.931381,1.254221,-4.455573,-0.300768
867,1.734000,10.179153,1972.909,755.139,15.357641,24.496593,-11.821264,-2.533251,-8.380357,5.355862,-8.219240,-0.307025,-3.765030,6.946424,0.747451,5.600090,0.254691,6.348472,-1.994475,2.348238,-2.698471,1.237238,-4.615911,-0.369639
868,1.736000,10.181348,1973.822,762.796,15.428751,24.661411,-11.659168,-2.485665,-8.385999,5.406585,-8.189505,-0.392682,-3.703986,6.921295,0.723157,5.495660,0.128210,6.578595,-1.834093,2.527694,-2.473466,1.296949,-4.712578,-0.432237
869,1.738000,10.175668,1985.040,777.109,15.534627,24.830900,-11.542875,-2.483904,-8.414053,5.421309,-8.141577,-0.451205,-3.644870,6.948994,0.752136,5.413577,0.005112,6.751172,-1.698842,2.667313,-2.262760,1.423418,-4.733834,-0.457034
870,1.740000,10.148963,2008.082,798.557,15.606252,24.987877,-11.497684,-2.544368,-8.441774,5.421377,-8.083757,-0.495978,-3.596523,7.000293,0.806289,5.350750,-0.097019,6.860714,-1.589617,2.759439,-2.073308,1.602910,-4.673675,-0.415555
871,1.742000,10.094388,2043.080,825.620,15.595895,25.132000,-11.526325,-2.688491,-8.467826,5.411025,-8.029042,-0.534558,-3.563297,7.047495,0.873662,5.315210,-0.165836,6.911106,-1.519322,2.785624,-1.922861,1.824528,-4.534284,-0.298272
872,1.744000,10.014236,2088.220,854.571,15.489103,25.267483,-11.605427,-2.912152,-8.496578,5.382452,-7.992792,-0.562097,-3.543923,7.065534,0.951234,5.310918,-0.216378,6.896272,-1.504856,2.722748,-1.835285,2.077945,-4.334168,-0.124387
873,1.746000,9.920335,2137.957,879.659,15.296055,25.385201,-11.698505,-3.170592,-8.519724,5.329944,-7.991819,-0.566258,-3.527712,7.036513,1.029278,5.324450,-0.290568,6.801541,-1.551414,2.564237,-1.828812,2.343588,-4.117984,0.058147
874,1.748000,9.833004,2181.192,894.197,15.057040,25.469875,-11.778666,-3.407056,-8.532434,5.250844,-8.041124,-0.544453,-3.501611,6.955797,1.097768,5.352426,-0.407884,6.627194,-1.656392,2.313353,-1.911301,2.600209,-3.934058,0.197930
875,1.750000,9.774998,2203.954,893.538,14.834339,25.506470,-11.828653,-3.569314,-8.540914,5.154012,-8.139071,-0.502726,-3.452106,6.841845,1.153032,5.405545,-0.541424,6.400023,-1.802337,1.986693,-2.074621,2.825143,-3.822190,0.251122
876,1.752000,9.760100,2198.678,877.859,14.694780,25.493748,-11.823154,-3.615433,-8.563705,5.057343,-8.257525,-0.445296,-3.369349,6.734984,1.197816,5.491190,-0.639469,6.161101,-1.962012,1.613819,-2.297244,2.995714,-3.789638,0.208873
877,1.754000,9.785239,2171.014,852.086,14.678935,25.441185,-11.744218,-3.533522,-8.624889,4.974305,-8.349482,-0.370857,-3.250282,6.682772,1.236540,5.600438,-0.654188,5.958606,-2.100254,1.241795,-2.536311,3.103090,-3.794671,0.115210
878,1.756000,9.835044,2134.314,823.348,14.786897,25.369181,-11.598167,-3.351581,-8.741282,4.903530,-8.380370,-0.281389,-3.099507,6.717200,1.269374,5.703944,-0.560156,5.833051,-2.186993,0.922572,-2.743058,3.152476,-3.780102,0.027489
879,1.758000,9.892579,2099.548,797.818,14.982879,25.307671,-11.415134,-3.130376,-8.918543,4.832506,-8.363516,-0.198318,-2.935636,6.835874,1.284431,5.755886,-0.378459,5.788343,-2.211342,0.695597,-2.892189,3.151370,-3.719010,-0.022532
880,1.760000,9.945923,2071.542,778.712,15.218692,25.282669,-11.230637,-2.927764,-9.128356,4.780533,-8.324306,-0.135604,-2.761209,7.027651,1.284080,5.734933,-0.159587,5.788190,-2.181900,0.574547,-2.995089,3.082937,-3.637894,-0.043464
881,1.762000,9.988741,2050.836,766.430,15.452049,25.300274,-11.086141,-2.791035,-9.326579,4.793535,-8.282066,-0.111731,-2.589887,7.270912,1.282103,5.653113,0.036769,5.776680,-2.119674,0.563305,-3.070655,2.924286,-3.577442,-0.037727
882,1.764000,10.018190,2036.503,759.964,15.649929,25.354580,-10.999072,-2.736147,-9.475165,4.906101,-8.240244,-0.136051,-2.449404,7.529977,1.287718,5.542591,0.167008,5.709110,-2.061762,0.641253,-3.139687,2.668735,-3.568335,-0.008012
883,1.766000,10.032361,2027.821,758.205,15.805618,25.464624,-10.926901,-2.723072,-9.544216,5.111979,-8.195923,-0.193746,-2.370145,7.741930,1.268540,5.418440,0.209591,5.566104,-2.057197,0.757216,-3.219762,2.349609,-3.604431,0.040438
884,1.768000,10.028646,2024.665,760.471,15.908543,25.626095,-10.846192,-2.712928,-9.518998,5.374104,-8.137763,-0.238699,-2.349018,7.872992,1.212487,5.316535,0.192433,5.378608,-2.120559,0.873739,-3.309391,2.022238,-3.658336,0.102381
885,1.770000,10.004423,2027.120,766.433,15.948265,25.810076,-10.780396,-2.690330,-9.398041,5.643233,-8.055956,-0.222423,-2.365713,7.930734,1.145470,5.290953,0.175512,5.215020,-2.223766,0.985510,-3.382135,1.741126,-3.696383,0.184791
886,1.772000,9.959595,2034.842,775.679,15.923969,25.983456,-10.761048,-2.653011,-9.189128,5.868482,-7.951092,-0.125663,-2.412128,7.930629,1.085437,5.356200,0.190951,5.120994,-2.350281,1.071910,-3.423422,1.526223,-3.697413,0.299232
887,1.774000,9.900022,2045.797,786.740,15.840866,26.118391,-10.797756,-2.603549,-8.918919,6.005387,-7.847513,0.022972,-2.504074,7.881484,1.025560,5.488236,0.239429,5.117769,-2.493357,1.114612,-3.429154,1.368439,-3.654477,0.451121
888,1.776000,9.838747,2055.246,796.439,15.709206,26.192802,-10.869511,-2.545271,-8.623245,6.038938,-7.773391,0.171384,-2.652586,7.791874,0.951510,5.651408,0.310776,5.201694,-2.652116,1.107478,-3.402927,1.241900,-3.570239,0.635697
889,1.778000,9.793654,2056.336,800.321,15.555247,26.202034,-10.937338,-2.477492,-8.340678,5.983377,-7.754166,0.265993,-2.857132,7.665745,0.848836,5.814056,0.396571,5.350319,-2.824164,1.064239,-3.347869,1.126506,-3.460289,0.833018
890,1.780000,9.780619,2043.411,794.257,15.416666,26.154423,-10.969194,-2.403099,-8.115584,5.862266,-7.803699,0.272700,-3.099323,7.508887,0.718137,5.955218,0.491086,5.529848,-2.996967,1.018248,-3.262113,1.018948,-3.359551,1.000030
891,1.782000,9.804217,2016.676,776.931,15.328295,26.069271,-10.950375,-2.329902,-7.989235,5.703217,-7.904403,0.202029,-3.330573,7.342766,0.575693,6.055825,0.567887,5.687658,-3.165142,1.000292,-3.149629,0.923526,-3.318778,1.078214
892,1.784000,9.854290,1982.638,751.189,15.300930,25.969772,-10.878384,-2.270241,-7.977647,5.528991,-8.016459,0.085265,-3.495698,7.194596,0.444597,6.107494,0.598781,5.777816,-3.324309,1.028894,-3.012446,0.853772,-3.367619,1.025399
893,1.786000,9.913270,1948.787,722.317,15.310730,25.876753,-10.753361,-2.228177,-8.055505,5.356446,-8.103452,-0.060883,-3.575645,7.077969,0.338685,6.118677,0.576748,5.779571,-3.470429,1.096338,-2.854179,0.833564,-3.487979,0.855420
894,1.788000,9.967215,1919.272,694.925,15.321482,25.805588,-10.586417,-2.204862,-8.187213,5.194099,-8.146151,-0.222128,-3.579566,7.002477,0.264666,6.110168,0.518776,5.701634,-3.590220,1.184707,-2.675113,0.892091,-3.636517,0.615201
895,1.790000,10.010994,1894.947,671.578,15.306100,25.756195,-10.411036,-2.201637,-8.353924,5.052351,-8.141825,-0.372740,-3.528170,6.976443,0.222445,6.105219,0.456467,5.580361,-3.656708,1.280614,-2.482762,1.042297,-3.778690,0.355695
896,1.792000,10.046379,1875.234,653.217,15.267012,25.718763,-10.272742,-2.224180,-8.549576,4.937335,-8.101175,-0.497646,-3.455956,6.985490,0.195501,6.104993,0.417550,5.466036,-3.632265,1.375248,-2.300280,1.262026,-3.896712,0.127537
897,1.794000,10.077900,1859.424,639.906,15.222686,25.678841,-10.224972,-2.288909,-8.771404,4.848998,-8.032057,-0.590781,-3.397850,7.006409,0.160444,6.088770,0.408474,5.409070,-3.485276,1.460635,-2.163825,1.491268,-3.989711,-0.026674
898,1.796000,10.109185,1847.296,631.509,15.185980,25.618790,-10.304479,-2.403600,-9.003344,4.781197,-7.943070,-0.663673,-3.385550,7.027530,0.112246,6.036488,0.421426,5.435599,-3.213017,1.529447,-2.090318,1.674196,-4.054657,-0.081839
899,1.798000,10.139749,1839.464,628.315,15.150707,25.521412,-10.514210,-2.553021,-9.215031,4.725204,-7.851053,-0.736135,-3.444318,7.051736,0.074769,5.957726,0.459222,5.540977,-2.848070,1.578481,-2.063174,1.798429,-4.086185,-0.043372
900,1.800000,10.164297,1837.117,631.061,15.106684,25.388363,-10.823143,-2.708738,-9.371313,4.677432,-7.766315,-0.804793,-3.566310,7.088389,0.079623,5.884699,0.537466,5.698585,-2.446927,1.599283,-2.061172,1.877192,-4.093036,0.053213
901,1.802000,10.175407,1841.495,640.513,15.062076,25.255825,-11.168543,-2.833404,-9.435513,4.650861,-7.687692,-0.848323,-3.715657,7.141819,0.142795,5.848419,0.668876,5.879359,-2.067705,1.588427,-2.069891,1.929351,-4.090305,0.167104
902,1.804000,10.167876,1853.454,656.761,15.023291,25.149986,-11.498041,-2.912107,-9.403324,4.656358,-7.621854,-0.860354,-3.856088,7.206359,0.258881,5.864374,0.849659,6.063508,-1.757124,1.563114,-2.072624,1.977309,-4.076816,0.290399
903,1.806000,10.142295,1873.055,678.494,15.008389,25.092743,-11.761320,-2.935532,-9.298204,4.705728,-7.577562,-0.854343,-3.965944,7.262372,0.403240,5.918143,1.039308,6.221789,-1.564623,1.535859,-2.066578,2.027427,-4.052553,0.428723
904,1.808000,10.105981,1899.004,702.655,15.042872,25.110245,-11.908871,-2.892344,-9.159264,4.811959,-7.556297,-0.850995,-4.042284,7.289174,0.541185,5.969178,1.168698,6.309057,-1.538012,1.496843,-2.073062,2.068999,-4.038571,0.570687
905,1.810000,10.071702,1927.881,724.781,15.133746,25.208374,-11.921204,-2.790215,-9.036276,4.970990,-7.552724,-0.861857,-4.091407,7.284572,0.650885,5.984375,1.191650,6.291482,-1.686413,1.429637,-2.120551,2.095651,-4.057836,0.701943
906,1.812000,10.053525,1954.417,740.592,15.251014,25.342239,-11.836702,-2.668518,-8.979473,5.158024,-7.560343,-0.876436,-4.110982,7.275088,0.743852,5.977736,1.126195,6.186775,-1.954278,1.343933,-2.219551,2.112189,-4.122490,0.805358
907,1.814000,10.059896,1973.984,748.433,15.367283,25.458580,-11.712650,-2.565060,-9.011848,5.341728,-7.577229,-0.883326,-4.107234,7.279020,0.831579,5.981869,1.019307,6.048648,-2.260267,1.263439,-2.361959,2.124823,-4.223139,0.866894
908,1.816000,10.087274,1985.764,750.402,15.473185,25.524498,-11.592419,-2.498708,-9.116422,5.498948,-7.589787,-0.868620,-4.092652,7.298439,0.908404,6.009296,0.904615,5.927754,-2.545503,1.189379,-2.539460,2.122833,-4.336928,0.876251
909,1.818000,10.121692,1992.864,750.743,15.560189,25.518494,-11.507154,-2.477487,-9.249828,5.607937,-7.576720,-0.814194,-4.081656,7.327812,0.960881,6.048189,0.795965,5.856938,-2.777736,1.108459,-2.739358,2.094320,-4.429652,0.838750
910,1.820000,10.146769,1999.502,753.235,15.616621,25.434326,-11.472115,-2.503491,-9.360096,5.650303,-7.523567,-0.705107,-4.087442,7.354475,0.979922,6.078897,0.697855,5.848893,-2.944451,1.011666,-2.943976,2.038065,-4.472615,0.771087
911,1.822000,10.151561,2008.203,759.485,15.626619,25.284378,-11.482570,-2.578085,-9.405495,5.618841,-7.434197,-0.541032,-4.112482,7.365791,0.968850,6.092134,0.618978,5.901808,-3.039203,0.909162,-3.127658,1.963414,-4.454768,0.691282
912,1.824000,10.134094,2018.635,768.578,15.571388,25.096502,-11.525721,-2.701628,-9.371328,5.525445,-7.327624,-0.330586,-4.144619,7.366346,0.939895,6.092179,0.561470,5.995743,-3.069264,0.819497,-3.273048,1.877681,-4.383888,0.618136
913,1.826000,10.100794,2027.566,777.571,15.450253,24.917463,-11.575406,-2.862421,-9.269443,5.381690,-7.242666,-0.112563,-4.194098,7.351453,0.898781,6.087754,0.523627,6.112309,-3.032913,0.775974,-3.360945,1.798313,-4.262883,0.566348
914,1.828000,10.063631,2029.910,782.565,15.278868,24.789242,-11.605608,-3.044754,-9.133587,5.188045,-7.225167,0.052238,-4.291695,7.307061,0.849797,6.085748,0.503613,6.244085,-2.916655,0.814623,-3.377380,1.746558,-4.092551,0.538038
915,1.830000,10.034871,2021.426,780.313,15.076717,24.729918,-11.603951,-3.237246,-9.007791,4.942625,-7.306478,0.113491,-4.456106,7.227848,0.804689,6.089356,0.499980,6.386764,-2.715531,0.948855,-3.328231,1.731470,-3.884858,0.524627
916,1.832000,10.020127,2002.110,770.022,14.841679,24.710701,-11.589617,-3.438492,-8.935311,4.655519,-7.474464,0.077447,-4.647231,7.146540,0.795569,6.107430,0.514283,6.527721,-2.452297,1.148147,-3.247005,1.742232,-3.680317,0.497713
917,1.834000,10.014879,1976.874,754.241,14.581421,24.710178,-11.572158,-3.626070,-8.933366,4.352598,-7.692922,-0.026116,-4.810631,7.086663,0.824090,6.122561,0.524150,6.637638,-2.162658,1.368998,-3.149145,1.797229,-3.506049,0.451922
918,1.836000,10.007550,1952.636,737.956,14.324445,24.740902,-11.533799,-3.751975,-8.974785,4.077257,-7.916736,-0.164510,-4.904294,7.052020,0.865299,6.104850,0.497171,6.689212,-1.875557,1.574260,-3.032299,1.927875,-3.374288,0.398388
919,1.838000,9.986131,1935.022,726.344,14.090367,24.826990,-11.452625,-3.780188,-9.002085,3.869379,-8.111952,-0.301710,-4.912015,7.041055,0.903446,6.043197,0.419758,6.678279,-1.613779,1.741804,-2.893739,2.146836,-3.278615,0.360571
920,1.840000,9.943306,1927.151,722.743,13.876015,24.979733,-11.324965,-3.714564,-8.958838,3.746825,-8.265367,-0.396905,-4.844252,7.057453,0.942771,5.953624,0.307354,6.626972,-1.400461,1.864657,-2.743728,2.424474,-3.216884,0.347595
921,1.842000,9.879271,1929.865,727.666,13.677784,25.184452,-11.168272,-3.593501,-8.816535,3.709378,-8.369976,-0.412725,-4.725361,7.111062,0.993050,5.866849,0.188688,6.556319,-1.266968,1.936126,-2.598253,2.702661,-3.202525,0.360497
922,1.844000,9.802547,1941.861,738.475,13.492800,25.381054,-11.031208,-3.490213,-8.614849,3.717904,-8.449021,-0.363776,-4.617709,7.181993,1.034122,5.803619,0.092580,6.484053,-1.219464,1.977965,-2.428059,2.964180,-3.210258,0.450253
923,1.846000,9.727768,1959.436,749.900,13.326933,25.507462,-10.942914,-3.448561,-8.410269,3.748800,-8.504192,-0.270947,-4.555888,7.260541,1.054788,5.788016,0.044164,6.428182,-1.249140,2.002997,-2.222677,3.175672,-3.238582,0.628797
924,1.848000,9.669318,1977.215,756.265,13.209190,25.557842,-10.875107,-3.457550,-8.241458,3.802647,-8.503325,-0.149530,-4.532760,7.334130,1.043078,5.815599,0.036501,6.393914,-1.352057,2.000778,-2.016079,3.283371,-3.306412,0.850579
925,1.850000,9.634824,1990.232,754.356,13.178175,25.582661,-10.769882,-3.471527,-8.125704,3.899803,-8.397678,0.002904,-4.512143,7.390233,0.986299,5.859399,0.034380,6.369911,-1.535735,1.944063,-1.879871,3.233111,-3.447071,1.034482
926,1.852000,9.622592,1996.183,744.850,13.241875,25.630596,-10.593681,-3.458433,-8.081833,4.049500,-8.171897,0.191967,-4.462274,7.415474,0.878068,5.894565,0.007284,6.347527,-1.782060,1.836502,-1.848503,3.040029,-3.650818,1.141402
927,1.854000,9.625168,1995.476,731.032,13.356756,25.701422,-10.361531,-3.420919,-8.132331,4.234423,-7.862871,0.411882,-4.360865,7.417320,0.738954,5.917319,-0.050574,6.333518,-2.040834,1.725038,-1.895423,2.785702,-3.865227,1.187045
928,1.856000,9.634876,1989.349,716.240,13.469019,25.779552,-10.098133,-3.373025,-8.276276,4.426630,-7.531824,0.639347,-4.200484,7.416263,0.602774,5.929425,-0.136242,6.331979,-2.274698,1.645683,-1.982676,2.547720,-4.045475,1.193052
929,1.858000,9.647182,1978.400,702.360,13.545793,25.858295,-9.825087,-3.335579,-8.491095,4.590628,-7.247576,0.826682,-4.000949,7.417966,0.492522,5.931297,-0.233956,6.357825,-2.456523,1.610066,-2.079472,2.376633,-4.165293,1.171428
930,1.860000,9.660678,1962.776,689.825,13.585149,25.948521,-9.552710,-3.320596,-8.727631,4.701874,-7.060985,0.920963,-3.796830,7.406563,0.409450,5.915621,-0.320693,6.436251,-2.558666,1.616566,-2.159302,2.298722,-4.214415,1.122495
931,1.862000,9.675119,1943.084,678.247,13.585659,26.048670,-9.298901,-3.330637,-8.927380,4.761201,-6.975220,0.906074,-3.604329,7.375843,0.355359,5.877738,-0.380366,6.570902,-2.582772,1.638326,-2.216850,2.305421,-4.203595,1.041588
932,1.864000,9.688317,1921.442,667.550,13.540591,26.150272,-9.081322,-3.352670,-9.047277,4.784698,-6.956934,0.796163,-3.441737,7.318859,0.330329,5.821145,-0.405841,6.738061,-2.556280,1.650006,-2.250552,2.366668,-4.159935,0.927792
933,1.866000,9.694990,1901.389,658.831,13.448012,26.246340,-8.918625,-3.360758,-9.069771,4.788999,-6.961742,0.625890,-3.334072,7.227607,0.332094,5.757099,-0.401114,6.892498,-2.524167,1.644070,-2.250322,2.456210,-4.107259,0.794642
934,1.868000,9.689478,1886.644,654.281,13.319756,26.320541,-8.847972,-3.330372,-8.993723,4.781349,-6.964056,0.431205,-3.306946,7.089601,0.353431,5.701288,-0.374436,6.985963,-2.527051,1.625686,-2.208695,2.560008,-4.056149,0.658091
935,1.870000,9.669530,1879.918,656.160,13.175747,26.347870,-8.909242,-3.242749,-8.827901,4.760812,-6.966089,0.243486,-3.367376,6.892491,0.382422,5.670342,-0.339168,6.975921,-2.587258,1.598369,-2.139911,2.670698,-4.004704,0.529767
936,1.872000,9.638694,1882.139,665.213,13.029007,26.308475,-9.112396,-3.091604,-8.600157,4.721613,-6.985027,0.081977,-3.496773,6.635130,0.408340,5.679173,-0.312429,6.834573,-2.706069,1.557161,-2.079373,2.780934,-3.945897,0.417498
937,1.874000,9.606152,1892.081,679.859,12.882084,26.199125,-9.427638,-2.892539,-8.354569,4.666452,-7.036896,-0.061466,-3.664194,6.337255,0.425542,5.728262,-0.303065,6.565883,-2.870612,1.492418,-2.055728,2.885679,-3.876420,0.328981
938,1.876000,9.584332,1906.122,696.337,12.735394,26.031563,-9.807462,-2.679731,-8.131865,4.607809,-7.130661,-0.211365,-3.842382,6.029808,0.435123,5.803859,-0.308581,6.207544,-3.059126,1.402919,-2.076944,2.976254,-3.801387,0.270049
939,1.878000,9.583443,1919.213,710.199,12.598883,25.828432,-10.206665,-2.493701,-7.958807,4.553917,-7.265408,-0.375257,-4.004811,5.749174,0.444078,5.883526,-0.321675,5.818667,-3.241771,1.301547,-2.138067,3.030405,-3.733671,0.239390
940,1.880000,9.605440,1927.370,718.602,12.505226,25.635376,-10.581736,-2.362300,-7.847764,4.507129,-7.423396,-0.518421,-4.115900,5.537684,0.455823,5.943443,-0.330686,5.475506,-3.366883,1.231525,-2.214676,3.028469,-3.691894,0.226012
941,1.882000,9.644091,1929.455,721.232,12.500254,25.512333,-10.886089,-2.283949,-7.787077,4.477143,-7.561804,-0.572601,-4.131824,5.444388,0.477421,5.973834,-0.313530,5.255095,-3.375454,1.242706,-2.274362,2.968735,-3.689511,0.227958
942,1.884000,9.690516,1926.485,719.386,12.589575,25.473055,-11.099622,-2.244702,-7.754328,4.457104,-7.666997,-0.517201,-4.054104,5.487924,0.511671,5.980434,-0.246827,5.199243,-3.252857,1.337653,-2.309641,2.861112,-3.727548,0.250843
943,1.886000,9.738764,1919.900,714.560,12.719622,25.462013,-11.249178,-2.250782,-7.741933,4.415566,-7.771692,-0.399500,-3.928957,5.640020,0.549085,5.966878,-0.130560,5.293407,-3.041330,1.476238,-2.333711,2.720544,-3.794756,0.288591
944,1.888000,9.787948,1910.643,707.677,12.840389,25.424299,-11.369476,-2.318281,-7.755768,4.345680,-7.886398,-0.253938,-3.777053,5.857285,0.580395,5.939435,0.025044,5.506185,-2.780726,1.625657,-2.360209,2.559880,-3.872849,0.331495
945,1.890000,9.840204,1899.177,699.098,12.924885,25.329386,-11.484114,-2.452407,-7.808073,4.275374,-7.990588,-0.093806,-3.600051,6.093801,0.606877,5.917803,0.207543,5.799254,-2.493295,1.773856,-2.392643,2.391648,-3.945222,0.370608
946,1.892000,9.896648,1885.936,689.010,12.961256,25.166763,-11.600233,-2.635679,-7.904587,4.237511,-8.068684,0.047582,-3.424512,6.296977,0.634802,5.930095,0.396618,6.117966,-2.197067,1.924522,-2.412505,2.244881,-3.997551,0.394209
947,1.894000,9.954287,1871.797,677.939,12.951782,24.947001,-11.710793,-2.838944,-8.037868,4.255625,-8.108095,0.132552,-3.294648,6.418528,0.654061,5.991521,0.564516,6.400083,-1.919717,2.068382,-2.414616,2.144526,-4.022372,0.400350
948,1.896000,10.005451,1858.188,666.988,12.907742,24.701141,-11.792896,-3.032007,-8.190832,4.330794,-8.107477,0.137725,-3.250887,6.430761,0.637695,6.094288,0.691579,6.609378,-1.671928,2.194561,-2.406378,2.099905,-4.018174,0.392529
949,1.898000,10.040651,1846.621,657.527,12.858942,24.496656,-11.793013,-3.173464,-8.334480,4.443595,-8.090294,0.049455,-3.330989,6.306950,0.537876,6.190927,0.752413,6.729114,-1.451979,2.296208,-2.390888,2.113934,-3.970798,0.391024
950,1.900000,10.053548,1838.080,650.590,12.808414,24.354561,-11.703243,-3.255490,-8.456844,4.573339,-8.069532,-0.092986,-3.511125,6.076592,0.361919,6.267400,0.763554,6.788178,-1.245219,2.372083,-2.366778,2.171891,-3.884189,0.396488
951,1.902000,10.044969,1832.646,646.344,12.766686,24.265697,-11.544048,-3.273749,-8.543850,4.717765,-8.024672,-0.212937,-3.718474,5.813067,0.157074,6.324048,0.749010,6.812212,-1.066494,2.403751,-2.340688,2.231243,-3.796850,0.394530
952,1.904000,10.024359,1829.497,643.888,12.780303,24.226425,-11.333712,-3.210192,-8.583511,4.873803,-7.936784,-0.260788,-3.891725,5.587772,-0.028499,6.360622,0.732656,6.828066,-0.935458,2.393469,-2.298032,2.248410,-3.776091,0.353252
953,1.906000,10.007650,1827.169,641.603,12.907269,24.239906,-11.087976,-3.054916,-8.572046,5.043670,-7.794695,-0.227143,-3.996333,5.461677,-0.149926,6.380091,0.723650,6.845218,-0.873547,2.355171,-2.227435,2.182402,-3.894583,0.239327
954,1.908000,10.011133,1824.067,637.944,13.143401,24.265167,-10.874712,-2.875751,-8.566702,5.197459,-7.643680,-0.183704,-4.076632,5.441010,-0.193606,6.383609,0.704627,6.857947,-0.867849,2.340475,-2.104333,2.050500,-4.137681,0.097506
955,1.910000,10.042698,1819.399,632.496,13.453833,24.289177,-10.723120,-2.720966,-8.596021,5.342679,-7.500634,-0.179857,-4.179571,5.509205,-0.160103,6.387010,0.658008,6.854203,-0.892603,2.382349,-1.945146,1.871682,-4.464484,-0.044103
956,1.912000,10.096170,1813.917,626.603,13.786722,24.327816,-10.611901,-2.586205,-8.642288,5.506602,-7.342325,-0.205366,-4.314326,5.637615,-0.068379,6.404376,0.583224,6.830807,-0.933533,2.462981,-1.803215,1.660545,-4.823012,-0.187267
957,1.914000,10.154125,1809.626,622.852,14.083757,24.391068,-10.526546,-2.462773,-8.677567,5.691989,-7.156241,-0.238963,-4.468362,5.793421,0.055034,6.438911,0.500668,6.808465,-0.971238,2.554315,-1.713147,1.458083,-5.135941,-0.319757
958,1.916000,10.196298,1808.821,624.007,14.296955,24.474773,-10.475563,-2.358305,-8.671926,5.885171,-6.954880,-0.275575,-4.617912,5.952929,0.183969,6.473101,0.425568,6.801781,-0.998254,2.621493,-1.695392,1.306049,-5.338497,-0.422508
959,1.918000,10.205979,1813.560,632.374,14.393431,24.570938,-10.466856,-2.289196,-8.604825,6.064939,-6.768335,-0.330204,-4.748967,6.091232,0.291757,6.476735,0.359756,6.805477,-1.018682,2.639745,-1.747432,1.240272,-5.391449,-0.475266
960,1.920000,10.172666,1825.720,649.579,14.337681,24.660027,-10.495520,-2.268817,-8.476751,6.216284,-6.607833,-0.396346,-4.844156,6.198072,0.380582,6.446596,0.307843,6.796082,-1.044952,2.600541,-1.859915,1.259762,-5.303806,-0.471051
961,1.922000,10.092660,1847.179,676.421,14.117392,24.739634,-10.530317,-2.292455,-8.308527,6.321022,-6.491707,-0.473730,-4.919245,6.246209,0.448787,6.389512,0.274396,6.752065,-1.070738,2.544474,-1.984605,1.371108,-5.093250,-0.398670
962,1.924000,9.969162,1879.576,712.387,13.724112,24.781916,-10.567875,-2.363874,-8.124170,6.380603,-6.425355,-0.535726,-4.966846,6.242583,0.511149,6.325683,0.266943,6.654131,-1.111245,2.485934,-2.099598,1.559942,-4.806945,-0.270138
963,1.926000,9.812769,1923.156,754.765,13.189361,24.779217,-10.602556,-2.480332,-7.941337,6.400267,-6.426508,-0.569479,-4.990298,6.185944,0.556031,6.253808,0.281186,6.496933,-1.178664,2.435096,-2.176052,1.837319,-4.470362,-0.089253
964,1.928000,9.641775,1974.544,797.883,12.564798,24.729362,-10.628118,-2.641234,-7.777657,6.384148,-6.502938,-0.563673,-4.984028,6.082375,0.571003,6.169275,0.305763,6.288498,-1.273043,2.391686,-2.198978,2.202769,-4.106475,0.132009
965,1.930000,9.480639,2024.440,833.717,11.928701,24.658783,-10.617855,-2.841779,-7.658829,6.324738,-6.654898,-0.527443,-4.952413,5.941173,0.551529,6.079214,0.338343,6.068035,-1.359545,2.367935,-2.157530,2.632774,-3.741102,0.365231
966,1.932000,9.355485,2058.504,854.550,11.377403,24.612183,-10.541689,-3.074344,-7.616421,6.210872,-6.860645,-0.476322,-4.900538,5.792928,0.518357,6.012208,0.392395,5.898486,-1.397048,2.364528,-2.074913,3.047595,-3.423246,0.568244
967,1.934000,9.287049,2064.083,856.048,11.010265,24.630524,-10.384331,-3.310451,-7.667059,6.035768,-7.085990,-0.441873,-4.855231,5.669540,0.501818,5.998874,0.486885,5.842614,-1.366366,2.370302,-1.992529,3.348901,-3.190194,0.723294
968,1.936000,9.285245,2038.827,838.152,10.881277,24.708414,-10.174180,-3.500605,-7.795782,5.822299,-7.267946,-0.430635,-4.846066,5.587175,0.503260,6.029072,0.609640,5.914879,-1.288041,2.374645,-1.931810,3.486453,-3.045122,0.836431
969,1.938000,9.347968,1992.132,804.496,11.001513,24.819248,-9.963694,-3.605917,-7.982594,5.594306,-7.357492,-0.426556,-4.879063,5.542806,0.491396,6.073367,0.730261,6.079298,-1.190471,2.383676,-1.883278,3.480602,-2.976345,0.904443
970,1.940000,9.462763,1938.109,761.679,11.329287,24.912418,-9.825167,-3.638754,-8.221700,5.365529,-7.361992,-0.420142,-4.928097,5.535042,0.444135,6.128812,0.826049,6.281640,-1.084957,2.414199,-1.827755,3.395654,-2.963619,0.921940
971,1.942000,9.608959,1887.969,717.371,11.790452,24.946743,-9.809748,-3.636394,-8.500527,5.144670,-7.330311,-0.420166,-4.970475,5.557295,0.354973,6.192387,0.870339,6.464944,-0.980742,2.475818,-1.745391,3.299543,-2.980124,0.901065
972,1.944000,9.761699,1847.305,677.750,12.291044,24.909443,-9.925488,-3.629818,-8.792120,4.936811,-7.312344,-0.433178,-4.999451,5.597508,0.235239,6.257893,0.852782,6.599797,-0.884612,2.571492,-1.621242,3.234972,-3.003474,0.869926
973,1.946000,9.897910,1817.211,646.245,12.743088,24.825134,-10.131380,-3.618381,-9.054709,4.746802,-7.340181,-0.466321,-5.031012,5.630780,0.094249,6.308671,0.779654,6.682195,-0.798171,2.706773,-1.441126,3.222765,-3.015399,0.861492
974,1.948000,10.000854,1796.481,623.849,13.084810,24.743038,-10.353850,-3.565258,-9.229986,4.602563,-7.392258,-0.493421,-5.054871,5.661423,-0.041860,6.336142,0.668221,6.714314,-0.737684,2.863325,-1.226171,3.231869,-3.038805,0.867479
975,1.950000,10.060712,1783.421,610.313,13.279418,24.702288,-10.527756,-3.435266,-9.275289,4.528451,-7.429656,-0.485182,-5.052106,5.698582,-0.151801,6.332519,0.535247,6.698527,-0.720828,3.019734,-1.005521,3.220813,-3.100962,0.865582
976,1.952000,10.073141,1776.917,605.319,13.302740,24.699291,-10.636847,-3.235604,-9.193542,4.513894,-7.437239,-0.438471,-5.018431,5.734340,-0.230082,6.290216,0.397680,6.642235,-0.748646,3.173597,-0.786457,3.180120,-3.193150,0.854452
977,1.954000,10.037841,1776.802,609.052,13.174604,24.737293,-10.671286,-2.978220,-8.989423,4.552753,-7.397953,-0.349884,-4.940708,5.764470,-0.272418,6.206432,0.268943,6.550495,-0.823030,3.309262,-0.586669,3.107191,-3.304559,0.818888
978,1.956000,9.957757,1783.912,622.297,12.905090,24.764431,-10.693349,-2.745267,-8.727908,4.594340,-7.343515,-0.259225,-4.831882,5.773961,-0.282806,6.089195,0.175060,6.453497,-0.919201,3.422993,-0.401802,3.051455,-3.373277,0.790495
979,1.958000,9.838988,1799.989,646.060,12.560606,24.784744,-10.724258,-2.582367,-8.444237,4.626844,-7.278737,-0.187364,-4.694881,5.763000,-0.262481,5.957919,0.142149,6.381404,-1.018430,3.483230,-0.264682,3.033968,-3.367781,0.775747
980,1.960000,9.691423,1827.241,680.492,12.219843,24.821133,-10.766747,-2.514518,-8.174110,4.655844,-7.192089,-0.131010,-4.539145,5.727533,-0.234132,5.824903,0.179741,6.354008,-1.104866,3.463447,-0.221215,3.053540,-3.280663,0.781340
981,1.962000,9.529911,1867.437,723.544,11.950563,24.885128,-10.822357,-2.557692,-7.970376,4.679775,-7.081135,-0.082854,-4.391518,5.645066,-0.259555,5.673476,0.269226,6.369719,-1.169245,3.362665,-0.298744,3.109108,-3.101342,0.844356
982,1.964000,9.374483,1919.852,769.901,11.793320,24.963383,-10.895623,-2.704624,-7.875978,4.696908,-6.958609,-0.037572,-4.258866,5.537709,-0.361227,5.509610,0.387501,6.407230,-1.227075,3.193899,-0.513137,3.175166,-2.857094,0.973925
983,1.966000,9.247835,1978.405,811.465,11.765291,25.044174,-10.973020,-2.906221,-7.887589,4.707080,-6.865425,-0.020975,-4.146082,5.454637,-0.512025,5.359825,0.502477,6.426809,-1.311492,2.993612,-0.834014,3.230075,-2.597578,1.141444
984,1.968000,9.169463,2030.638,840.280,11.858183,25.133732,-11.031401,-3.100444,-7.956738,4.720241,-6.833146,-0.061423,-4.062435,5.426378,-0.674895,5.256922,0.593879,6.406830,-1.441825,2.805799,-1.196198,3.256601,-2.380352,1.300047
985,1.970000,9.148817,2062.580,852.618,12.040274,25.246946,-11.060459,-3.249920,-8.017650,4.749599,-6.863349,-0.161679,-4.003160,5.460245,-0.823292,5.232445,0.676361,6.365362,-1.611838,2.658518,-1.529919,3.244454,-2.258425,1.401476
986,1.972000,9.181871,2067.185,850.085,12.269196,25.393267,-11.062098,-3.344039,-8.014658,4.801864,-6.948737,-0.320778,-3.967203,5.533671,-0.961683,5.276187,0.758671,6.320774,-1.818099,2.548297,-1.785445,3.201121,-2.259630,1.411016
987,1.974000,9.253069,2048.141,837.423,12.485334,25.543602,-11.057674,-3.395926,-7.928467,4.872314,-7.087334,-0.536922,-3.955719,5.618437,-1.102373,5.348578,0.837943,6.287457,-2.055985,2.455871,-1.938367,3.150433,-2.375075,1.317830
988,1.976000,9.341738,2016.172,820.323,12.628166,25.646986,-11.066556,-3.426145,-7.777476,4.946813,-7.275006,-0.787095,-3.958099,5.702626,-1.237748,5.411943,0.911563,6.276994,-2.306672,2.362980,-1.992849,3.104271,-2.575305,1.130210
989,1.978000,9.428837,1982.450,804.385,12.677198,25.685518,-11.074517,-3.434429,-7.594769,5.006176,-7.509435,-1.040042,-3.976684,5.773645,-1.355207,5.439323,0.974222,6.295339,-2.532911,2.278266,-1.954289,3.073799,-2.810013,0.881239
990,1.980000,9.500829,1954.988,794.553,12.640886,25.652435,-11.069687,-3.414545,-7.409788,5.039312,-7.773520,-1.247431,-3.998933,5.844803,-1.421369,5.432788,1.027074,6.343649,-2.706233,2.207470,-1.843827,3.052238,-3.038696,0.604720
991,1.982000,9.550690,1938.815,794.540,12.557812,25.557758,-11.050291,-3.360308,-7.241174,5.049506,-8.043838,-1.364517,-4.002184,5.951514,-1.391229,5.416927,1.075300,6.425180,-2.812920,2.147588,-1.692406,3.025085,-3.238198,0.329423
992,1.984000,9.577342,1936.699,805.908,12.490980,25.435421,-11.019598,-3.274120,-7.101558,5.051504,-8.302999,-1.376859,-3.978878,6.116865,-1.239916,5.411857,1.115152,6.540527,-2.848433,2.098567,-1.526812,2.977132,-3.401355,0.083116
993,1.986000,9.584379,1949.354,827.276,12.504763,25.324318,-10.999813,-3.185831,-7.006245,5.071898,-8.529038,-1.297788,-3.940427,6.338708,-0.969706,5.426921,1.131108,6.682614,-2.814919,2.063211,-1.377421,2.880536,-3.546050,-0.116387
994,1.988000,9.577995,1975.195,854.420,12.645103,25.262501,-11.023170,-3.146755,-6.980087,5.136368,-8.699052,-1.161560,-3.924034,6.573654,-0.627573,5.455071,1.105334,6.841827,-2.714259,2.051903,-1.267971,2.724900,-3.680035,-0.238679
995,1.990000,9.564388,2010.158,881.518,12.901311,25.260509,-11.107362,-3.195858,-7.045222,5.252166,-8.792902,-0.993072,-3.951720,6.769193,-0.285331,5.483636,1.040360,7.005330,-2.562900,2.062453,-1.207943,2.540580,-3.783039,-0.254089
996,1.992000,9.547290,2048.736,903.445,13.220724,25.323263,-11.218035,-3.309504,-7.187073,5.411901,-8.812726,-0.816182,-4.027744,6.890016,-0.010535,5.492326,0.939282,7.138015,-2.403522,2.084670,-1.179122,2.394959,-3.822947,-0.158089
997,1.994000,9.526691,2086.011,917.617,13.526262,25.436615,-11.316912,-3.443344,-7.375418,5.594716,-8.781260,-0.654371,-4.134061,6.947812,0.186183,5.485569,0.827351,7.222358,-2.258966,2.134495,-1.138414,2.354199,-3.784381,0.016121
998,1.996000,9.499291,2119.227,924.325,13.752606,25.582047,-11.382235,-3.558506,-7.577082,5.787215,-8.706271,-0.516969,-4.242815,6.973938,0.318921,5.470831,0.730772,7.251112,-2.142036,2.216944,-1.081630,2.424562,-3.684780,0.222039
999,1.998000,9.460288,2148.090,925.787,13.859125,25.742645,-11.406790,-3.630697,-7.768053,5.977516,-8.583022,-0.406221,-4.334553,6.991670,0.402910,5.451470,0.666846,7.227139,-2.049099,2.330141,-1.029686,2.577558,-3.548944,0.420007
1000,2.000000,9.405751,2173.903,924.776,13.830080,25.906723,-11.385950,-3.643831,-7.927532,6.157328,-8.404463,-0.321007,-4.401574,7.006209,0.450612,5.424457,0.630261,7.147104,-1.981593,2.454526,-1.018605,2.766623,-3.410144,0.567077
1001,2.002000,9.335001,2198.100,923.563,13.676353,26.070248,-11.316570,-3.591363,-8.039255,6.318129,-8.175918,-0.264736,-4.447568,7.000230,0.464046,5.381104,0.598829,7.004618,-1.948805,2.567407,-1.067407,2.964234,-3.285344,0.641384
1002,2.004000,9.251653,2220.946,923.478,13.421969,26.222145,-11.208267,-3.482708,-8.092397,6.450254,-7.915163,-0.239974,-4.470181,6.952364,0.441072,5.318370,0.557533,6.806479,-1.961489,2.657193,-1.168707,3.162508,-3.177502,0.646007
1003,2.006000,9.162776,2240.931,924.842,13.109066,26.358257,-11.066113,-3.328701,-8.070332,6.549922,-7.644585,-0.248046,-4.463787,6.843016,0.369871,5.228700,0.493714,6.565578,-2.039495,2.713482,-1.306185,3.356945,-3.085900,0.601110
1004,2.008000,9.076512,2255.199,926.997,12.790058,26.485453,-10.882262,-3.133304,-7.958215,6.615440,-7.387766,-0.289733,-4.430335,6.661786,0.236836,5.101678,0.395572,6.302111,-2.195096,2.725473,-1.464221,3.541056,-3.004636,0.537810
1005,2.010000,8.998840,2261.712,928.867,12.496035,26.601990,-10.655526,-2.908337,-7.763057,6.648005,-7.166652,-0.355485,-4.381387,6.426483,0.054246,4.947309,0.269928,6.056689,-2.403004,2.695329,-1.622661,3.706798,-2.921039,0.489091
1006,2.012000,8.931796,2261.132,929.832,12.235243,26.706348,-10.387436,-2.676659,-7.508320,6.660795,-6.998161,-0.425030,-4.342730,6.171269,-0.149776,4.784237,0.130138,5.856687,-2.621203,2.623588,-1.770147,3.833981,-2.822423,0.491068
1007,2.014000,8.874387,2256.937,930.261,12.001648,26.802094,-10.086455,-2.475055,-7.225858,6.673416,-6.892797,-0.482462,-4.351110,5.929089,-0.338527,4.643453,0.002297,5.714223,-2.792232,2.532741,-1.893609,3.906727,-2.697422,0.575354
1008,2.016000,8.825757,2253.964,931.407,11.792013,26.903606,-9.766536,-2.340272,-6.936965,6.709090,-6.840862,-0.524316,-4.441954,5.716311,-0.472307,4.561101,-0.089432,5.625785,-2.863514,2.471769,-1.980042,3.926013,-2.539163,0.757766
1009,2.018000,8.787667,2255.818,934.557,11.599838,27.012262,-9.456110,-2.296279,-6.652874,6.778345,-6.816332,-0.558295,-4.637350,5.531262,-0.520675,4.562655,-0.136471,5.574788,-2.815337,2.487919,-2.025290,3.902458,-2.355109,1.019836
1010,2.020000,8.763021,2263.807,940.359,11.405060,27.090269,-9.201599,-2.352127,-6.388613,6.867336,-6.791360,-0.596035,-4.936356,5.358740,-0.483752,4.638432,-0.150537,5.532891,-2.670376,2.593296,-2.032398,3.847804,-2.166439,1.311108
1011,2.022000,8.752691,2277.263,948.443,11.193153,27.088394,-9.051442,-2.501438,-6.173909,6.946504,-6.750945,-0.648107,-5.303545,5.193192,-0.392219,4.745749,-0.150423,5.486740,-2.455575,2.779665,-1.989600,3.790035,-1.991880,1.575747
1012,2.024000,8.753169,2294.431,957.777,10.980023,26.979317,-9.044856,-2.721070,-6.032986,6.989646,-6.705334,-0.726323,-5.666815,5.049320,-0.300191,4.819586,-0.154941,5.446960,-2.191314,3.009291,-1.880028,3.768668,-1.849521,1.762442
1013,2.026000,8.757453,2313.472,967.370,10.797488,26.757957,-9.197557,-2.964646,-5.960143,6.993938,-6.694420,-0.853108,-5.942405,4.950251,-0.257056,4.822493,-0.165048,5.440622,-1.908092,3.206291,-1.699935,3.821809,-1.749682,1.841062
1014,2.028000,8.758817,2332.496,976.789,10.661139,26.454033,-9.449280,-3.152385,-5.916450,6.999500,-6.734369,-1.027877,-6.073359,4.908012,-0.266904,4.791318,-0.156578,5.480251,-1.648381,3.298978,-1.486412,3.922886,-1.717485,1.803436
1015,2.030000,8.755356,2348.033,985.951,10.571150,26.140657,-9.682232,-3.223700,-5.875031,7.039140,-6.812332,-1.218561,-6.057796,4.916174,-0.302638,4.787012,-0.102317,5.551836,-1.453746,3.264711,-1.303493,3.995217,-1.767981,1.675868
1016,2.032000,8.752350,2354.481,994.827,10.501199,25.853188,-9.854403,-3.223446,-5.873512,7.073620,-6.949053,-1.409861,-5.943433,4.959322,-0.341307,4.848676,0.036860,5.669910,-1.321259,3.142680,-1.180605,4.011079,-1.863183,1.521918
1017,2.034000,8.761075,2345.002,1002.568,10.455213,25.623875,-9.964595,-3.219484,-5.948417,7.060343,-7.158439,-1.585329,-5.778797,5.019510,-0.392694,4.961395,0.269422,5.850062,-1.239340,2.975119,-1.123127,3.984929,-1.960292,1.381956
1018,2.036000,8.792617,2315.745,1006.946,10.457079,25.477205,-10.023132,-3.251457,-6.107208,6.990772,-7.423498,-1.710962,-5.581252,5.089605,-0.486870,5.062085,0.549653,6.084870,-1.202627,2.790678,-1.119865,3.949348,-2.032585,1.252753
1019,2.038000,8.849610,2270.777,1005.463,10.533195,25.435059,-10.020639,-3.311663,-6.330405,6.878058,-7.713557,-1.748582,-5.343327,5.176233,-0.638335,5.081530,0.797227,6.337782,-1.215239,2.600743,-1.153425,3.935860,-2.056335,1.122325
1020,2.040000,8.923097,2221.160,997.746,10.675781,25.484381,-9.948944,-3.356663,-6.574811,6.745178,-7.998772,-1.679876,-5.067394,5.278082,-0.824882,5.008847,0.968334,6.578625,-1.276705,2.409345,-1.212429,3.949606,-2.016908,0.995976
1021,2.042000,8.996696,2178.334,986.497,10.835335,25.570557,-9.832462,-3.341773,-6.784220,6.613450,-8.254353,-1.517375,-4.788966,5.370497,-1.007327,4.884936,1.066177,6.795760,-1.378454,2.219834,-1.294406,3.968238,-1.921619,0.892231
1022,2.044000,9.053856,2149.180,975.655,10.975146,25.658237,-9.718869,-3.248772,-6.906419,6.499819,-8.448792,-1.279087,-4.554900,5.425009,-1.147375,4.756675,1.098970,6.979272,-1.512165,2.044621,-1.386794,3.974826,-1.796151,0.827994
1023,2.046000,9.082448,2136.095,968.336,11.092312,25.758778,-9.653232,-3.097623,-6.902158,6.433512,-8.538141,-0.980279,-4.404864,5.421150,-1.213383,4.662336,1.069836,7.115371,-1.668122,1.910430,-1.461576,3.969518,-1.673785,0.810109
1024,2.048000,9.076116,2139.000,966.094,11.183915,25.895376,-9.666469,-2.948816,-6.772396,6.438945,-8.499086,-0.650281,-4.366606,5.339054,-1.202390,4.621428,0.984936,7.197522,-1.827424,1.855011,-1.486579,3.965451,-1.575567,0.842155
1025,2.050000,9.035020,2156.351,968.752,11.222744,26.067337,-9.751532,-2.859660,-6.558733,6.500849,-8.347422,-0.318250,-4.424170,5.170186,-1.151404,4.615288,0.857470,7.241027,-1.961657,1.895968,-1.460232,3.962806,-1.511192,0.922081
1026,2.052000,8.966142,2184.952,974.515,11.189233,26.253450,-9.858586,-2.849609,-6.314869,6.564473,-8.121737,-0.006180,-4.524495,4.916014,-1.119758,4.593293,0.702812,7.272142,-2.044583,2.019915,-1.404594,3.954098,-1.486399,1.041376
1027,2.054000,8.882537,2219.117,980.331,11.099605,26.422146,-9.939554,-2.915900,-6.088642,6.576692,-7.853477,0.262100,-4.614591,4.594931,-1.139515,4.523213,0.541629,7.305550,-2.063751,2.199631,-1.337235,3.932660,-1.518166,1.176366
1028,2.056000,8.800637,2250.718,982.816,10.987761,26.549595,-9.983348,-3.037593,-5.927150,6.523871,-7.564302,0.472684,-4.666348,4.252069,-1.210284,4.412074,0.391653,7.336614,-2.028986,2.403302,-1.269131,3.888906,-1.626851,1.290475
1029,2.058000,8.735076,2271.215,979.545,10.872446,26.624939,-10.013618,-3.183897,-5.878181,6.427353,-7.277801,0.626566,-4.679875,3.949681,-1.312378,4.292629,0.261448,7.350503,-1.964974,2.606483,-1.204148,3.823074,-1.800395,1.364717
1030,2.060000,8.692352,2276.086,970.049,10.759295,26.655228,-10.046417,-3.329809,-5.965200,6.314198,-7.018146,0.721770,-4.672570,3.726891,-1.421425,4.189411,0.148632,7.325132,-1.898369,2.797129,-1.142299,3.754603,-1.985851,1.416649
1031,2.062000,8.668031,2268.262,955.789,10.640535,26.658941,-10.085072,-3.469069,-6.175433,6.207015,-6.804735,0.756469,-4.656393,3.592324,-1.514141,4.114474,0.050694,7.250843,-1.841329,2.972814,-1.088543,3.707254,-2.125372,1.470973
1032,2.064000,8.650987,2256.256,939.330,10.507551,26.662613,-10.123217,-3.601829,-6.455577,6.134478,-6.647945,0.734770,-4.634171,3.531405,-1.579487,4.072262,-0.030455,7.142642,-1.787846,3.126068,-1.058916,3.696586,-2.178133,1.533856
1033,2.066000,8.631594,2248.645,923.160,10.371334,26.698620,-10.130898,-3.711424,-6.721927,6.142770,-6.529409,0.681521,-4.593137,3.522824,-1.617856,4.068902,-0.095207,7.021180,-1.730404,3.229381,-1.084753,3.714825,-2.134836,1.583584
1034,2.068000,8.606591,2250.320,909.028,10.233356,26.760525,-10.079155,-3.793603,-6.922098,6.248942,-6.425156,0.620172,-4.534275,3.530435,-1.644520,4.119187,-0.143444,6.896748,-1.666257,3.262665,-1.178071,3.748051,-1.997591,1.614775
1035,2.070000,8.578955,2262.147,897.948,10.073199,26.790260,-9.970252,-3.878370,-7.061816,6.411802,-6.337785,0.545030,-4.495415,3.497225,-1.690153,4.229218,-0.168427,6.775106,-1.594069,3.240201,-1.307015,3.798379,-1.763242,1.657605
1036,2.072000,8.555237,2282.249,890.391,9.901855,26.748596,-9.819700,-3.982265,-7.145584,6.585353,-6.285049,0.438203,-4.514493,3.388375,-1.778160,4.375352,-0.165806,6.659329,-1.529021,3.177907,-1.437183,3.871750,-1.448316,1.735463
1037,2.074000,8.542992,2306.821,886.219,9.767933,26.627388,-9.665504,-4.098558,-7.158555,6.741504,-6.287694,0.279482,-4.604740,3.216137,-1.907025,4.507105,-0.139687,6.547005,-1.501082,3.076382,-1.558082,3.960440,-1.104990,1.847023
1038,2.076000,8.548288,2330.597,885.004,9.721214,26.423201,-9.578854,-4.219927,-7.096474,6.857883,-6.363650,0.051821,-4.756558,3.034118,-2.044575,4.580772,-0.088177,6.451833,-1.517038,2.955766,-1.656426,4.054410,-0.791045,1.978431
1039,2.078000,8.573401,2348.229,886.399,9.790867,26.151630,-9.604622,-4.326623,-6.991990,6.902661,-6.508461,-0.233555,-4.957807,2.882878,-2.164739,4.570168,-0.017388,6.388431,-1.565837,2.844739,-1.724823,4.127767,-0.543345,2.126709
1040,2.080000,8.616586,2355.832,889.768,9.981104,25.858067,-9.725697,-4.388907,-6.901724,6.840093,-6.698669,-0.535257,-5.200631,2.755483,-2.277451,4.470057,0.056800,6.363428,-1.637464,2.746591,-1.778977,4.136646,-0.380150,2.301930
1041,2.082000,8.673617,2351.857,893.883,10.272147,25.597389,-9.894730,-4.390974,-6.861030,6.662811,-6.926013,-0.825050,-5.480349,2.619287,-2.412481,4.299592,0.111857,6.366635,-1.735410,2.636106,-1.842215,4.056169,-0.310225,2.506207
1042,2.084000,8.738724,2337.230,897.176,10.616394,25.400078,-10.070313,-4.341601,-6.873297,6.404939,-7.176433,-1.080845,-5.776656,2.460100,-2.584382,4.093955,0.129742,6.380715,-1.855697,2.506521,-1.907538,3.907568,-0.324150,2.724049
1043,2.086000,8.804585,2315.238,898.336,11.008919,25.346321,-10.164052,-4.215084,-6.877938,6.180957,-7.346210,-1.204623,-5.995507,2.332114,-2.758732,3.910776,0.133669,6.423596,-1.946729,2.408047,-1.933898,3.730236,-0.412835,2.916451
1044,2.088000,8.863341,2290.477,896.715,11.469233,25.531834,-10.074787,-3.967059,-6.794567,6.115589,-7.318513,-1.100130,-6.044846,2.306353,-2.875055,3.815218,0.171009,6.519423,-1.959589,2.389647,-1.891733,3.551412,-0.574780,3.039230
1045,2.090000,8.908343,2267.259,892.224,11.839693,25.781017,-9.952451,-3.768775,-6.756196,6.095501,-7.217268,-0.915795,-6.052617,2.284490,-2.991986,3.769052,0.207413,6.602965,-1.936565,2.423898,-1.789908,3.404600,-0.757249,3.133937
1046,2.092000,8.934591,2249.299,885.333,12.073515,26.044653,-9.824854,-3.655950,-6.779669,6.097404,-7.076357,-0.709427,-6.058473,2.248598,-3.109191,3.770470,0.235737,6.630411,-1.908869,2.482891,-1.644751,3.302774,-0.941596,3.199852
1047,2.094000,8.938810,2239.811,876.953,12.185044,26.330885,-9.673233,-3.611497,-6.844412,6.122240,-6.890174,-0.486224,-6.048335,2.215555,-3.222415,3.804409,0.241627,6.574421,-1.892322,2.546453,-1.476881,3.241917,-1.125634,3.229794
1048,2.096000,8.920020,2241.427,867.888,12.180532,26.622032,-9.505152,-3.622869,-6.940714,6.158480,-6.655834,-0.243947,-5.996305,2.209141,-3.332016,3.849463,0.211453,6.436221,-1.886360,2.606822,-1.306697,3.213236,-1.302182,3.236014
1049,2.098000,8.880069,2255.788,858.368,12.064337,26.885784,-9.344444,-3.673987,-7.054045,6.201025,-6.368080,0.016808,-5.880484,2.251778,-3.429208,3.897908,0.146915,6.246159,-1.881572,2.660882,-1.160161,3.198149,-1.462218,3.246366
1050,2.100000,8.823445,2282.775,847.947,11.843885,27.088013,-9.220621,-3.744241,-7.166637,6.253816,-6.027322,0.285306,-5.697870,2.354310,-3.503958,3.945385,0.054642,6.042869,-1.873539,2.700648,-1.067585,3.171108,-1.595941,3.290136
1051,2.102000,8.756848,2319.635,835.804,11.534901,27.202862,-9.159455,-3.815770,-7.266796,6.323751,-5.648898,0.546258,-5.459709,2.519365,-3.547190,3.983116,-0.059760,5.856236,-1.866644,2.711837,-1.052584,3.112437,-1.687164,3.385766
1052,2.104000,8.688750,2360.490,821.532,11.159142,27.215405,-9.171803,-3.876489,-7.353319,6.415224,-5.263101,0.792868,-5.183539,2.738142,-3.555132,3.996694,-0.193909,5.702378,-1.870456,2.681479,-1.124110,3.017164,-1.721206,3.537091
1053,2.106000,8.628622,2397.181,806.039,10.747561,27.127817,-9.244167,-3.921037,-7.439861,6.513677,-4.910729,1.025963,-4.894188,2.985948,-3.524669,3.978407,-0.342460,5.589858,-1.890304,2.605717,-1.274432,2.892601,-1.698755,3.735674
1054,2.108000,8.584705,2421.659,791.730,10.347330,26.980350,-9.327208,-3.931512,-7.540672,6.581690,-4.647124,1.218040,-4.656623,3.205944,-3.469893,3.921781,-0.497339,5.534395,-1.912341,2.512352,-1.460226,2.773780,-1.621628,3.966933
1055,2.110000,8.561829,2429.611,781.044,10.024482,26.852665,-9.348718,-3.883422,-7.667689,6.572996,-4.536301,1.304856,-4.565973,3.321770,-3.420591,3.822902,-0.629450,5.580015,-1.886723,2.479734,-1.595172,2.713233,-1.492000,4.200575
1056,2.112000,8.561163,2422.024,774.794,9.806402,26.781635,-9.281067,-3.779119,-7.820929,6.494677,-4.583778,1.276108,-4.648827,3.320197,-3.373855,3.700209,-0.699905,5.743918,-1.808377,2.543590,-1.636433,2.717505,-1.341941,4.393919
1057,2.114000,8.581390,2403.190,772.396,9.678489,26.746426,-9.154499,-3.663366,-7.998672,6.397426,-4.746534,1.174755,-4.871059,3.240658,-3.299178,3.593255,-0.671344,6.003936,-1.712873,2.692350,-1.583206,2.774796,-1.206497,4.510911
1058,2.116000,8.619152,2377.948,773.032,9.640846,26.743931,-8.989993,-3.571304,-8.173155,6.362659,-4.944249,1.075329,-5.181803,3.119882,-3.182778,3.527363,-0.555511,6.281103,-1.663911,2.884769,-1.462052,2.884174,-1.095198,4.534580
1059,2.118000,8.668209,2350.684,776.248,9.715359,26.810051,-8.781139,-3.497971,-8.282773,6.472427,-5.085150,1.058847,-5.516914,2.997841,-3.023466,3.520379,-0.407562,6.475327,-1.722446,3.063557,-1.327194,3.025321,-1.016780,4.445644
1060,2.120000,8.719853,2324.752,781.852,9.848995,26.896915,-8.598577,-3.487537,-8.347653,6.681275,-5.193457,1.105302,-5.852998,2.886580,-2.850917,3.574733,-0.275953,6.555915,-1.860957,3.238383,-1.176027,3.210503,-0.920587,4.315089
1061,2.122000,8.764774,2301.934,789.798,9.996725,26.978409,-8.469492,-3.540091,-8.393345,6.904772,-5.335906,1.148039,-6.158242,2.809904,-2.675324,3.691768,-0.176088,6.547106,-2.027577,3.402196,-1.029733,3.401266,-0.805792,4.199891
1062,2.124000,8.794641,2282.733,799.971,10.154222,27.073750,-8.360369,-3.623087,-8.429550,7.076139,-5.552550,1.116192,-6.395017,2.795535,-2.476460,3.880130,-0.088830,6.491014,-2.193430,3.502903,-0.948278,3.525666,-0.736669,4.094851
1063,2.126000,8.803529,2267.177,811.883,10.290178,27.147964,-8.260596,-3.725868,-8.438864,7.179112,-5.804729,0.980294,-6.531367,2.828209,-2.276502,4.086853,-0.029219,6.396904,-2.334542,3.520009,-0.943736,3.583717,-0.742002,3.992735
1064,2.128000,8.789387,2255.596,824.570,10.383125,27.179882,-8.170363,-3.838746,-8.393793,7.228776,-6.018522,0.764239,-6.542962,2.882022,-2.118526,4.244946,-0.030394,6.248061,-2.433822,3.456680,-1.022003,3.591045,-0.829060,3.887997
1065,2.130000,8.755192,2248.809,836.580,10.430899,27.190372,-8.113211,-3.956257,-8.314041,7.224796,-6.166047,0.509915,-6.437160,2.945804,-2.035823,4.330555,-0.105210,6.043002,-2.474804,3.330327,-1.199298,3.539852,-0.990203,3.793588
1066,2.132000,8.709134,2247.929,846.048,10.442900,27.207417,-8.113779,-4.063478,-8.226909,7.172717,-6.244921,0.261230,-6.237073,3.026073,-2.031340,4.353661,-0.246618,5.800133,-2.451134,3.162686,-1.473428,3.424392,-1.197222,3.721426
1067,2.134000,8.663185,2254.042,850.997,10.426619,27.233555,-8.180842,-4.138515,-8.139119,7.095250,-6.258301,0.050305,-5.976478,3.129152,-2.078197,4.341710,-0.430458,5.554983,-2.370319,2.979062,-1.802456,3.265374,-1.396639,3.676663
1068,2.136000,8.630132,2267.256,849.839,10.401920,27.272137,-8.292393,-4.161638,-8.047441,7.026152,-6.207730,-0.102379,-5.707474,3.234115,-2.156033,4.318649,-0.626053,5.344207,-2.258405,2.794771,-2.128940,3.095960,-1.526767,3.658921
1069,2.138000,8.619238,2285.444,842.340,10.409229,27.352283,-8.407427,-4.133533,-7.956329,6.991298,-6.095022,-0.183358,-5.499670,3.294996,-2.264727,4.297809,-0.801069,5.200830,-2.143393,2.613361,-2.405024,2.956823,-1.538053,3.666895
1070,2.140000,8.632240,2304.616,830.186,10.482758,27.508522,-8.488443,-4.075178,-7.879627,6.992333,-5.928582,-0.182086,-5.407991,3.280910,-2.401278,4.281581,-0.933804,5.143984,-2.034500,2.445042,-2.594623,2.885059,-1.421625,3.690128
1071,2.142000,8.662932,2320.972,816.226,10.609028,27.730148,-8.531162,-4.023272,-7.845330,7.005891,-5.730909,-0.089225,-5.436371,3.204775,-2.539800,4.258172,-1.030335,5.171068,-1.914723,2.327899,-2.665118,2.900192,-1.222553,3.701844
1072,2.144000,8.700728,2332.713,802.770,10.743113,27.968647,-8.551608,-4.008200,-7.879695,7.011418,-5.522496,0.101998,-5.546556,3.093401,-2.653884,4.192527,-1.122192,5.253955,-1.771809,2.295840,-2.611319,2.983915,-1.026468,3.665817
1073,2.146000,8.735650,2340.049,790.506,10.839543,28.166636,-8.566160,-4.037938,-7.990017,7.003531,-5.307710,0.386829,-5.689643,2.961831,-2.732061,4.049556,-1.226680,5.366169,-1.604620,2.354747,-2.456341,3.097423,-0.903214,3.577273
1074,2.148000,8.761303,2343.742,778.897,10.865693,28.282711,-8.584997,-4.099668,-8.157270,6.976283,-5.089369,0.734439,-5.825184,2.819868,-2.778901,3.819808,-1.329346,5.491610,-1.421401,2.479796,-2.238876,3.205255,-0.875681,3.468911
1075,2.150000,8.774888,2344.648,767.323,10.814386,28.314243,-8.607906,-4.169682,-8.335314,6.921960,-4.881158,1.088974,-5.921288,2.683859,-2.815400,3.518813,-1.404700,5.608173,-1.251406,2.614656,-2.012254,3.280524,-0.937010,3.374417
1076,2.152000,8.776331,2343.812,755.930,10.718994,28.304726,-8.627732,-4.220295,-8.465436,6.839586,-4.711759,1.392875,-5.946023,2.578588,-2.875602,3.171272,-1.434498,5.688787,-1.143472,2.687834,-1.838977,3.297797,-1.084578,3.306962
1077,2.154000,8.767195,2342.524,745.981,10.620123,28.297272,-8.650689,-4.236754,-8.511808,6.735791,-4.612910,1.603550,-5.884549,2.521938,-2.992777,2.798561,-1.422493,5.710999,-1.135653,2.655987,-1.758594,3.250445,-1.305507,3.277030
1078,2.156000,8.749637,2342.785,739.628,10.514923,28.273899,-8.715556,-4.234268,-8.480873,6.631141,-4.589770,1.714110,-5.745199,2.523459,-3.173036,2.431240,-1.383720,5.675100,-1.209118,2.551909,-1.758143,3.162369,-1.560952,3.298057
1079,2.158000,8.726174,2347.317,739.072,10.391479,28.199512,-8.848041,-4.231265,-8.395432,6.565986,-4.623184,1.748751,-5.554708,2.586861,-3.396577,2.105248,-1.340051,5.588922,-1.322677,2.439031,-1.804566,3.057941,-1.814430,3.369600
1080,2.160000,8.699760,2358.690,745.271,10.269966,28.076509,-9.018934,-4.225659,-8.269417,6.590732,-4.686164,1.744020,-5.350333,2.699228,-3.639636,1.844309,-1.318862,5.454594,-1.461953,2.349597,-1.873843,2.943433,-2.056163,3.468130
1081,2.162000,8.673973,2378.214,757.185,10.192311,27.933655,-9.162311,-4.209758,-8.111212,6.747052,-4.747623,1.732076,-5.169360,2.830891,-3.874912,1.661180,-1.330498,5.289819,-1.625143,2.287072,-1.942905,2.825216,-2.289459,3.558962
1082,2.164000,8.653266,2404.384,771.987,10.186363,27.776672,-9.241554,-4.203817,-7.945226,7.031487,-4.784300,1.722839,-5.038202,2.949815,-4.066257,1.566005,-1.354902,5.142228,-1.787766,2.256627,-1.976500,2.728297,-2.498257,3.628422
1083,2.166000,8.641908,2432.737,786.286,10.261458,27.598322,-9.252231,-4.225113,-7.783035,7.397369,-4.779195,1.709926,-4.965773,3.030010,-4.184186,1.541870,-1.386665,5.039348,-1.924782,2.250240,-1.968233,2.654973,-2.675326,3.672100
1084,2.168000,8.642612,2457.196,797.840,10.414692,27.411991,-9.207432,-4.265598,-7.625974,7.759462,-4.746068,1.673146,-4.966969,3.051523,-4.209604,1.560220,-1.433867,4.991561,-2.004303,2.268138,-1.929037,2.594475,-2.822825,3.688560
1085,2.170000,8.655193,2472.107,806.351,10.640764,27.266899,-9.117660,-4.296914,-7.485829,8.013946,-4.738252,1.576817,-5.078151,2.994910,-4.136606,1.609569,-1.488384,5.008186,-1.996900,2.315746,-1.878126,2.533454,-2.943625,3.669950
1086,2.172000,8.676799,2473.875,812.771,10.909483,27.196051,-9.003856,-4.307421,-7.391779,8.086487,-4.798596,1.405880,-5.300425,2.880372,-3.951830,1.706882,-1.525175,5.076156,-1.920597,2.371254,-1.854767,2.447729,-3.045727,3.605925
1087,2.174000,8.702626,2462.139,817.867,11.146694,27.174835,-8.907166,-4.315964,-7.364579,7.975771,-4.908339,1.198471,-5.570404,2.763235,-3.662225,1.849885,-1.544782,5.140848,-1.835451,2.409811,-1.878158,2.339777,-3.111096,3.519627
1088,2.176000,8.727676,2439.407,821.286,11.298324,27.187115,-8.848991,-4.347426,-7.413725,7.714441,-5.033256,1.002664,-5.817831,2.678508,-3.318878,2.010715,-1.562332,5.158957,-1.774879,2.443389,-1.931278,2.228856,-3.123608,3.438208
1089,2.178000,8.748406,2409.608,821.765,11.358409,27.246479,-8.832263,-4.426559,-7.550902,7.329593,-5.152929,0.860692,-5.987351,2.635310,-2.993536,2.156248,-1.591880,5.122245,-1.729246,2.513077,-1.979875,2.124243,-3.101613,3.358476
1090,2.180000,8.763134,2376.899,817.999,11.340225,27.365126,-8.849421,-4.552019,-7.761099,6.864381,-5.248657,0.805530,-6.043887,2.635309,-2.741899,2.274513,-1.634453,5.042100,-1.684126,2.647142,-1.995610,2.034749,-3.065537,3.279010
1091,2.182000,8.771696,2345.061,809.370,11.247087,27.527138,-8.880344,-4.679477,-7.983290,6.392720,-5.306135,0.834291,-5.997521,2.668587,-2.583471,2.393006,-1.662213,4.942144,-1.647158,2.823039,-1.986764,1.964032,-3.017324,3.222397
1092,2.184000,8.775241,2317.361,796.350,11.093340,27.711573,-8.905378,-4.778619,-8.173422,5.981588,-5.315907,0.934975,-5.876963,2.716409,-2.526573,2.520958,-1.668860,4.835493,-1.637819,2.998731,-1.983058,1.901150,-2.972770,3.195875
1093,2.186000,8.775551,2296.408,780.645,10.906552,27.899439,-8.910073,-4.848368,-8.321362,5.673030,-5.276987,1.093186,-5.717371,2.751359,-2.577394,2.630058,-1.682819,4.713950,-1.682087,3.131538,-2.025939,1.818453,-2.963249,3.190175
1094,2.188000,8.774109,2283.915,764.979,10.714537,28.067123,-8.883875,-4.896251,-8.434292,5.485132,-5.198829,1.284343,-5.556602,2.750866,-2.724079,2.676814,-1.741565,4.562527,-1.794845,3.198233,-2.145359,1.693868,-3.007123,3.202357
1095,2.190000,8.771292,2280.721,752.336,10.529976,28.172398,-8.836409,-4.935336,-8.527018,5.410151,-5.094961,1.478346,-5.419009,2.719472,-2.919126,2.641100,-1.851119,4.392609,-1.953583,3.219405,-2.320580,1.540599,-3.093229,3.245740
1096,2.192000,8.766162,2286.915,744.903,10.360119,28.175283,-8.795888,-4.977138,-8.610177,5.419606,-4.974211,1.641722,-5.319757,2.671507,-3.108339,2.529549,-1.993828,4.228454,-2.122983,3.232932,-2.490092,1.397880,-3.197581,3.331390
1097,2.194000,8.757075,2301.769,743.171,10.232468,28.088518,-8.765688,-5.000263,-8.666892,5.491760,-4.829213,1.748312,-5.267767,2.609548,-3.268595,2.355855,-2.157036,4.083049,-2.281725,3.256480,-2.595892,1.308178,-3.298033,3.445935
1098,2.196000,8.742652,2323.851,745.810,10.174398,27.948750,-8.744135,-4.973785,-8.675060,5.621322,-4.642555,1.795483,-5.252441,2.537683,-3.399377,2.151059,-2.319283,3.970300,-2.414148,3.292929,-2.600785,1.318536,-3.364041,3.559786
1099,2.198000,8.722507,2351.287,750.451,10.191166,27.778309,-8.741799,-4.880581,-8.629117,5.822103,-4.387112,1.812916,-5.242480,2.473501,-3.505330,1.952946,-2.456428,3.892228,-2.527570,3.319756,-2.518050,1.440437,-3.381366,3.624784
1100,2.200000,8.696880,2381.988,754.902,10.249590,27.565975,-8.784500,-4.731548,-8.553465,6.096985,-4.049544,1.834954,-5.210890,2.436380,-3.590429,1.785850,-2.558972,3.840528,-2.634512,3.315501,-2.390239,1.644582,-3.347074,3.610129
1101,2.202000,8.665898,2413.896,758.272,10.300234,27.298523,-8.889277,-4.547610,-8.471173,6.424342,-3.647198,1.880222,-5.150075,2.433033,-3.661278,1.653010,-2.640152,3.797489,-2.738952,3.274588,-2.259614,1.876366,-3.270005,3.519258
1102,2.204000,8.630007,2445.108,761.199,10.312818,26.992142,-9.052431,-4.345029,-8.382548,6.761383,-3.230830,1.943628,-5.075086,2.454326,-3.723849,1.554035,-2.723859,3.739902,-2.837385,3.201644,-2.156817,2.082365,-3.165179,3.385241
1103,2.206000,8.590228,2474.229,765.220,10.309922,26.718987,-9.231894,-4.130356,-8.284595,7.037642,-2.891514,1.979588,-5.024598,2.485000,-3.758548,1.524583,-2.796398,3.676461,-2.908505,3.112422,-2.100929,2.222952,-3.058182,3.232437
1104,2.208000,8.548099,2500.530,771.679,10.331602,26.560276,-9.368411,-3.909990,-8.191462,7.181907,-2.724249,1.925802,-5.041195,2.514480,-3.726338,1.616576,-2.812833,3.645390,-2.925503,3.026891,-2.101030,2.278220,-2.983284,3.063828
1105,2.210000,8.506245,2523.059,780.570,10.353834,26.503761,-9.448578,-3.699764,-8.105297,7.207706,-2.722403,1.801785,-5.106459,2.550100,-3.613180,1.827906,-2.770726,3.640981,-2.909188,2.940083,-2.161657,2.253486,-2.959869,2.896771
1106,2.212000,8.468505,2539.765,790.276,10.330606,26.492393,-9.482269,-3.512269,-8.020285,7.183632,-2.815749,1.673723,-5.173887,2.588334,-3.453154,2.103095,-2.693615,3.640007,-2.886229,2.854995,-2.261510,2.175252,-2.997041,2.750212
1107,2.214000,8.438366,2548.117,798.248,10.248520,26.491619,-9.477652,-3.357562,-7.951383,7.163249,-2.938038,1.601632,-5.196466,2.624741,-3.296458,2.373017,-2.599585,3.629707,-2.868785,2.779481,-2.366527,2.069099,-3.092446,2.652159
1108,2.216000,8.416689,2546.672,802.242,10.117596,26.489529,-9.440761,-3.236616,-7.924077,7.169882,-3.043767,1.618620,-5.144036,2.657751,-3.187145,2.576579,-2.501973,3.607383,-2.857848,2.717441,-2.442199,1.947421,-3.238944,2.617651
1109,2.218000,8.401104,2535.960,801.445,9.952263,26.487923,-9.365660,-3.131692,-7.954636,7.198998,-3.112054,1.717615,-5.020247,2.685802,-3.145151,2.678776,-2.412702,3.576233,-2.849647,2.668275,-2.463359,1.814340,-3.424278,2.637928
1110,2.220000,8.386434,2518.382,797.117,9.748581,26.474936,-9.252373,-3.023684,-8.044195,7.228599,-3.144294,1.862754,-4.853089,2.713475,-3.161405,2.678831,-2.346909,3.541491,-2.844545,2.629356,-2.423092,1.670905,-3.636686,2.685292
1111,2.222000,8.366237,2497.541,792.191,9.507461,26.444376,-9.097877,-2.892568,-8.168399,7.236037,-3.166884,1.996483,-4.694973,2.730833,-3.235718,2.586856,-2.327025,3.509340,-2.840406,2.612319,-2.313955,1.535552,-3.847291,2.745413
1112,2.224000,8.335093,2477.255,790.173,9.244043,26.397789,-8.908197,-2.732117,-8.291530,7.205542,-3.222482,2.069694,-4.592252,2.725028,-3.386115,2.415315,-2.370112,3.482645,-2.832543,2.644579,-2.125729,1.432656,-4.020970,2.817146
1113,2.226000,8.290632,2460.153,793.946,8.986544,26.340992,-8.699497,-2.552238,-8.379279,7.130149,-3.346816,2.066392,-4.556340,2.695561,-3.627260,2.183959,-2.478846,3.444065,-2.822937,2.751070,-1.855274,1.374301,-4.134389,2.895989
1114,2.228000,8.235080,2446.296,804.860,8.762066,26.276958,-8.490183,-2.372958,-8.400561,7.024755,-3.540758,2.016722,-4.549902,2.669987,-3.935333,1.938943,-2.632592,3.364530,-2.825926,2.922738,-1.533538,1.337594,-4.206800,2.945299
1115,2.230000,8.176052,2432.589,821.985,8.579775,26.199205,-8.294453,-2.223100,-8.335022,6.913985,-3.786875,1.956785,-4.533180,2.670212,-4.258537,1.742039,-2.796722,3.231211,-2.852581,3.120186,-1.215423,1.296474,-4.267447,2.933211
1116,2.232000,8.124553,2413.630,842.104,8.444526,26.121208,-8.101629,-2.116061,-8.174927,6.819605,-4.064240,1.902455,-4.497245,2.680540,-4.561125,1.626075,-2.958848,3.046621,-2.903514,3.299563,-0.952993,1.258440,-4.318645,2.861354
1117,2.234000,8.091204,2384.445,860.303,8.365061,26.075102,-7.892053,-2.057185,-7.942292,6.750082,-4.340073,1.870304,-4.440632,2.661101,-4.835634,1.586814,-3.123383,2.822760,-2.967227,3.433145,-0.784918,1.245758,-4.350541,2.746380
1118,2.236000,8.082146,2344.084,871.643,8.352850,26.100584,-7.646972,-2.052476,-7.690909,6.715228,-4.561421,1.884480,-4.361538,2.572531,-5.092356,1.603638,-3.282500,2.583469,-3.039970,3.494971,-0.736854,1.264335,-4.367698,2.606581
1119,2.238000,8.096659,2297.534,873.657,8.408788,26.215389,-7.371171,-2.116215,-7.492850,6.724545,-4.680859,1.954794,-4.262748,2.407115,-5.331373,1.662266,-3.406207,2.369735,-3.121021,3.470643,-0.799371,1.307517,-4.382274,2.460722
1120,2.240000,8.128601,2253.183,867.574,8.511387,26.392450,-7.091864,-2.239172,-7.397525,6.767315,-4.698095,2.055040,-4.155981,2.194154,-5.529822,1.748389,-3.478050,2.218301,-3.200237,3.377642,-0.927334,1.358355,-4.403875,2.320467
1121,2.242000,8.170718,2218.022,856.872,8.636615,26.580116,-6.846484,-2.381838,-7.414320,6.819394,-4.644673,2.146689,-4.060839,1.978101,-5.653691,1.839272,-3.511085,2.142881,-3.267816,3.260717,-1.053982,1.402830,-4.432688,2.192340
1122,2.244000,8.218174,2194.910,844.706,8.782976,26.739185,-6.671914,-2.502010,-7.517941,6.862375,-4.550904,2.215761,-3.996146,1.795728,-5.676279,1.904943,-3.534370,2.133004,-3.320021,3.162985,-1.120464,1.441289,-4.462488,2.077147
1123,2.246000,8.269350,2182.612,832.672,8.978809,26.878345,-6.572906,-2.556938,-7.646924,6.900418,-4.436051,2.284212,-3.961284,1.678224,-5.580617,1.930940,-3.560294,2.176422,-3.344911,3.108113,-1.101476,1.483961,-4.497065,1.960161
1124,2.248000,8.323918,2177.627,821.372,9.235889,27.014812,-6.542259,-2.537442,-7.747904,6.943237,-4.332791,2.369331,-3.943160,1.643392,-5.378560,1.918847,-3.576972,2.262280,-3.327518,3.102463,-1.003452,1.547305,-4.531212,1.835289
1125,2.250000,8.381465,2176.560,811.385,9.531303,27.154631,-6.563222,-2.469068,-7.800132,7.004080,-4.268373,2.469950,-3.936223,1.677690,-5.121270,1.870329,-3.576290,2.359277,-3.282362,3.125752,-0.870120,1.624006,-4.561058,1.695442
1126,2.252000,8.439789,2177.228,803.714,9.831409,27.305923,-6.607720,-2.389368,-7.816293,7.086814,-4.246304,2.577062,-3.950221,1.750943,-4.852853,1.803708,-3.552371,2.443427,-3.242973,3.142270,-0.756954,1.690150,-4.584630,1.541131
1127,2.254000,8.494609,2179.012,799.465,10.107735,27.472446,-6.660865,-2.342124,-7.840993,7.164062,-4.263582,2.673560,-4.004948,1.836705,-4.584765,1.756062,-3.493926,2.517840,-3.243233,3.115942,-0.701942,1.725857,-4.597822,1.392357
1128,2.256000,8.541486,2182.825,799.083,10.353243,27.667236,-6.705632,-2.342424,-7.904278,7.217634,-4.293485,2.756319,-4.106150,1.921881,-4.313241,1.760094,-3.396041,2.598383,-3.307374,3.011707,-0.730105,1.710659,-4.614425,1.260080
1129,2.258000,8.577397,2190.250,801.970,10.540930,27.862324,-6.755549,-2.401545,-8.030497,7.233447,-4.309198,2.818789,-4.259601,1.986469,-4.056465,1.815817,-3.270082,2.706647,-3.418006,2.837162,-0.820561,1.661442,-4.632957,1.159013
1130,2.260000,8.601561,2202.337,806.702,10.648966,28.020473,-6.823291,-2.503670,-8.214087,7.214005,-4.283356,2.862053,-4.453006,2.021911,-3.839925,1.905607,-3.136077,2.850520,-3.538513,2.621637,-0.934567,1.607659,-4.650731,1.083515
1131,2.262000,8.615577,2218.848,811.562,10.697705,28.142025,-6.885988,-2.590143,-8.406722,7.185677,-4.186334,2.904761,-4.652599,2.040828,-3.676820,2.016522,-3.013313,3.014849,-3.644215,2.388909,-1.045990,1.567537,-4.675038,1.000349
1132,2.264000,8.623105,2238.266,815.290,10.715343,28.216805,-6.939133,-2.625743,-8.568376,7.157434,-4.024691,2.955776,-4.831261,2.055747,-3.571095,2.147934,-2.907214,3.182929,-3.716228,2.176786,-1.121615,1.573627,-4.690818,0.902685
1133,2.266000,8.628332,2258.151,817.845,10.733051,28.227474,-6.995565,-2.606554,-8.659859,7.137869,-3.827960,3.014355,-4.965364,2.076191,-3.524188,2.288275,-2.825081,3.338777,-3.753487,2.007363,-1.153363,1.643577,-4.691858,0.787424
1134,2.268000,8.633792,2275.897,820.797,10.791636,28.177170,-7.062142,-2.539651,-8.626907,7.157787,-3.626800,3.076792,-5.023933,2.120097,-3.529214,2.407753,-2.776680,3.474445,-3.765137,1.874616,-1.165104,1.770136,-4.690949,0.645355
1135,2.270000,8.639037,2289.935,826.749,10.916023,28.081045,-7.137412,-2.438867,-8.434948,7.250413,-3.450184,3.139884,-4.986109,2.203195,-3.569139,2.473769,-2.770098,3.581363,-3.758361,1.770104,-1.181268,1.932632,-4.702639,0.482428
1136,2.272000,8.641476,2301.190,838.133,11.093727,27.949982,-7.220182,-2.322468,-8.101509,7.429664,-3.324538,3.201362,-4.861220,2.326035,-3.618924,2.471172,-2.808226,3.638857,-3.741818,1.702594,-1.202055,2.105004,-4.735929,0.317652
1137,2.274000,8.638899,2313.523,856.076,11.294536,27.789669,-7.325496,-2.209595,-7.675986,7.696515,-3.270990,3.244623,-4.682732,2.486069,-3.657497,2.398293,-2.885393,3.638321,-3.723356,1.692673,-1.202717,2.275236,-4.789523,0.158097
1138,2.276000,8.631124,2332.533,879.846,11.483077,27.594902,-7.480860,-2.119226,-7.215499,8.031402,-3.294206,3.236693,-4.494280,2.676012,-3.676862,2.260917,-2.988111,3.594489,-3.706662,1.765837,-1.142561,2.447844,-4.846636,0.003538
1139,2.278000,8.620067,2363.750,906.941,11.614058,27.349747,-7.704292,-2.062604,-6.775573,8.397005,-3.367161,3.164272,-4.325860,2.887357,-3.675534,2.072959,-3.104997,3.527536,-3.700790,1.932820,-0.994486,2.627331,-4.887457,-0.146550
1140,2.280000,8.609143,2410.734,933.355,11.654737,27.047216,-7.986060,-2.033978,-6.390842,8.757002,-3.443964,3.051813,-4.175902,3.113756,-3.656052,1.848905,-3.225618,3.450658,-3.724867,2.170646,-0.766959,2.805916,-4.909833,-0.298082
1141,2.282000,8.601814,2473.178,954.568,11.594965,26.689341,-8.309006,-2.033927,-6.090969,9.067911,-3.502225,2.932488,-4.029919,3.341473,-3.623530,1.603343,-3.335678,3.380228,-3.789645,2.437402,-0.492006,2.979439,-4.910641,-0.444807
1142,2.284000,8.599551,2546.206,967.374,11.462347,26.303307,-8.656438,-2.074299,-5.904118,9.284079,-3.551719,2.831075,-3.873686,3.560532,-3.570468,1.367529,-3.408100,3.340150,-3.892661,2.681307,-0.227770,3.126837,-4.899142,-0.579782
1143,2.286000,8.600626,2621.759,971.549,11.304633,25.924353,-9.023771,-2.181767,-5.865871,9.353357,-3.632472,2.748688,-3.703889,3.770144,-3.477962,1.187902,-3.405988,3.357732,-4.016761,2.858255,-0.039810,3.215770,-4.892075,-0.696657
1144,2.288000,8.600601,2691.579,969.820,11.161961,25.583559,-9.395130,-2.349553,-5.968472,9.269802,-3.770180,2.677272,-3.531396,3.963633,-3.350574,1.081906,-3.326932,3.432952,-4.140345,2.952909,0.037388,3.234614,-4.899426,-0.795254
1145,2.290000,8.594657,2749.046,965.987,11.042299,25.294422,-9.731373,-2.528386,-6.151497,9.088954,-3.953601,2.607281,-3.381953,4.115770,-3.228681,1.015791,-3.221689,3.524502,-4.245519,2.980545,0.016902,3.207494,-4.906003,-0.864058
1146,2.292000,8.580329,2788.704,963.000,10.941240,25.072601,-9.974558,-2.659039,-6.354755,8.878660,-4.157695,2.527142,-3.271784,4.221150,-3.134500,0.965164,-3.133020,3.588300,-4.318255,2.959653,-0.080639,3.155254,-4.897170,-0.885708
1147,2.294000,8.559095,2805.490,962.131,10.839966,24.907001,-10.097574,-2.719699,-6.557881,8.687977,-4.342925,2.451222,-3.167304,4.327405,-3.038042,0.957433,-3.046987,3.621802,-4.328201,2.920456,-0.228189,3.088156,-4.880255,-0.873463
1148,2.296000,8.536712,2795.533,962.556,10.730241,24.781891,-10.101312,-2.715666,-6.764026,8.544820,-4.473814,2.396714,-3.039148,4.461108,-2.932466,1.009546,-2.948614,3.627529,-4.262417,2.885305,-0.399809,3.013517,-4.869563,-0.849140
1149,2.298000,8.521792,2758.537,961.638,10.639108,24.713524,-9.990057,-2.653167,-6.968223,8.463487,-4.531366,2.373561,-2.886434,4.603823,-2.846989,1.112701,-2.851588,3.582716,-4.152870,2.848567,-0.585438,2.930543,-4.881220,-0.838570
1150,2.300000,8.522651,2700.434,956.547,10.616953,24.745491,-9.768414,-2.529576,-7.144741,8.446532,-4.517224,2.388053,-2.725829,4.715728,-2.818641,1.247077,-2.788719,3.451585,-4.055818,2.793564,-0.779418,2.840238,-4.918617,-0.862975
1151,2.302000,8.543845,2633.410,947.159,10.687428,24.890499,-9.477348,-2.365355,-7.286116,8.452800,-4.481074,2.424189,-2.581352,4.774379,-2.853865,1.411353,-2.758071,3.256232,-3.971751,2.749536,-0.939640,2.780690,-4.937551,-0.896180
1152,2.304000,8.584521,2571.687,937.512,10.829985,25.109661,-9.182039,-2.201217,-7.398984,8.434645,-4.469938,2.472911,-2.449801,4.812127,-2.914178,1.608836,-2.738382,3.054693,-3.872348,2.740453,-1.046595,2.765280,-4.915873,-0.925930
1153,2.306000,8.639448,2525.441,933.187,11.027336,25.371058,-8.907772,-2.055078,-7.470806,8.381433,-4.497186,2.522488,-2.327761,4.867842,-2.959755,1.824815,-2.719889,2.889387,-3.747577,2.755391,-1.114264,2.774614,-4.872175,-0.975336
1154,2.308000,8.702153,2497.394,936.677,11.262021,25.648712,-8.650676,-1.945959,-7.500751,8.292122,-4.568636,2.539622,-2.236440,4.944033,-2.970119,2.041673,-2.697525,2.778659,-3.595276,2.787320,-1.148544,2.802411,-4.821978,-1.053431
1155,2.310000,8.767427,2483.764,945.692,11.505509,25.914577,-8.394405,-1.893176,-7.499191,8.171225,-4.683445,2.496956,-2.194224,5.016838,-2.949756,2.238074,-2.674944,2.709755,-3.423923,2.831338,-1.148639,2.853758,-4.774880,-1.149519
1156,2.312000,8.832030,2477.860,955.291,11.720395,26.146135,-8.133030,-1.901191,-7.483080,8.041327,-4.831127,2.401642,-2.202792,5.065268,-2.922626,2.395073,-2.661885,2.656919,-3.257070,2.874235,-1.117480,2.937335,-4.737823,-1.246526
1157,2.314000,8.894015,2473.525,960.900,11.884279,26.331560,-7.884661,-1.968877,-7.473730,7.940631,-4.983520,2.295534,-2.249376,5.081737,-2.908000,2.512799,-2.656033,2.605959,-3.127536,2.887287,-1.061588,3.063381,-4.712472,-1.344298
1158,2.316000,8.950900,2467.113,960.166,12.000761,26.467419,-7.679002,-2.097064,-7.493427,7.903765,-5.096717,2.227430,-2.328956,5.050859,-2.915349,2.604161,-2.644682,2.565761,-3.057762,2.841542,-0.987291,3.246243,-4.684576,-1.451684
1159,2.318000,8.998912,2458.104,953.338,12.088241,26.553211,-7.530529,-2.265108,-7.546030,7.943221,-5.129634,2.234733,-2.437539,4.957869,-2.940814,2.674316,-2.626025,2.549469,-3.055269,2.723876,-0.904354,3.486661,-4.637394,-1.576968
1160,2.320000,9.034025,2448.595,942.578,12.165063,26.586235,-7.431483,-2.416234,-7.604352,8.043841,-5.057630,2.339492,-2.560140,4.811387,-2.973037,2.706724,-2.610260,2.563252,-3.113230,2.550227,-0.820624,3.753172,-4.570959,-1.716202
1161,2.322000,9.053159,2442.129,931.234,12.247504,26.571060,-7.369914,-2.487913,-7.624120,8.176205,-4.876860,2.548827,-2.675354,4.638220,-3.008888,2.678525,-2.599579,2.598829,-3.237273,2.347146,-0.739877,3.995530,-4.493833,-1.844353
1162,2.324000,9.054902,2442.421,923.104,12.335423,26.508606,-7.359424,-2.463920,-7.577692,8.307202,-4.611060,2.849916,-2.766477,4.462723,-3.056570,2.585599,-2.582840,2.636830,-3.445548,2.132905,-0.668249,4.168552,-4.410278,-1.925125
1163,2.326000,9.040397,2452.581,921.687,12.419752,26.402973,-7.428229,-2.365111,-7.459602,8.414173,-4.304698,3.219116,-2.810973,4.316225,-3.115963,2.451068,-2.552725,2.651603,-3.754678,1.910520,-0.620479,4.247472,-4.326883,-1.941999
1164,2.328000,9.014429,2474.722,929.356,12.486470,26.255842,-7.602450,-2.224252,-7.288221,8.485264,-4.005616,3.622252,-2.792861,4.230384,-3.178717,2.309837,-2.512349,2.620551,-4.163705,1.677791,-0.607188,4.243171,-4.243017,-1.900042
1165,2.330000,8.985612,2509.375,946.446,12.520250,26.064774,-7.887555,-2.063838,-7.096627,8.528256,-3.737945,4.025070,-2.711782,4.227441,-3.240052,2.189178,-2.472434,2.532769,-4.651772,1.428991,-0.634450,4.181193,-4.167506,-1.822268
1166,2.332000,8.964413,2554.458,970.678,12.513061,25.832859,-8.258028,-1.893325,-6.919291,8.568700,-3.496888,4.399473,-2.576991,4.311859,-3.304850,2.105987,-2.437679,2.394296,-5.178644,1.161953,-0.698443,4.084670,-4.122957,-1.734831
1167,2.334000,8.959028,2604.570,997.892,12.483202,25.599329,-8.648243,-1.708464,-6.782136,8.630552,-3.276698,4.713624,-2.416999,4.461135,-3.388802,2.065273,-2.406881,2.234054,-5.681596,0.899954,-0.772755,3.990243,-4.116436,-1.646047
1168,2.336000,8.971443,2652.378,1023.827,12.492459,25.457081,-8.953453,-1.499066,-6.693035,8.707983,-3.101275,4.918888,-2.290756,4.605423,-3.528726,2.042444,-2.375207,2.106336,-6.069633,0.718508,-0.786337,3.965760,-4.112451,-1.539121
1169,2.338000,8.996417,2691.646,1045.630,12.590095,25.469444,-9.098536,-1.287353,-6.649026,8.774266,-2.994227,4.988700,-2.225719,4.690925,-3.730704,2.005526,-2.338452,2.057014,-6.277595,0.679193,-0.694588,4.049969,-4.083853,-1.416075
1170,2.340000,9.024104,2719.047,1062.097,12.750818,25.594818,-9.091359,-1.137299,-6.646525,8.810314,-2.935619,4.958277,-2.165811,4.736148,-3.932634,1.949145,-2.295925,2.085165,-6.320431,0.755275,-0.546537,4.193433,-4.058690,-1.314868
1171,2.342000,9.044111,2733.573,1073.122,12.915620,25.776560,-8.968754,-1.085900,-6.687631,8.805955,-2.913822,4.856236,-2.077465,4.755970,-4.086172,1.872139,-2.262498,2.166888,-6.247003,0.891664,-0.407319,4.340725,-4.049761,-1.246130
1172,2.344000,9.048404,2734.824,1079.204,13.015868,25.981064,-8.771442,-1.120149,-6.769794,8.771027,-2.926991,4.697392,-1.976300,4.740485,-4.185514,1.773890,-2.261966,2.279458,-6.098731,1.052035,-0.308562,4.471841,-4.036132,-1.191972
1173,2.346000,9.032556,2721.608,1081.106,12.996375,26.189365,-8.525188,-1.200648,-6.868873,8.731216,-2.947843,4.510287,-1.876985,4.678176,-4.241095,1.654857,-2.316661,2.394605,-5.913711,1.205213,-0.264770,4.581631,-3.997838,-1.140109
1174,2.348000,8.995725,2691.758,1079.539,12.834368,26.399584,-8.238611,-1.287567,-6.951231,8.706967,-2.937763,4.333569,-1.778919,4.567773,-4.262676,1.522788,-2.430889,2.489105,-5.722894,1.328312,-0.282233,4.661827,-3.939942,-1.097725
1175,2.350000,8.939895,2643.172,1074.841,12.536571,26.619745,-7.913916,-1.350996,-6.988616,8.702255,-2.874659,4.198925,-1.676445,4.419842,-4.257987,1.390544,-2.594249,2.545707,-5.553462,1.406746,-0.362472,4.695510,-3.886868,-1.074872
1176,2.352000,8.868967,2575.531,1066.723,12.116693,26.840351,-7.567779,-1.382827,-6.979338,8.696166,-2.769957,4.117337,-1.575022,4.247193,-4.235826,1.271932,-2.788842,2.554622,-5.423715,1.437228,-0.496499,4.673836,-3.854178,-1.057357
1177,2.354000,8.788095,2491.984,1054.303,11.595144,27.044102,-7.214798,-1.382923,-6.946668,8.657915,-2.651689,4.090518,-1.485939,4.074985,-4.185616,1.188134,-2.992188,2.517454,-5.337804,1.413491,-0.680107,4.601660,-3.840615,-1.020341
1178,2.356000,8.702840,2400.094,1036.855,11.009861,27.220070,-6.858789,-1.352360,-6.923474,8.560308,-2.551547,4.118209,-1.415766,3.943358,-4.069782,1.172763,-3.176056,2.439686,-5.288676,1.317673,-0.929281,4.482351,-3.837584,-0.949337
1179,2.358000,8.618872,2310.760,1014.952,10.408363,27.350372,-6.516102,-1.301084,-6.937273,8.383359,-2.509549,4.194883,-1.367996,3.880413,-3.863045,1.256475,-3.308508,2.325855,-5.259070,1.143633,-1.258422,4.323317,-3.826894,-0.838708
1180,2.360000,8.541960,2235.412,990.853,9.846201,27.412422,-6.226179,-1.253595,-6.984907,8.144639,-2.545822,4.310738,-1.343243,3.883081,-3.583269,1.445488,-3.361900,2.184037,-5.223954,0.913683,-1.654218,4.142673,-3.788161,-0.702951
1181,2.362000,8.477186,2182.108,967.387,9.392430,27.403080,-6.042244,-1.247116,-7.034703,7.891865,-2.658953,4.443716,-1.332579,3.930085,-3.282264,1.720859,-3.323088,2.024895,-5.174357,0.671437,-2.071317,3.972847,-3.700765,-0.561386
1182,2.364000,8.427557,2152.408,945.717,9.111439,27.346451,-6.002110,-1.305667,-7.044321,7.659469,-2.851037,4.563754,-1.303918,3.999737,-3.033211,2.038721,-3.197886,1.865340,-5.113877,0.481793,-2.439710,3.843412,-3.559420,-0.417485
1183,2.366000,8.394052,2141.405,924.618,9.020059,27.278271,-6.089312,-1.414511,-6.993648,7.448395,-3.114496,4.655390,-1.221027,4.081006,-2.899030,2.342654,-3.009984,1.736726,-5.033579,0.416562,-2.694353,3.754254,-3.390978,-0.265665
1184,2.368000,8.376584,2140.961,902.649,9.076071,27.225330,-6.243559,-1.542388,-6.898997,7.257894,-3.392591,4.732654,-1.078102,4.179640,-2.884453,2.596752,-2.789446,1.675080,-4.921754,0.500389,-2.817249,3.678333,-3.235409,-0.114396
1185,2.370000,8.373579,2143.596,880.408,9.210667,27.187656,-6.421826,-1.670015,-6.790043,7.101166,-3.608666,4.819573,-0.904428,4.306070,-2.946364,2.794806,-2.560884,1.701097,-4.789992,0.695181,-2.833884,3.580308,-3.126564,0.013658
1186,2.372000,8.380593,2144.421,860.553,9.368849,27.162373,-6.594588,-1.769503,-6.676355,6.994303,-3.719525,4.920729,-0.748329,4.454093,-3.039388,2.937754,-2.347232,1.812335,-4.668263,0.933945,-2.781362,3.441806,-3.080544,0.088406
1187,2.374000,8.390865,2141.304,845.809,9.512430,27.153557,-6.730547,-1.799302,-6.550468,6.945999,-3.722513,5.031746,-0.651487,4.604229,-3.129818,3.028413,-2.169252,1.993171,-4.579853,1.156584,-2.694093,3.263368,-3.104925,0.080326
1188,2.376000,8.396967,2134.582,837.377,9.600933,27.150183,-6.814940,-1.743670,-6.415782,6.949349,-3.647256,5.145452,-0.635121,4.734048,-3.202646,3.063492,-2.042950,2.224916,-4.526163,1.329791,-2.595227,3.063126,-3.192997,-0.015577
1189,2.378000,8.392585,2126.219,835.091,9.590519,27.123440,-6.855942,-1.627448,-6.287049,6.996368,-3.535776,5.248886,-0.696519,4.835425,-3.254673,3.042266,-1.970794,2.482851,-4.497357,1.450149,-2.493697,2.871808,-3.318376,-0.178488
1190,2.380000,8.373921,2118.981,838.276,9.455231,27.046185,-6.878007,-1.501605,-6.179821,7.087238,-3.419141,5.328986,-0.813934,4.921536,-3.276207,2.981183,-1.938732,2.738390,-4.487505,1.525697,-2.392373,2.720390,-3.444606,-0.379767
1191,2.382000,8.340860,2115.648,846.341,9.216446,26.920013,-6.905982,-1.425951,-6.113377,7.213276,-3.313713,5.378969,-0.953968,5.017328,-3.238736,2.919464,-1.920451,2.965741,-4.501957,1.554268,-2.299147,2.634956,-3.529739,-0.588893
1192,2.384000,8.297976,2118.211,858.555,8.939449,26.782398,-6.951063,-1.447319,-6.111916,7.345037,-3.232908,5.399881,-1.084780,5.138397,-3.108604,2.911842,-1.886363,3.146487,-4.551959,1.522064,-2.228762,2.635651,-3.528419,-0.774944
1193,2.386000,8.254701,2127.784,873.092,8.693688,26.684921,-7.010560,-1.564488,-6.183478,7.449491,-3.197681,5.406749,-1.184585,5.277707,-2.882485,2.998638,-1.820128,3.277122,-4.630057,1.439955,-2.184847,2.718110,-3.422145,-0.921674
1194,2.388000,8.223139,2144.436,886.481,8.515820,26.657501,-7.081407,-1.727598,-6.308623,7.503108,-3.237754,5.423540,-1.241558,5.411631,-2.599780,3.183475,-1.720417,3.367326,-4.715551,1.347528,-2.162779,2.837312,-3.248827,-1.041805
1195,2.390000,8.213679,2166.408,894.230,8.415961,26.704525,-7.161064,-1.878767,-6.453385,7.493150,-3.372912,5.461557,-1.257623,5.506124,-2.327762,3.432405,-1.591341,3.422773,-4.809210,1.275415,-2.153194,2.942180,-3.062806,-1.146177
1196,2.392000,8.230351,2189.496,892.965,8.383194,26.805923,-7.243359,-1.983251,-6.585913,7.422883,-3.585547,5.513731,-1.243605,5.538243,-2.126173,3.689404,-1.439759,3.448453,-4.930084,1.223844,-2.154657,2.998420,-2.909814,-1.236627
1197,2.394000,8.268730,2208.013,882.943,8.394789,26.926861,-7.317492,-2.037613,-6.682027,7.309091,-3.823630,5.564266,-1.206429,5.509762,-2.024258,3.898850,-1.273834,3.457327,-5.093602,1.175779,-2.169640,3.005108,-2.812622,-1.306948
1198,2.396000,8.317776,2217.427,868.163,8.425117,27.032677,-7.369332,-2.058517,-6.720384,7.175478,-4.028972,5.602797,-1.143569,5.439807,-2.022084,4.025900,-1.101023,3.464556,-5.298045,1.120374,-2.198695,2.981862,-2.785777,-1.358737
1199,2.398000,8.364914,2215.805,854.119,8.462126,27.124199,-7.363036,-2.053527,-6.687881,7.038292,-4.170137,5.608875,-1.079152,5.328544,-2.121859,4.043696,-0.947021,3.472565,-5.517635,1.074644,-2.225310,2.967539,-2.824015,-1.386674
1200,2.400000,8.400091,2203.425,845.714,8.494163,27.217789,-7.271249,-2.030227,-6.596696,6.898274,-4.245141,5.557731,-1.053324,5.167517,-2.322458,3.939571,-0.840483,3.480279,-5.705729,1.073026,-2.220742,2.996994,-2.914658,-1.391625
1201,2.402000,8.417716,2182.219,845.993,8.505115,27.321213,-7.104746,-1.999483,-6.464861,6.767297,-4.249997,5.452083,-1.073034,4.974345,-2.599408,3.726812,-0.797859,3.483814,-5.829898,1.122326,-2.177692,3.067488,-3.061657,-1.390071
1202,2.404000,8.417496,2155.404,855.665,8.492318,27.440722,-6.899915,-1.965618,-6.303916,6.673640,-4.178591,5.308681,-1.119275,4.784608,-2.906570,3.444172,-0.820780,3.482083,-5.871943,1.201005,-2.110231,3.153629,-3.268528,-1.393463
1203,2.406000,8.404253,2127.301,873.117,8.472626,27.585707,-6.696110,-1.924000,-6.127914,6.638738,-4.042884,5.139042,-1.172684,4.627926,-3.190989,3.150029,-0.895474,3.480702,-5.823874,1.275558,-2.037931,3.241593,-3.504349,-1.383910
1204,2.408000,8.385974,2103.140,894.741,8.470554,27.757820,-6.528404,-1.868106,-5.962295,6.662243,-3.876620,4.956214,-1.218423,4.515670,-3.408898,2.906778,-1.003971,3.477411,-5.702070,1.303305,-1.984731,3.326756,-3.716781,-1.331787
1205,2.410000,8.370113,2087.961,915.781,8.495743,27.938786,-6.425007,-1.795077,-5.834234,6.733485,-3.716870,4.783187,-1.250438,4.428871,-3.544931,2.760852,-1.129581,3.464269,-5.532988,1.261123,-1.963977,3.402777,-3.865419,-1.227474
1206,2.412000,8.359927,2084.724,931.707,8.529333,28.096516,-6.396531,-1.705883,-5.757222,6.842265,-3.587769,4.647768,-1.267910,4.332644,-3.612015,2.730093,-1.258053,3.435428,-5.339275,1.161822,-1.971912,3.459305,-3.932902,-1.084170
1207,2.414000,8.353210,2093.239,939.563,8.538252,28.206654,-6.434056,-1.608368,-5.736314,6.973596,-3.497964,4.575045,-1.270827,4.212273,-3.624286,2.807958,-1.377123,3.391457,-5.144104,1.034545,-1.998636,3.487608,-3.919544,-0.920769
1208,2.416000,8.344211,2110.784,938.593,8.494844,28.258924,-6.520623,-1.518921,-5.774038,7.110352,-3.436782,4.578052,-1.264288,4.079539,-3.586330,2.968847,-1.472547,3.342195,-4.967912,0.908921,-2.034113,3.486190,-3.833850,-0.746380
1209,2.418000,8.327161,2133.735,929.881,8.385858,28.252602,-6.637069,-1.454500,-5.873138,7.233656,-3.381718,4.651246,-1.263619,3.955076,-3.499384,3.174400,-1.525858,3.307082,-4.823728,0.808880,-2.070918,3.460424,-3.685362,-0.551131
1210,2.420000,8.299413,2158.589,915.442,8.216217,28.197739,-6.758105,-1.427515,-6.033240,7.325532,-3.309884,4.775547,-1.288830,3.853812,-3.364344,3.389357,-1.521294,3.306282,-4.711616,0.754000,-2.100388,3.420066,-3.484185,-0.312185
1211,2.422000,8.263811,2182.284,897.154,8.004749,28.109165,-6.852228,-1.454304,-6.253873,7.368783,-3.211842,4.927294,-1.351660,3.779486,-3.186002,3.593729,-1.457411,3.344978,-4.617083,0.759119,-2.107281,3.379477,-3.247818,-0.023987
1212,2.424000,8.228877,2201.756,876.326,7.782040,28.003475,-6.885094,-1.548606,-6.532621,7.348320,-3.093724,5.084558,-1.450101,3.731981,-2.983085,3.775146,-1.356014,3.405057,-4.521175,0.830042,-2.068448,3.359621,-3.000061,0.282300
1213,2.426000,8.205315,2214.086,854.370,7.583838,27.893957,-6.837577,-1.706020,-6.854416,7.259525,-2.968942,5.236013,-1.563737,3.719547,-2.792045,3.916169,-1.254183,3.454233,-4.414791,0.961701,-1.955163,3.388657,-2.765507,0.541772
1214,2.428000,8.200829,2217.690,833.505,7.453669,27.801252,-6.708984,-1.888852,-7.174170,7.121531,-2.858022,5.374277,-1.662718,3.754772,-2.663410,3.986412,-1.186673,3.456196,-4.326732,1.108168,-1.771169,3.481067,-2.570967,0.684870
1215,2.430000,8.217042,2212.336,816.786,7.435748,27.762226,-6.500719,-2.025871,-7.405017,6.988659,-2.780792,5.486208,-1.730494,3.834338,-2.646207,3.950716,-1.181486,3.374346,-4.326011,1.178951,-1.575570,3.616590,-2.439165,0.678602
1216,2.432000,8.249188,2198.659,807.184,7.534135,27.784063,-6.240846,-2.081732,-7.484937,6.908266,-2.748433,5.560341,-1.758531,3.959405,-2.729162,3.818094,-1.244391,3.204618,-4.448197,1.114694,-1.447115,3.738803,-2.385851,0.529407
1217,2.434000,8.288899,2177.179,806.737,7.705041,27.829288,-5.983037,-2.076989,-7.407814,6.901063,-2.755027,5.593821,-1.744337,4.138482,-2.842054,3.649931,-1.357286,2.988040,-4.657390,0.937319,-1.428406,3.796986,-2.397089,0.299110
1218,2.436000,8.327472,2148.435,815.565,7.881285,27.843067,-5.772990,-2.046331,-7.204675,6.970686,-2.776063,5.589703,-1.701177,4.355013,-2.927078,3.498914,-1.508211,2.767447,-4.897591,0.706632,-1.509268,3.783760,-2.428489,0.082678
1219,2.438000,8.358524,2113.326,831.637,7.998148,27.781105,-5.628754,-2.009790,-6.931244,7.107056,-2.774820,5.562867,-1.645004,4.572395,-2.963324,3.391735,-1.687889,2.568098,-5.135972,0.469147,-1.646499,3.723827,-2.447646,-0.055816
1220,2.440000,8.378934,2073.250,851.593,8.023770,27.636604,-5.539741,-1.967742,-6.642664,7.298792,-2.714446,5.537568,-1.580258,4.759177,-2.952713,3.335146,-1.876756,2.408440,-5.353466,0.253688,-1.789918,3.643315,-2.447122,-0.093613
1221,2.442000,8.388242,2030.446,871.825,7.967947,27.449842,-5.472342,-1.904533,-6.367156,7.547643,-2.563429,5.551161,-1.492132,4.911744,-2.897749,3.329261,-2.038549,2.309820,-5.530467,0.084858,-1.902918,3.552938,-2.432602,-0.035469
1222,2.444000,8.387401,1988.201,889.603,7.852718,27.274563,-5.393852,-1.807826,-6.110012,7.851707,-2.320958,5.628292,-1.370291,5.039233,-2.804737,3.368740,-2.137276,2.285710,-5.652178,-0.016201,-1.965058,3.457775,-2.409501,0.090984
1223,2.446000,8.377213,1950.852,903.752,7.685861,27.134670,-5.299634,-1.686548,-5.878078,8.176380,-2.043141,5.745049,-1.237427,5.133142,-2.700260,3.440927,-2.160105,2.320021,-5.727211,-0.049050,-1.973271,3.362075,-2.389517,0.236780
1224,2.448000,8.357875,1923.088,914.752,7.480654,27.035442,-5.203208,-1.557573,-5.684300,8.466753,-1.808551,5.852692,-1.130855,5.173735,-2.628762,3.533298,-2.109573,2.389080,-5.764130,-0.016824,-1.924381,3.281460,-2.384968,0.352684
1225,2.450000,8.329759,1908.591,924.005,7.290114,27.003963,-5.105538,-1.424943,-5.540688,8.665361,-1.679273,5.912146,-1.079037,5.145243,-2.637659,3.637341,-1.986970,2.491456,-5.741971,0.100698,-1.798593,3.246726,-2.394825,0.413629
1226,2.452000,8.294487,1908.830,932.723,7.171042,27.055157,-5.018623,-1.299543,-5.462556,8.735069,-1.673152,5.926566,-1.067557,5.069580,-2.753826,3.734712,-1.814098,2.618458,-5.658020,0.297524,-1.594942,3.285752,-2.402915,0.434081
1227,2.454000,8.255649,1922.031,941.055,7.134875,27.158848,-4.968376,-1.202794,-5.463485,8.675034,-1.763030,5.932097,-1.050074,5.012228,-2.954107,3.808635,-1.626944,2.749595,-5.551909,0.508585,-1.353924,3.406706,-2.389184,0.454801
1228,2.456000,8.218486,1943.021,948.030,7.164727,27.283974,-4.954878,-1.144021,-5.544063,8.507597,-1.927099,5.931989,-1.014358,5.019829,-3.188461,3.858998,-1.443544,2.890793,-5.450202,0.673284,-1.115274,3.603189,-2.348596,0.500599
1229,2.458000,8.188194,1964.304,952.402,7.226082,27.407675,-4.960579,-1.123238,-5.682230,8.279078,-2.145974,5.909194,-0.969254,5.103500,-3.409357,3.891923,-1.277737,3.054945,-5.355432,0.772486,-0.899229,3.847966,-2.299340,0.576710
1230,2.460000,8.167367,1978.669,953.555,7.284113,27.518517,-4.964020,-1.131060,-5.827493,8.059237,-2.386292,5.850154,-0.923861,5.254581,-3.576706,3.911140,-1.154339,3.233551,-5.265865,0.818144,-0.720859,4.089872,-2.272475,0.676298
1231,2.462000,8.155501,1982.782,951.290,7.326043,27.622759,-4.945355,-1.157637,-5.927030,7.915698,-2.602627,5.758553,-0.878975,5.460458,-3.655440,3.916091,-1.102361,3.400465,-5.182514,0.838384,-0.601037,4.267818,-2.297094,0.785215
1232,2.464000,8.149550,1978.512,945.416,7.345860,27.712711,-4.911383,-1.215207,-5.970993,7.868134,-2.765028,5.656561,-0.828908,5.695413,-3.636737,3.894802,-1.138924,3.529249,-5.107387,0.872784,-0.546868,4.356299,-2.368521,0.901158
1233,2.466000,8.145554,1971.297,935.992,7.341881,27.766481,-4.894523,-1.328489,-5.998079,7.872699,-2.878122,5.579504,-0.760970,5.916873,-3.543928,3.836864,-1.246285,3.611078,-5.041673,0.953107,-0.553478,4.367774,-2.451195,1.030881
1234,2.468000,8.142708,1966.891,923.139,7.332480,27.777145,-4.925838,-1.499508,-6.051031,7.866035,-2.962838,5.560339,-0.663006,6.082977,-3.411231,3.747803,-1.378835,3.651866,-4.987750,1.086561,-0.618363,4.318507,-2.508608,1.175290
1235,2.470000,8.145936,1968.140,906.550,7.344478,27.755304,-5.017927,-1.703291,-6.153717,7.796646,-3.048010,5.593262,-0.540666,6.174964,-3.256084,3.655752,-1.481363,3.665135,-4.949881,1.257966,-0.730539,4.218056,-2.520440,1.327159
1236,2.472000,8.163904,1973.899,885.784,7.399154,27.726036,-5.151818,-1.899018,-6.312861,7.636174,-3.158322,5.639801,-0.408599,6.203643,-3.079025,3.592238,-1.518449,3.659725,-4.939816,1.428465,-0.866463,4.083148,-2.483073,1.468534
1237,2.474000,8.203668,1980.023,861.449,7.508440,27.717175,-5.290685,-2.038157,-6.512370,7.392667,-3.289494,5.674623,-0.270908,6.194818,-2.882141,3.577666,-1.485173,3.638896,-4.964036,1.548931,-1.000748,3.945496,-2.403467,1.574430
1238,2.476000,8.265107,1982.422,835.937,7.667027,27.737337,-5.412174,-2.079204,-6.720844,7.105475,-3.410684,5.700912,-0.121045,6.171849,-2.681711,3.620083,-1.391185,3.613636,-5.010197,1.584386,-1.112239,3.841711,-2.296529,1.621444
1239,2.478000,8.339621,1979.862,812.721,7.841030,27.766476,-5.522841,-2.011061,-6.913046,6.823909,-3.487386,5.735738,0.049770,6.152798,-2.499070,3.715408,-1.246319,3.606862,-5.054637,1.528319,-1.181849,3.800895,-2.176755,1.603605
1240,2.480000,8.413795,1974.410,794.994,7.975682,27.776672,-5.639858,-1.857703,-7.081427,6.580725,-3.505514,5.790571,0.238060,6.146908,-2.348963,3.841413,-1.066969,3.636447,-5.084321,1.391921,-1.206103,3.825156,-2.060531,1.530897
1241,2.482000,8.475089,1969.728,784.885,8.026640,27.762051,-5.759938,-1.650525,-7.220793,6.390704,-3.477037,5.859695,0.418992,6.144347,-2.253809,3.946312,-0.897183,3.689181,-5.109909,1.187471,-1.206793,3.892108,-1.960263,1.424452
1242,2.484000,8.515425,1969.198,783.465,7.972764,27.723934,-5.869850,-1.421062,-7.323246,6.258670,-3.427811,5.929549,0.571915,6.141637,-2.225543,3.987586,-0.779042,3.743021,-5.143477,0.930947,-1.221149,3.968370,-1.887313,1.298396
1243,2.486000,8.533165,1974.006,790.947,7.838864,27.682150,-5.937698,-1.179647,-7.366220,6.189068,-3.388764,5.976147,0.678616,6.136415,-2.275462,3.935100,-0.753181,3.772136,-5.199145,0.634673,-1.291651,4.026791,-1.843278,1.171306
1244,2.488000,8.534565,1981.489,806.424,7.653625,27.624275,-5.959896,-0.944420,-7.338840,6.183526,-3.369813,5.997516,0.761719,6.166678,-2.360080,3.834151,-0.801745,3.792536,-5.260635,0.328332,-1.444776,4.045350,-1.837806,1.040414
1245,2.490000,8.532794,1984.945,827.479,7.477592,27.566353,-5.913763,-0.703447,-7.232230,6.244901,-3.355055,6.005181,0.854779,6.256742,-2.431880,3.756207,-0.877504,3.833587,-5.298028,0.057249,-1.665773,4.035237,-1.845210,0.941456
1246,2.492000,8.543273,1976.272,850.180,7.398685,27.558685,-5.773788,-0.442378,-7.053812,6.377055,-3.294514,6.032583,0.998732,6.401804,-2.461144,3.768694,-0.898943,3.948291,-5.263902,-0.138353,-1.918388,4.023105,-1.814127,0.944794
1247,2.494000,8.576297,1951.274,869.608,7.469445,27.614239,-5.581025,-0.212868,-6.867827,6.557255,-3.136466,6.104292,1.194528,6.536284,-2.483416,3.868943,-0.810614,4.165041,-5.139146,-0.259863,-2.187893,4.006024,-1.727491,1.084096
1248,2.496000,8.631259,1913.576,881.727,7.659596,27.683983,-5.405458,-0.059075,-6.727856,6.737588,-2.893518,6.184855,1.396152,6.611167,-2.520521,4.011270,-0.635755,4.420521,-4.976319,-0.327701,-2.436239,3.998839,-1.603646,1.306608
1249,2.498000,8.697405,1872.453,885.776,7.891431,27.706009,-5.294761,0.017409,-6.644837,6.879588,-2.604734,6.244084,1.576212,6.647323,-2.539383,4.163542,-0.420844,4.638118,-4.832118,-0.346652,-2.603729,4.044401,-1.458311,1.536820
1250,2.500000,8.760302,1836.858,884.338,8.112116,27.664730,-5.253913,0.030822,-6.618019,6.959703,-2.302219,6.285976,1.727522,6.669713,-2.525100,4.285789,-0.206159,4.783970,-4.733392,-0.333076,-2.678839,4.153771,-1.297555,1.748481
1251,2.502000,8.808340,1811.755,881.061,8.295042,27.568817,-5.258468,0.005771,-6.640813,6.976002,-2.011770,6.328044,1.849020,6.695584,-2.479396,4.342402,-0.018765,4.856166,-4.684476,-0.308502,-2.685443,4.294950,-1.140668,1.933679
1252,2.504000,8.836398,1797.248,878.551,8.441730,27.451725,-5.257698,-0.009120,-6.688713,6.958761,-1.756387,6.380860,1.922477,6.717442,-2.433389,4.295838,0.103580,4.848203,-4.697251,-0.301712,-2.665278,4.411298,-1.012809,2.096481
1253,2.506000,8.847010,1789.124,877.647,8.557383,27.335407,-5.214357,0.029392,-6.728565,6.953360,-1.555812,6.444337,1.929453,6.724841,-2.411228,4.145717,0.143884,4.760161,-4.780793,-0.335093,-2.653511,4.444623,-0.935071,2.245615
1254,2.508000,8.849541,1780.277,877.550,8.632985,27.212036,-5.135695,0.128572,-6.742906,6.992563,-1.422554,6.515130,1.863558,6.721075,-2.415819,3.934128,0.115412,4.615305,-4.921176,-0.401241,-2.651138,4.376385,-0.902441,2.408912
1255,2.510000,8.856411,1763.183,876.412,8.650013,27.059870,-5.058482,0.264107,-6.731356,7.086234,-1.348553,6.598087,1.741780,6.729295,-2.426858,3.729435,0.060318,4.458546,-5.084933,-0.473842,-2.636095,4.224658,-0.899435,2.606409
1256,2.512000,8.876953,1733.727,872.305,8.605536,26.881596,-5.011275,0.414513,-6.690323,7.240161,-1.299688,6.705529,1.590158,6.766772,-2.435096,3.580438,0.012750,4.319347,-5.252821,-0.532165,-2.589943,4.023166,-0.921022,2.829678
1257,2.514000,8.912258,1694.029,864.426,8.525617,26.712833,-5.000673,0.570826,-6.617055,7.447632,-1.244741,6.838274,1.429143,6.837950,-2.438429,3.516743,0.002218,4.211423,-5.417418,-0.569826,-2.519077,3.790870,-0.988667,3.040510
1258,2.516000,8.954245,1651.308,854.100,8.453146,26.598537,-5.019766,0.732379,-6.520738,7.668621,-1.187861,6.966378,1.259599,6.931827,-2.436025,3.556003,0.061073,4.149250,-5.560733,-0.581688,-2.444198,3.535886,-1.131243,3.194991
1259,2.518000,8.989344,1613.656,844.605,8.423841,26.561230,-5.068636,0.881923,-6.437263,7.816610,-1.180907,7.028926,1.065143,7.022431,-2.427866,3.703826,0.221014,4.158941,-5.641233,-0.546287,-2.376016,3.279287,-1.348562,3.278231
1260,2.520000,9.003786,1586.629,839.712,8.441558,26.587860,-5.154874,0.990492,-6.400432,7.816509,-1.267797,6.985505,0.845510,7.091900,-2.412534,3.943133,0.486675,4.254949,-5.631219,-0.447399,-2.314168,3.058461,-1.613144,3.300882
1261,2.522000,8.988287,1572.280,842.115,8.462663,26.621315,-5.290516,1.037821,-6.408208,7.669849,-1.428116,6.856102,0.634783,7.142431,-2.391239,4.221283,0.817653,4.418758,-5.550447,-0.302510,-2.253164,2.918683,-1.879359,3.292440
1262,2.524000,8.940632,1569.621,852.537,8.427535,26.592655,-5.482305,1.022519,-6.441132,7.428135,-1.613099,6.690584,0.466917,7.179367,-2.366328,4.485967,1.166920,4.633388,-5.428678,-0.137425,-2.190675,2.887381,-2.114415,3.273319
1263,2.526000,8.866709,1575.171,869.546,8.301504,26.460911,-5.719632,0.960780,-6.484184,7.142471,-1.789471,6.533592,0.359610,7.206971,-2.336010,4.710224,1.498672,4.887669,-5.283229,0.032748,-2.127858,2.967828,-2.305778,3.239199
1264,2.528000,8.780839,1583.111,889.592,8.092417,26.233490,-5.973952,0.879886,-6.527406,6.851241,-1.942157,6.419169,0.323771,7.240726,-2.298641,4.885129,1.778157,5.164198,-5.126370,0.193112,-2.075579,3.142532,-2.451445,3.173419
1265,2.530000,8.703288,1586.413,907.765,7.850575,25.970041,-6.200607,0.809221,-6.558204,6.585893,-2.061170,6.371026,0.369922,7.308814,-2.258833,5.004743,1.970942,5.435605,-4.975432,0.317677,-2.056373,3.373420,-2.559896,3.052376
1266,2.532000,8.652911,1580.372,919.782,7.646483,25.761703,-6.350567,0.776076,-6.549446,6.380465,-2.139394,6.389776,0.493206,7.433198,-2.229936,5.052647,2.042119,5.659354,-4.863170,0.362862,-2.106101,3.606813,-2.644572,2.860801
1267,2.534000,8.637169,1566.792,924.628,7.522482,25.666422,-6.410581,0.779819,-6.485190,6.256599,-2.182775,6.446290,0.668878,7.615624,-2.217417,5.019610,1.978995,5.804530,-4.808699,0.305791,-2.240554,3.800068,-2.706020,2.617883
1268,2.536000,8.647415,1553.478,925.649,7.458643,25.656361,-6.425075,0.774001,-6.386340,6.210947,-2.205232,6.493572,0.865487,7.836334,-2.199634,4.927804,1.812612,5.884412,-4.780705,0.185114,-2.421549,3.940824,-2.726670,2.369760
1269,2.538000,8.664823,1548.729,928.521,7.412892,25.673090,-6.441746,0.712511,-6.283183,6.228540,-2.215709,6.491252,1.054574,8.059002,-2.153037,4.806659,1.583938,5.920636,-4.744820,0.053712,-2.601225,4.022558,-2.700531,2.154527
1270,2.540000,8.670902,1557.124,937.799,7.352795,25.681198,-6.477380,0.577815,-6.200886,6.275115,-2.227681,6.419612,1.213254,8.251255,-2.069621,4.678390,1.337831,5.927945,-4.685374,-0.050349,-2.751709,4.040810,-2.641613,1.982033
1271,2.542000,8.653790,1579.118,955.203,7.258863,25.678312,-6.520259,0.389427,-6.152403,6.306776,-2.267360,6.276074,1.312701,8.393456,-1.966480,4.550498,1.115525,5.914435,-4.603085,-0.107349,-2.867348,4.001963,-2.567949,1.847643
1272,2.544000,8.610581,1611.553,979.717,7.120307,25.669411,-6.549834,0.187946,-6.136930,6.295423,-2.360834,6.070586,1.328152,8.479822,-1.869364,4.426534,0.950189,5.897252,-4.495967,-0.098283,-2.940102,3.927610,-2.490759,1.739604
1273,2.546000,8.547350,1647.830,1008.348,6.942455,25.657476,-6.543555,0.017782,-6.140200,6.244179,-2.512800,5.829931,1.252681,8.514608,-1.795259,4.315872,0.856672,5.894409,-4.365569,-0.012203,-2.958957,3.838168,-2.425486,1.632231
1274,2.548000,8.477157,1678.816,1036.803,6.751945,25.649734,-6.475614,-0.080043,-6.133698,6.191293,-2.686962,5.606958,1.108658,8.519030,-1.742306,4.231128,0.821429,5.903097,-4.233988,0.132145,-2.924636,3.742883,-2.387849,1.497846
1275,2.550000,8.416870,1694.605,1059.744,6.583120,25.661390,-6.323442,-0.074539,-6.090323,6.190228,-2.819164,5.465400,0.943399,8.536982,-1.685262,4.198771,0.825248,5.923388,-4.119335,0.305628,-2.845252,3.651312,-2.384165,1.314914
1276,2.552000,8.382385,1688.214,1071.562,6.463533,25.702858,-6.089522,0.033476,-6.012312,6.265185,-2.863204,5.439526,0.809997,8.604212,-1.604416,4.247567,0.858850,5.962986,-4.024178,0.490109,-2.727658,3.576510,-2.408615,1.085528
1277,2.554000,8.382599,1660.204,1068.729,6.398266,25.751648,-5.834630,0.185152,-5.953500,6.381258,-2.828102,5.511260,0.744835,8.717939,-1.510532,4.389662,0.917815,6.019168,-3.957813,0.663951,-2.591143,3.523394,-2.452095,0.841846
1278,2.556000,8.416335,1618.634,1052.369,6.398891,25.788204,-5.634433,0.307613,-5.970937,6.482355,-2.757120,5.630056,0.759762,8.836294,-1.431553,4.617921,0.999533,6.088626,-3.932895,0.799190,-2.461844,3.492112,-2.497802,0.629897
1279,2.558000,8.474806,1573.317,1027.868,6.483051,25.815384,-5.521786,0.373535,-6.062395,6.549000,-2.684138,5.744721,0.846455,8.906015,-1.386985,4.904736,1.091709,6.170179,-3.955178,0.874161,-2.360454,3.477265,-2.526786,0.480632
1280,2.560000,8.546454,1530.799,1001.680,6.649817,25.845480,-5.477817,0.403284,-6.174238,6.601017,-2.623406,5.816437,0.979431,8.890626,-1.381446,5.203554,1.172172,6.263746,-4.012084,0.890616,-2.297272,3.463996,-2.532814,0.397970
1281,2.562000,8.620640,1493.815,978.396,6.891798,25.907570,-5.441904,0.441512,-6.237959,6.677485,-2.567211,5.830253,1.128338,8.778648,-1.418260,5.451736,1.211984,6.351474,-4.101625,0.843128,-2.297635,3.417995,-2.528722,0.371463
1282,2.564000,8.688698,1463.191,959.955,7.159960,25.988356,-5.383761,0.491611,-6.241895,6.781159,-2.515166,5.792898,1.269823,8.592738,-1.478753,5.624674,1.225534,6.443795,-4.192493,0.761093,-2.350778,3.345776,-2.502485,0.410416
1283,2.566000,8.743079,1439.504,946.683,7.386863,26.051365,-5.296417,0.534039,-6.210618,6.890543,-2.472134,5.730565,1.388374,8.362715,-1.545421,5.720542,1.236497,6.548433,-4.258324,0.675037,-2.432554,3.272224,-2.446443,0.509313
1284,2.568000,8.777342,1423.447,938.370,7.521346,26.070597,-5.182445,0.548593,-6.171118,6.983761,-2.444737,5.675823,1.477095,8.113864,-1.613520,5.736985,1.242949,6.651655,-4.291971,0.596342,-2.525104,3.219220,-2.367014,0.640442
1285,2.570000,8.786565,1415.972,934.909,7.534604,26.032610,-5.057177,0.511769,-6.147115,7.041432,-2.439169,5.657196,1.542919,7.874361,-1.677173,5.676811,1.225682,6.734011,-4.285822,0.530440,-2.611506,3.206229,-2.269322,0.773060
1286,2.572000,8.768252,1418.358,936.681,7.431602,25.950092,-4.934072,0.412006,-6.146506,7.061283,-2.456438,5.689896,1.599955,7.668234,-1.739149,5.536364,1.151610,6.767782,-4.243033,0.464762,-2.692243,3.235769,-2.165204,0.879383
1287,2.574000,8.723627,1432.122,944.559,7.224791,25.829416,-4.841014,0.243896,-6.173829,7.048975,-2.492466,5.777819,1.664699,7.513282,-1.806105,5.324893,1.012835,6.743275,-4.165810,0.388420,-2.764587,3.303735,-2.070808,0.946508
1288,2.576000,8.658550,1458.472,959.665,6.933770,25.671310,-4.813031,0.020485,-6.219615,7.017046,-2.535099,5.911736,1.741870,7.415917,-1.884430,5.064658,0.833192,6.668705,-4.061799,0.294972,-2.823169,3.395681,-2.007651,0.969651
1289,2.578000,8.583804,1497.879,983.394,6.589668,25.484745,-4.873200,-0.222286,-6.260448,6.978192,-2.562770,6.078264,1.819908,7.371693,-1.972884,4.784511,0.654835,6.555042,-3.950181,0.187423,-2.864746,3.482807,-1.996086,0.951966
1290,2.580000,8.513437,1549.675,1016.885,6.243296,25.297085,-5.026326,-0.437430,-6.262048,6.941464,-2.556559,6.269196,1.886394,7.375564,-2.062872,4.507965,0.520439,6.413004,-3.854996,0.079971,-2.888890,3.524579,-2.052401,0.906164
1291,2.582000,8.460218,1611.418,1059.489,5.955482,25.146057,-5.264028,-0.594227,-6.194305,6.903841,-2.532847,6.466554,1.936611,7.419350,-2.152231,4.250371,0.467849,6.267365,-3.786789,-0.005652,-2.888626,3.492176,-2.187855,0.847056
1292,2.584000,8.429850,1679.622,1108.015,5.772899,25.063580,-5.565192,-0.698723,-6.054744,6.845714,-2.554625,6.625951,1.967055,7.485539,-2.250941,4.023312,0.524644,6.162204,-3.729953,-0.044628,-2.844230,3.399944,-2.390152,0.787901
1293,2.586000,8.418364,1752.132,1157.872,5.709815,25.066448,-5.880604,-0.769700,-5.867224,6.755110,-2.672979,6.709441,1.973129,7.552782,-2.374847,3.824448,0.674129,6.114549,-3.679731,-0.034435,-2.747274,3.285973,-2.627316,0.736305
1294,2.588000,8.414665,1829.210,1204.477,5.748966,25.144791,-6.149196,-0.824444,-5.682220,6.622092,-2.904977,6.687771,1.927449,7.590071,-2.549438,3.626770,0.847219,6.085952,-3.657895,0.009541,-2.600772,3.196736,-2.840821,0.721963
1295,2.590000,8.406504,1911.589,1243.887,5.851931,25.258854,-6.335817,-0.880505,-5.554687,6.443388,-3.232842,6.549189,1.801618,7.581686,-2.793685,3.407516,0.976751,6.023007,-3.690169,0.064139,-2.426491,3.163434,-2.982948,0.761241
1296,2.592000,8.385616,1997.366,1273.050,5.956861,25.343079,-6.454520,-0.960442,-5.515162,6.238066,-3.601932,6.323140,1.608056,7.555899,-3.083771,3.185815,1.050202,5.910019,-3.779603,0.103959,-2.268070,3.175505,-3.070749,0.805703
1297,2.594000,8.349750,2079.917,1290.166,6.031847,25.383326,-6.505763,-1.045327,-5.540874,6.054752,-3.941896,6.063223,1.378504,7.540163,-3.379955,2.990157,1.081112,5.767279,-3.907484,0.115821,-2.152404,3.219093,-3.138326,0.805765
1298,2.596000,8.302411,2147.667,1295.177,6.124925,25.473557,-6.407846,-1.022791,-5.523798,6.006553,-4.140625,5.872747,1.196143,7.586327,-3.601779,2.871031,1.107467,5.659150,-4.025312,0.113567,-2.077885,3.282722,-3.219531,0.724209
1299,2.598000,8.251483,2186.001,1289.763,6.218979,25.604540,-6.189615,-0.889415,-5.472096,6.086905,-4.203876,5.759260,1.078742,7.674601,-3.729837,2.825219,1.124557,5.615995,-4.108897,0.106757,-2.038582,3.355250,-3.315999,0.588356
1300,2.600000,8.206172,2183.424,1276.086,6.252051,25.697979,-5.955808,-0.728921,-5.479850,6.197987,-4.217389,5.661394,0.994309,7.740911,-3.793751,2.816824,1.105775,5.633392,-4.153629,0.109239,-2.020939,3.434918,-3.394604,0.475629
1301,2.602000,8.173417,2139.667,1254.675,6.229650,25.766247,-5.731349,-0.558471,-5.563424,6.298413,-4.203135,5.577141,0.954467,7.771586,-3.787168,2.845995,1.062501,5.718201,-4.145769,0.148278,-2.003170,3.524139,-3.424204,0.444157
1302,2.604000,8.156434,2069.007,1225.188,6.169622,25.835016,-5.530717,-0.386715,-5.715308,6.354984,-4.166542,5.516900,0.956783,7.760563,-3.704963,2.909141,1.013306,5.871595,-4.089345,0.232465,-1.975061,3.618911,-3.392158,0.511988
1303,2.606000,8.155377,1995.490,1191.477,6.085968,25.911264,-5.382151,-0.228409,-5.913987,6.340855,-4.122712,5.475723,0.974464,7.700593,-3.557686,2.989640,0.974323,6.085655,-4.011888,0.343339,-1.943925,3.702672,-3.306501,0.655710
1304,2.608000,8.169019,1942.707,1164.262,6.003726,25.994564,-5.312393,-0.095386,-6.111111,6.255091,-4.100820,5.437895,0.986148,7.593366,-3.372924,3.068164,0.961289,6.342435,-3.954224,0.445575,-1.926003,3.754531,-3.184576,0.826394
1305,2.610000,8.195576,1924.404,1155.635,5.952685,26.079071,-5.332901,0.005377,-6.242463,6.126324,-4.133458,5.392012,0.990723,7.457370,-3.191081,3.127019,0.987645,6.619443,-3.951647,0.507369,-1.930293,3.760870,-3.045915,0.972028
1306,2.612000,8.232016,1940.890,1169.897,5.942511,26.143993,-5.428142,0.068988,-6.266637,5.989959,-4.235486,5.343750,0.995624,7.320896,-3.048205,3.154921,1.057643,6.892731,-4.014297,0.519180,-1.952849,3.714719,-2.910341,1.061259
1307,2.614000,8.273336,1981.452,1201.035,5.950595,26.156635,-5.554456,0.094974,-6.187410,5.863278,-4.393076,5.315745,1.002681,7.206935,-2.961376,3.151978,1.164951,7.137219,-4.127818,0.492248,-1.985342,3.613320,-2.800752,1.090622
1308,2.616000,8.312514,2030.594,1238.707,5.951845,26.104408,-5.648782,0.106179,-6.018774,5.758263,-4.568631,5.336754,1.012634,7.126483,-2.934571,3.122766,1.292107,7.322574,-4.275795,0.434266,-2.031442,3.455712,-2.746367,1.066086
1309,2.618000,8.341408,2074.864,1274.645,5.938123,26.003973,-5.654867,0.142437,-5.768496,5.692436,-4.717614,5.431185,1.034962,7.085849,-2.961102,3.078694,1.423384,7.426663,-4.434964,0.351423,-2.095239,3.258817,-2.765323,0.993337
1310,2.620000,8.352621,2105.577,1304.197,5.913274,25.886322,-5.552263,0.232423,-5.453629,5.682072,-4.802106,5.603274,1.075686,7.088815,-3.024913,3.041645,1.546122,7.436666,-4.577065,0.258504,-2.166613,3.056031,-2.860842,0.874013
1311,2.622000,8.340479,2118.995,1325.056,5.880068,25.777462,-5.372209,0.369585,-5.115285,5.734236,-4.801738,5.820439,1.116711,7.132125,-3.098541,3.040938,1.640483,7.340372,-4.676903,0.182769,-2.223284,2.876349,-3.033010,0.707070
1312,2.624000,8.302220,2114.761,1335.896,5.829759,25.686428,-5.175694,0.519289,-4.816161,5.837354,-4.722071,6.027456,1.122867,7.199194,-3.160686,3.093243,1.684458,7.135001,-4.717534,0.150929,-2.242384,2.735253,-3.277347,0.494599
1313,2.626000,8.239092,2094.560,1335.840,5.740539,25.606375,-5.002068,0.659519,-4.614947,5.953291,-4.592151,6.186858,1.079698,7.264005,-3.216273,3.186428,1.676596,6.850529,-4.696502,0.156885,-2.222777,2.648043,-3.552482,0.251454
1314,2.628000,8.156919,2062.216,1324.860,5.604657,25.533644,-4.864555,0.780633,-4.541216,6.051306,-4.439308,6.293267,0.996084,7.303486,-3.275068,3.293242,1.627314,6.534736,-4.629653,0.173595,-2.180328,2.626329,-3.793223,0.004962
1315,2.630000,8.066358,2025.472,1305.537,5.436696,25.463383,-4.768619,0.872933,-4.584867,6.132818,-4.274173,6.361459,0.899360,7.311278,-3.329235,3.383549,1.537818,6.222011,-4.546706,0.179847,-2.133416,2.660193,-3.957237,-0.225893
1316,2.632000,7.981468,1997.858,1285.663,5.255950,25.378342,-4.722464,0.932895,-4.700511,6.217294,-4.105829,6.404695,0.828103,7.294445,-3.367455,3.427876,1.409545,5.936602,-4.473833,0.168142,-2.097441,2.725281,-4.036813,-0.433528
1317,2.634000,7.916062,1996.126,1277.940,5.092092,25.272877,-4.729218,0.968369,-4.828722,6.316223,-3.957663,6.418603,0.814267,7.254173,-3.394890,3.405923,1.266035,5.706799,-4.419389,0.149888,-2.069084,2.813293,-4.040062,-0.611502
1318,2.636000,7.878862,2032.194,1292.267,4.987168,25.173244,-4.773058,0.997027,-4.922169,6.419423,-3.866041,6.382731,0.865165,7.175007,-3.436582,3.311611,1.146678,5.558677,-4.380110,0.148359,-2.028160,2.939606,-3.972438,-0.742346
1319,2.638000,7.869474,2105.902,1326.421,4.952886,25.103100,-4.829495,1.036281,-4.967033,6.499548,-3.856431,6.289562,0.972969,7.045486,-3.510988,3.166525,1.088298,5.499768,-4.351731,0.184087,-1.961157,3.112029,-3.852883,-0.813762
1320,2.640000,7.879159,2204.593,1367.605,4.948135,25.049942,-4.887341,1.091660,-4.981113,6.527019,-3.932706,6.155881,1.129601,6.876715,-3.611255,3.017926,1.116960,5.525191,-4.322920,0.272048,-1.867342,3.319075,-3.717061,-0.836375
1321,2.642000,7.895628,2310.349,1402.945,4.926231,24.996023,-4.946022,1.156636,-4.995234,6.478230,-4.095035,5.997933,1.313066,6.682056,-3.726354,2.905543,1.237107,5.624409,-4.280403,0.407588,-1.762242,3.539670,-3.594145,-0.827868
1322,2.644000,7.907794,2407.823,1425.846,4.864157,24.936115,-5.016614,1.212605,-5.040273,6.343068,-4.339703,5.827467,1.486452,6.467920,-3.843323,2.853718,1.432286,5.784925,-4.209500,0.567466,-1.670956,3.753579,-3.484073,-0.790858
1323,2.646000,7.907784,2487.608,1435.501,4.755457,24.868757,-5.121732,1.241048,-5.128242,6.137264,-4.646644,5.661332,1.615515,6.246951,-3.940646,2.873802,1.664797,5.982265,-4.104762,0.720177,-1.614712,3.942911,-3.365661,-0.718132
1324,2.648000,7.890926,2545.820,1433.845,4.602577,24.793350,-5.280412,1.231367,-5.254207,5.889468,-4.987614,5.513363,1.673028,6.039863,-3.991243,2.971189,1.890917,6.182256,-3.976517,0.838936,-1.599855,4.083924,-3.229872,-0.612076
1325,2.650000,7.855143,2582.640,1423.242,4.414118,24.710476,-5.497143,1.182390,-5.403236,5.630145,-5.322690,5.398163,1.644305,5.868418,-3.975924,3.137609,2.071664,6.352041,-3.850122,0.907976,-1.617339,4.147929,-3.099518,-0.494234
1326,2.652000,7.801699,2599.568,1405.711,4.202515,24.625591,-5.746429,1.104196,-5.551022,5.383059,-5.605355,5.334130,1.535009,5.744414,-3.897121,3.341231,2.174673,6.466179,-3.752450,0.923697,-1.652278,4.114908,-3.017455,-0.396253
1327,2.654000,7.735580,2598.196,1383.046,3.973742,24.540001,-5.978731,1.003625,-5.671486,5.154593,-5.808026,5.327717,1.368905,5.659951,-3.784065,3.532657,2.187491,6.516896,-3.690335,0.899850,-1.690369,4.000690,-2.998352,-0.322618
1328,2.656000,7.665150,2580.093,1357.171,3.738115,24.461735,-6.128469,0.888907,-5.734481,4.942452,-5.929645,5.362612,1.172217,5.586897,-3.689870,3.649442,2.115403,6.506309,-3.655568,0.860053,-1.726250,3.851178,-3.013354,-0.238489
1329,2.658000,7.600224,2547.770,1330.195,3.515587,24.409626,-6.147685,0.775629,-5.717391,4.748904,-5.986651,5.414899,0.968821,5.510318,-3.654364,3.648626,1.985747,6.448710,-3.630158,0.835897,-1.754613,3.721250,-3.014526,-0.105899
1330,2.660000,7.548950,2504.935,1304.055,3.328234,24.407000,-6.030771,0.685683,-5.620064,4.586435,-6.000035,5.467478,0.773553,5.449513,-3.675631,3.539848,1.851048,6.369218,-3.600762,0.857929,-1.768043,3.649809,-2.969128,0.082586
1331,2.662000,7.514745,2455.617,1279.601,3.183617,24.454023,-5.822923,0.619606,-5.476814,4.458815,-5.998333,5.498001,0.582046,5.435737,-3.725476,3.368907,1.766438,6.287795,-3.573007,0.930104,-1.775855,3.634672,-2.882880,0.293135
1332,2.664000,7.494962,2403.320,1255.847,3.081529,24.544426,-5.571154,0.562187,-5.338003,4.360291,-6.003317,5.488421,0.378273,5.471997,-3.783542,3.182920,1.757338,6.198487,-3.579552,1.020521,-1.802685,3.634620,-2.793046,0.473855
1333,2.666000,7.481838,2351.288,1230.614,3.003361,24.661991,-5.303673,0.499596,-5.240644,4.290810,-6.020656,5.438787,0.166981,5.534980,-3.841817,3.017733,1.819817,6.097589,-3.640407,1.097042,-1.858752,3.611418,-2.728358,0.582290
1334,2.668000,7.466504,2302.417,1202.360,2.909940,24.769615,-5.047225,0.419553,-5.212500,4.247318,-6.050682,5.360415,-0.015499,5.585207,-3.908260,2.886319,1.918668,5.992636,-3.746089,1.149977,-1.926131,3.554733,-2.693451,0.603371
1335,2.670000,7.442573,2259.667,1171.181,2.772115,24.829645,-4.831167,0.319941,-5.269295,4.221976,-6.096092,5.262263,-0.117075,5.586145,-3.999603,2.777516,1.985518,5.882186,-3.880349,1.173583,-1.979156,3.472332,-2.682135,0.546935
1336,2.672000,7.407134,2225.981,1139.152,2.579099,24.814480,-4.684595,0.208697,-5.411697,4.197013,-6.161091,5.150926,-0.103827,5.512690,-4.126884,2.682236,1.958259,5.757620,-4.029320,1.163931,-1.995238,3.387226,-2.686305,0.446708
1337,2.674000,7.360518,2203.385,1110.160,2.335185,24.713795,-4.631014,0.095883,-5.612522,4.152305,-6.249138,5.027315,0.008761,5.353043,-4.287016,2.595674,1.809863,5.614049,-4.181672,1.121275,-1.971268,3.327411,-2.691362,0.356155
1338,2.676000,7.305623,2192.772,1088.572,2.058992,24.543774,-4.675173,-0.014464,-5.821109,4.080196,-6.351630,4.898932,0.169502,5.126856,-4.457016,2.506033,1.547703,5.454389,-4.323451,1.063140,-1.913610,3.313575,-2.683418,0.327449
1339,2.678000,7.247225,2193.507,1077.512,1.785371,24.340727,-4.805073,-0.128625,-5.989955,3.988574,-6.451018,4.778547,0.322188,4.885153,-4.603799,2.394402,1.199754,5.289253,-4.438584,1.011171,-1.829424,3.351376,-2.656261,0.400472
1340,2.680000,7.190793,2202.816,1077.278,1.556589,24.155315,-4.973789,-0.232822,-6.084859,3.898095,-6.520267,4.699302,0.443328,4.694030,-4.692902,2.261812,0.819860,5.138650,-4.519501,0.974200,-1.722535,3.433768,-2.620297,0.581324
1341,2.682000,7.140706,2216.652,1085.162,1.440990,24.092960,-5.050095,-0.237002,-6.045292,3.872935,-6.494506,4.744057,0.579886,4.641150,-4.675360,2.162335,0.503400,5.041640,-4.562284,0.946889,-1.612060,3.527953,-2.617388,0.813140
1342,2.684000,7.098887,2231.545,1096.822,1.414937,24.135300,-5.010583,-0.143379,-5.917221,3.888446,-6.403868,4.896952,0.718351,4.720729,-4.584944,2.105953,0.291355,4.995996,-4.583265,0.913673,-1.538069,3.591869,-2.679417,1.030141
1343,2.686000,7.065349,2244.920,1108.273,1.400564,24.175991,-4.924671,-0.021102,-5.802521,3.870317,-6.332115,5.069483,0.796735,4.858321,-4.509055,2.059595,0.163821,4.969261,-4.595720,0.876348,-1.533995,3.602434,-2.807776,1.180415
1344,2.688000,7.040231,2254.064,1117.329,1.383656,24.189465,-4.805910,0.125073,-5.717219,3.825083,-6.286794,5.230447,0.813051,5.023567,-4.474598,2.027683,0.112303,4.952213,-4.587834,0.860564,-1.604308,3.556032,-2.996670,1.213865
1345,2.690000,7.024355,2255.316,1123.892,1.361926,24.179466,-4.672083,0.277260,-5.656621,3.775846,-6.260462,5.354850,0.772472,5.192684,-4.472087,2.025960,0.129430,4.940669,-4.553754,0.889334,-1.716122,3.477378,-3.222935,1.131778
1346,2.692000,7.018666,2244.143,1129.075,1.344738,24.180779,-4.531231,0.409962,-5.601472,3.759904,-6.227021,5.426253,0.683005,5.350188,-4.467292,2.081308,0.218607,4.941230,-4.490481,0.981832,-1.800160,3.423849,-3.444720,0.989079
1347,2.694000,7.022838,2217.213,1133.546,1.355021,24.243694,-4.370330,0.510774,-5.526372,3.816320,-6.153329,5.440925,0.563556,5.493831,-4.421870,2.218150,0.387036,4.973660,-4.393516,1.145712,-1.790408,3.457451,-3.616384,0.860562
1348,2.696000,7.034770,2173.979,1136.625,1.391674,24.372002,-4.191255,0.572074,-5.424664,3.952697,-6.032928,5.398927,0.442252,5.619517,-4.333695,2.419271,0.612002,5.042560,-4.280218,1.354966,-1.667492,3.597455,-3.718977,0.804731
1349,2.698000,7.052488,2116.498,1135.947,1.430978,24.522308,-4.021192,0.584903,-5.319459,4.139922,-5.891608,5.299576,0.343338,5.717075,-4.230548,2.639936,0.846626,5.132897,-4.184494,1.565351,-1.450190,3.815198,-3.762253,0.845615
1350,2.700000,7.075124,2049.522,1128.153,1.451944,24.650490,-3.883692,0.551919,-5.246976,4.340205,-5.750751,5.162295,0.279878,5.779989,-4.134491,2.845553,1.045455,5.222308,-4.130311,1.741866,-1.179871,4.059175,-3.752604,0.981156
1351,2.702000,7.102095,1980.570,1110.923,1.444697,24.731785,-3.791497,0.486768,-5.236448,4.515937,-5.619443,5.030282,0.254639,5.811001,-4.045330,3.024879,1.175903,5.285284,-4.115365,1.876254,-0.913439,4.271941,-3.684615,1.188437
1352,2.704000,7.132106,1918.747,1084.893,1.412093,24.758667,-3.753323,0.403620,-5.300214,4.630198,-5.506744,4.950671,0.267677,5.820049,-3.948970,3.188646,1.227285,5.297552,-4.121149,1.980942,-0.710226,4.402475,-3.555079,1.428721
1353,2.706000,7.162169,1872.182,1054.093,1.360921,24.738041,-3.759460,0.312045,-5.435237,4.665887,-5.418440,4.945801,0.319427,5.828494,-3.832319,3.347836,1.210385,5.247690,-4.137721,2.061806,-0.613157,4.415323,-3.386969,1.654878
1354,2.708000,7.187646,1845.342,1024.304,1.290388,24.681200,-3.775765,0.219622,-5.618355,4.643608,-5.348155,5.006336,0.407645,5.860892,-3.696429,3.497899,1.147455,5.142932,-4.173575,2.107132,-0.630381,4.301740,-3.223967,1.824038
1355,2.710000,7.202852,1838.110,1000.384,1.197438,24.594975,-3.769971,0.137954,-5.800995,4.606526,-5.284271,5.109731,0.529923,5.930610,-3.559040,3.625696,1.056018,5.000590,-4.242015,2.100451,-0.740493,4.087978,-3.094592,1.910089
1356,2.712000,7.202081,1846.898,985.135,1.082447,24.479797,-3.736180,0.078360,-5.927476,4.592358,-5.220908,5.227775,0.681289,6.031425,-3.450749,3.714878,0.943477,4.840043,-4.347148,2.033182,-0.903751,3.831794,-2.995912,1.915203
1357,2.714000,7.180631,1866.573,979.779,0.943500,24.332581,-3.696774,0.049754,-5.963826,4.612361,-5.162523,5.327010,0.840743,6.133896,-3.404279,3.750996,0.805544,4.671607,-4.481231,1.910911,-1.080488,3.596133,-2.906286,1.870002
1358,2.716000,7.136053,1892.397,984.724,0.778136,24.151854,-3.685724,0.056808,-5.915107,4.649956,-5.112790,5.381486,0.970804,6.196927,-3.431829,3.733367,0.638545,4.505818,-4.617572,1.757958,-1.239663,3.424818,-2.806003,1.812070
1359,2.718000,7.069124,1921.216,1000.062,0.594911,23.948442,-3.723456,0.106119,-5.812308,4.676628,-5.072841,5.386096,1.034860,6.184241,-3.522873,3.673862,0.451343,4.366028,-4.719800,1.609687,-1.358630,3.337671,-2.692177,1.759896
1360,2.720000,6.984463,1951.416,1025.315,0.411955,23.744316,-3.806697,0.205627,-5.686949,4.675382,-5.042692,5.359349,1.017072,6.079808,-3.658273,3.581453,0.263373,4.286234,-4.759120,1.498238,-1.427482,3.333421,-2.573536,1.706306
1361,2.722000,6.890844,1982.217,1058.559,0.239602,23.550909,-3.922024,0.350669,-5.566896,4.648928,-5.019674,5.334116,0.931122,5.900560,-3.817369,3.454549,0.093125,4.294736,-4.730764,1.435402,-1.456687,3.389147,-2.461644,1.636206
1362,2.724000,6.801137,2011.631,1095.410,0.079523,23.369192,-4.047486,0.529162,-5.475375,4.610829,-4.997113,5.343031,0.810614,5.688341,-3.981335,3.291119,-0.054392,4.384735,-4.668256,1.395653,-1.482879,3.459720,-2.373351,1.544338
1363,2.726000,6.730597,2034.653,1129.294,-0.056176,23.214310,-4.147756,0.734016,-5.422945,4.568984,-4.974006,5.401960,0.690426,5.491546,-4.131302,3.106965,-0.178312,4.521082,-4.622622,1.333333,-1.547076,3.498330,-2.326894,1.445588
1364,2.728000,6.691592,2045.332,1153.654,-0.138787,23.117474,-4.187800,0.963379,-5.405263,4.521320,-4.958239,5.513268,0.605477,5.351124,-4.245277,2.943193,-0.267135,4.662312,-4.635223,1.218472,-1.664773,3.474213,-2.340911,1.368716
1365,2.730000,6.687937,2041.034,1164.853,-0.141053,23.097218,-4.157982,1.205655,-5.412341,4.463763,-4.960180,5.669227,0.586210,5.283229,-4.309496,2.841755,-0.304397,4.778417,-4.717844,1.062411,-1.807911,3.387566,-2.419812,1.346953
1366,2.732000,6.714667,2024.398,1162.812,-0.060465,23.136208,-4.083786,1.425417,-5.443303,4.401755,-4.978376,5.852628,0.639828,5.274688,-4.320900,2.820193,-0.289927,4.850675,-4.860416,0.899486,-1.927705,3.265023,-2.546974,1.396953
1367,2.734000,6.761845,2001.746,1149.731,0.086503,23.206224,-3.991481,1.582116,-5.501858,4.354580,-4.994658,6.035930,0.738337,5.292535,-4.277644,2.863832,-0.251757,4.868481,-5.041947,0.758120,-1.992885,3.138529,-2.696632,1.499079
1368,2.736000,6.819167,1979.930,1128.523,0.277219,23.292282,-3.891738,1.648013,-5.589909,4.334718,-5.000744,6.184247,0.840446,5.304590,-4.179601,2.941019,-0.226298,4.838665,-5.227606,0.663101,-1.989162,3.040729,-2.838493,1.616048
1369,2.738000,6.878972,1964.085,1101.841,0.489488,23.392057,-3.787911,1.616154,-5.704559,4.333168,-5.011748,6.268921,0.926713,5.299859,-4.037443,3.017842,-0.241906,4.779717,-5.377645,0.630869,-1.917602,2.998636,-2.944447,1.719153
1370,2.740000,6.935260,1957.144,1072.410,0.692951,23.494253,-3.692845,1.496103,-5.841132,4.334177,-5.046900,6.277654,1.001385,5.287625,-3.873011,3.072635,-0.313288,4.707442,-5.465167,0.654711,-1.805178,3.018802,-3.001267,1.797331
1371,2.742000,6.981615,1960.230,1043.457,0.849152,23.573765,-3.625857,1.312555,-5.988898,4.333927,-5.112020,6.210753,1.070801,5.277964,-3.714433,3.103523,-0.438202,4.633005,-5.480207,0.704123,-1.702089,3.078791,-3.017873,1.850852
1372,2.744000,7.011962,1973.003,1017.994,0.931530,23.611420,-3.599193,1.098915,-6.134496,4.334988,-5.204780,6.075162,1.133205,5.270195,-3.591461,3.119969,-0.601398,4.564011,-5.428634,0.740611,-1.659555,3.138047,-3.020897,1.879021
1373,2.746000,7.021349,1993.973,998.509,0.927939,23.599617,-3.613982,0.889383,-6.266860,4.331404,-5.326230,5.883005,1.182369,5.256686,-3.530893,3.125801,-0.782705,4.504014,-5.330656,0.735615,-1.705387,3.156843,-3.041252,1.874726
1374,2.748000,7.006590,2021.045,986.971,0.830173,23.532677,-3.669878,0.705239,-6.380836,4.306927,-5.477988,5.651521,1.208801,5.228065,-3.552355,3.111882,-0.960190,4.453143,-5.215577,0.678984,-1.834885,3.111809,-3.094483,1.834456
1375,2.750000,6.967011,2051.954,984.617,0.629512,23.400425,-3.772286,0.548964,-6.476695,4.245456,-5.649393,5.403082,1.203244,5.180837,-3.660645,3.062991,-1.111151,4.410242,-5.109953,0.578299,-2.014458,3.002533,-3.172411,1.771343
1376,2.752000,6.905138,2084.300,991.749,0.327989,23.200699,-3.921825,0.414546,-6.552869,4.142819,-5.814418,5.165245,1.160316,5.116775,-3.843663,2.965533,-1.220734,4.372343,-5.026281,0.448927,-2.194461,2.851583,-3.251999,1.711523
1377,2.754000,6.827032,2115.567,1007.234,-0.049867,22.954033,-4.103645,0.300809,-6.594769,4.012074,-5.942825,4.974883,1.085000,5.042975,-4.071067,2.822552,-1.281891,4.337948,-4.953509,0.314117,-2.319089,2.702260,-3.305006,1.686956
1378,2.756000,6.742276,2142.856,1028.159,-0.455619,22.706141,-4.284548,0.222504,-6.567381,3.886248,-6.007554,4.884388,1.003210,4.981002,-4.296677,2.666359,-1.288505,4.313642,-4.863775,0.210125,-2.334979,2.611403,-3.307498,1.723809
1379,2.758000,6.663016,2162.918,1050.192,-0.825644,22.515617,-4.423634,0.200242,-6.434482,3.804458,-5.991272,4.939625,0.945698,4.963611,-4.471693,2.548063,-1.231468,4.306209,-4.744714,0.170637,-2.215932,2.614568,-3.262553,1.812594
1380,2.760000,6.600729,2172.717,1068.711,-1.104899,22.434624,-4.488657,0.238023,-6.188821,3.781356,-5.901031,5.141342,0.921632,5.012547,-4.559928,2.511186,-1.109118,4.309789,-4.618687,0.202644,-1.986653,2.701393,-3.203259,1.904546
1381,2.762000,6.561902,2170.735,1080.557,-1.291779,22.457642,-4.496508,0.288220,-5.890395,3.769125,-5.797126,5.412397,0.896194,5.107916,-4.559751,2.558276,-0.947152,4.299195,-4.533326,0.281313,-1.713638,2.828714,-3.167177,1.953781
1382,2.764000,6.545623,2158.038,1085.299,-1.391902,22.575174,-4.450344,0.329312,-5.589104,3.737191,-5.723018,5.673527,0.860377,5.240311,-4.467950,2.676311,-0.772474,4.262099,-4.521718,0.373341,-1.474731,2.935008,-3.196231,1.920079
1383,2.766000,6.545274,2138.463,1084.927,-1.443931,22.730354,-4.372381,0.350239,-5.334972,3.672519,-5.707352,5.858168,0.825083,5.397501,-4.294094,2.846768,-0.597280,4.221608,-4.576594,0.472870,-1.302008,2.990746,-3.295890,1.806575
1384,2.768000,6.552868,2117.316,1082.048,-1.496305,22.851009,-4.286015,0.359498,-5.170234,3.583813,-5.758098,5.931351,0.815642,5.558279,-4.072042,3.040227,-0.437654,4.208204,-4.678761,0.573732,-1.198666,2.980175,-3.456326,1.629934
1385,2.770000,6.562236,2099.792,1078.332,-1.588344,22.882627,-4.207347,0.374989,-5.118950,3.496187,-5.858350,5.898849,0.865710,5.704788,-3.845470,3.226451,-0.315265,4.242283,-4.806850,0.665170,-1.151518,2.894081,-3.662220,1.410520
1386,2.772000,6.570627,2089.317,1074.175,-1.740394,22.806128,-4.148469,0.402037,-5.185295,3.424571,-5.990322,5.787903,0.989287,5.824424,-3.656295,3.378369,-0.247642,4.321435,-4.942184,0.737096,-1.148780,2.731645,-3.897121,1.174961
1387,2.774000,6.577417,2086.843,1069.563,-1.944032,22.646706,-4.108322,0.443232,-5.343011,3.371316,-6.146128,5.634713,1.167794,5.905845,-3.539011,3.468479,-0.242249,4.409499,-5.071262,0.783298,-1.199278,2.500598,-4.154378,0.944708
1388,2.776000,6.581447,2091.262,1065.022,-2.171740,22.448517,-4.083084,0.508635,-5.538412,3.330682,-6.328824,5.467089,1.358353,5.940177,-3.510292,3.477752,-0.297738,4.452643,-5.178137,0.806831,-1.323846,2.219666,-4.426815,0.734070
1389,2.778000,6.580560,2099.792,1061.630,-2.407142,22.230820,-4.090127,0.594241,-5.722478,3.288124,-6.542455,5.307072,1.526657,5.944523,-3.541786,3.428638,-0.388329,4.429956,-5.230047,0.826976,-1.520801,1.919434,-4.691641,0.555009
1390,2.780000,6.571720,2109.256,1060.634,-2.643079,22.001019,-4.145116,0.678888,-5.864829,3.231807,-6.780292,5.167857,1.644735,5.939915,-3.595315,3.351936,-0.488493,4.348281,-5.216376,0.846473,-1.768165,1.620583,-4.916913,0.422503
1391,2.782000,6.552812,2116.238,1062.819,-2.863164,21.780170,-4.238998,0.742097,-5.951641,3.161752,-7.006326,5.070440,1.701824,5.943137,-3.642995,3.275985,-0.571747,4.232976,-5.157314,0.844863,-2.042941,1.334927,-5.066676,0.352123
1392,2.784000,6.524420,2117.689,1067.562,-3.030833,21.607841,-4.332810,0.793754,-5.980868,3.074860,-7.167262,5.040713,1.707958,5.964921,-3.676043,3.216525,-0.625251,4.106650,-5.072794,0.820897,-2.318026,1.094509,-5.096318,0.355608
1393,2.786000,6.489903,2111.452,1072.790,-3.100483,21.534517,-4.355451,0.892356,-5.946273,2.961680,-7.226567,5.077600,1.671654,5.999686,-3.712983,3.155587,-0.666143,3.977754,-4.963104,0.816862,-2.550439,0.953746,-4.967188,0.436504
1394,2.788000,6.454649,2096.981,1075.628,-3.059571,21.575966,-4.257340,1.084956,-5.858121,2.811899,-7.184346,5.143635,1.582981,6.017719,-3.791052,3.053458,-0.718603,3.854366,-4.820476,0.885971,-2.697228,0.952455,-4.676881,0.580851
1395,2.790000,6.425271,2075.336,1073.471,-2.951452,21.681667,-4.062748,1.351837,-5.751640,2.637704,-7.045812,5.228609,1.467667,6.021242,-3.898156,2.914553,-0.772709,3.754471,-4.656646,1.037907,-2.748040,1.080906,-4.274497,0.750531
1396,2.792000,6.407197,2049.094,1065.722,-2.826671,21.787678,-3.837254,1.635338,-5.661752,2.476979,-6.816209,5.352803,1.375865,6.041878,-3.977591,2.788517,-0.793738,3.693822,-4.507396,1.242561,-2.710584,1.304084,-3.826913,0.902649
1397,2.794000,6.402456,2022.171,1055.256,-2.697092,21.872131,-3.633124,1.886111,-5.613762,2.356846,-6.544521,5.504203,1.313253,6.074999,-4.003733,2.710011,-0.753689,3.680271,-4.410094,1.473664,-2.584117,1.596938,-3.380112,1.011650
1398,2.796000,6.409277,1999.176,1048.077,-2.560929,21.926060,-3.488997,2.077061,-5.617798,2.288684,-6.309698,5.652689,1.272552,6.099680,-3.978206,2.687794,-0.632031,3.717701,-4.396697,1.713547,-2.389225,1.917972,-2.978198,1.066114
1399,2.798000,6.423547,1983.928,1051.051,-2.415558,21.940002,-3.429806,2.205887,-5.658061,2.287053,-6.179438,5.774384,1.254019,6.099242,-3.910439,2.712758,-0.412472,3.812905,-4.473901,1.963819,-2.150912,2.230789,-2.654188,1.076343
1400,2.800000,6.440399,1978.784,1068.393,-2.272768,21.898880,-3.476783,2.276237,-5.699672,2.375322,-6.170609,5.859651,1.256751,6.071871,-3.805619,2.766045,-0.108351,3.961395,-4.624141,2.224251,-1.895234,2.515157,-2.420171,1.066915
1401,2.802000,6.455629,1984.991,1099.758,-2.153008,21.800739,-3.630123,2.294269,-5.708902,2.565076,-6.255181,5.906320,1.275138,6.035137,-3.659492,2.830767,0.229327,4.146511,-4.810274,2.476699,-1.663592,2.752888,-2.265143,1.071256
1402,2.804000,6.467036,2002.368,1140.701,-2.066849,21.669151,-3.857040,2.269183,-5.673079,2.840359,-6.398942,5.911342,1.297891,6.008121,-3.468299,2.898479,0.540305,4.344084,-4.995825,2.697425,-1.503873,2.917667,-2.180660,1.109777
1403,2.806000,6.473959,2028.984,1184.694,-2.010369,21.542103,-4.104926,2.207891,-5.603101,3.162962,-6.583345,5.873731,1.315285,6.000988,-3.241570,2.961831,0.786562,4.529901,-5.160589,2.873418,-1.448265,2.984971,-2.178567,1.169896
1404,2.808000,6.476349,2060.850,1225.629,-1.974024,21.449240,-4.321783,2.118974,-5.515574,3.499210,-6.791781,5.806417,1.324885,6.011787,-3.014276,2.994124,0.938548,4.669276,-5.302870,3.002144,-1.496751,2.955812,-2.266253,1.229308
1405,2.810000,6.473438,2092.923,1259.851,-1.954507,21.387428,-4.479913,2.009091,-5.430298,3.826580,-7.001448,5.732946,1.332834,6.034617,-2.825840,2.971768,0.982406,4.738302,-5.414532,3.093974,-1.612365,2.862193,-2.431107,1.273411
1406,2.812000,6.463598,2120.602,1286.576,-1.956958,21.321388,-4.576523,1.890361,-5.364823,4.124275,-7.193997,5.664167,1.340100,6.066775,-2.690249,2.911292,0.942206,4.743313,-5.477089,3.158402,-1.742545,2.754259,-2.641572,1.299814
1407,2.814000,6.444924,2141.118,1307.313,-1.983481,21.215017,-4.614460,1.788738,-5.322910,4.375571,-7.355384,5.588984,1.331991,6.100677,-2.605536,2.849176,0.860667,4.699211,-5.489272,3.182586,-1.848776,2.683465,-2.851873,1.316610
1408,2.816000,6.415901,2154.375,1324.946,-2.035377,21.051537,-4.599977,1.721748,-5.298412,4.570688,-7.470989,5.488931,1.290512,6.125719,-2.566886,2.816391,0.776990,4.617215,-5.468811,3.155971,-1.904898,2.690327,-3.008270,1.335397
1409,2.818000,6.376051,2162.921,1342.605,-2.117792,20.835464,-4.539229,1.687929,-5.278578,4.706982,-7.530880,5.352049,1.202697,6.126374,-2.573115,2.826529,0.710654,4.501841,-5.441152,3.086816,-1.895686,2.788593,-3.067364,1.363115
1410,2.820000,6.326187,2171.225,1362.996,-2.239978,20.577793,-4.439252,1.675312,-5.248520,4.783625,-7.541358,5.176723,1.059649,6.081168,-2.620508,2.879600,0.661801,4.358438,-5.425912,2.996509,-1.814940,2.970227,-3.008944,1.398563
1411,2.822000,6.268608,2184.327,1388.064,-2.409352,20.280155,-4.315868,1.676414,-5.201940,4.801467,-7.520388,4.979985,0.864216,5.976154,-2.687840,2.969810,0.619655,4.194539,-5.442947,2.903251,-1.673176,3.212995,-2.842674,1.435044
1412,2.824000,6.206939,2206.978,1418.669,-2.620036,19.933298,-4.193099,1.692301,-5.153476,4.762444,-7.489621,4.796762,0.635794,5.818297,-2.729953,3.084530,0.570961,4.015341,-5.521402,2.815415,-1.500041,3.484907,-2.608181,1.459688
1413,2.826000,6.145240,2242.362,1454.941,-2.841480,19.547573,-4.080777,1.733664,-5.122159,4.681556,-7.461783,4.673308,0.406556,5.630208,-2.699659,3.198313,0.502995,3.824204,-5.686594,2.735512,-1.335720,3.744162,-2.370764,1.451374
1414,2.828000,6.088026,2289.527,1496.237,-3.026941,19.174389,-3.965224,1.811262,-5.107664,4.595016,-7.426847,4.655237,0.216526,5.440183,-2.583645,3.277357,0.407010,3.626342,-5.930761,2.661332,-1.223803,3.939706,-2.207051,1.386865
1415,2.830000,6.040851,2341.260,1540.531,-3.157138,18.858177,-3.856276,1.891706,-5.122602,4.521832,-7.374733,4.759577,0.092522,5.260154,-2.426329,3.287770,0.284512,3.439719,-6.192226,2.602186,-1.192539,4.035354,-2.162929,1.272183
1416,2.832000,6.009727,2384.628,1584.185,-3.229813,18.640135,-3.760690,1.940351,-5.180354,4.459849,-7.303784,4.967820,0.035498,5.080476,-2.301605,3.213850,0.153370,3.290509,-6.397711,2.565967,-1.255028,4.013274,-2.249867,1.122160
1417,2.834000,5.998853,2406.113,1622.174,-3.247944,18.558975,-3.652057,1.974576,-5.263352,4.404466,-7.222547,5.229167,0.023568,4.893363,-2.249265,3.089146,0.056667,3.207645,-6.508624,2.542897,-1.405372,3.889095,-2.440018,0.944301
1418,2.836000,6.008133,2398.703,1648.666,-3.214846,18.636532,-3.497080,2.033536,-5.342228,4.347954,-7.148820,5.478200,0.021002,4.696115,-2.274215,2.963166,0.031326,3.214742,-6.521383,2.506494,-1.627389,3.704940,-2.669205,0.760799
1419,2.838000,6.031665,2365.240,1659.115,-3.143369,18.862085,-3.285555,2.137693,-5.397151,4.285206,-7.089392,5.673980,0.009872,4.503269,-2.355761,2.873313,0.086369,3.326177,-6.441925,2.437789,-1.892759,3.508821,-2.868227,0.606165
1420,2.840000,6.059145,2315.939,1652.630,-3.074809,19.174793,-3.047753,2.274957,-5.416831,4.222601,-7.029566,5.807985,-0.004601,4.340228,-2.460421,2.833661,0.201806,3.537171,-6.281316,2.336195,-2.157585,3.339860,-2.992635,0.498367
1421,2.842000,6.079252,2263.147,1632.387,-3.058681,19.493694,-2.838544,2.410464,-5.404516,4.164992,-6.951876,5.878030,-0.025562,4.216834,-2.562731,2.828710,0.331795,3.812212,-6.068239,2.207865,-2.378560,3.208206,-3.045949,0.424829
1422,2.844000,6.082969,2216.713,1604.501,-3.122105,19.759712,-2.706693,2.510947,-5.365613,4.124823,-6.838499,5.887477,-0.062160,4.137742,-2.629398,2.853828,0.447812,4.110228,-5.831659,2.078701,-2.508817,3.104196,-3.060599,0.370687
1423,2.846000,6.065706,2183.290,1576.761,-3.263250,19.936077,-2.687552,2.554938,-5.300711,4.119444,-6.684392,5.849650,-0.113375,4.107406,-2.639966,2.914078,0.550812,4.395892,-5.594070,1.985008,-2.510641,3.015492,-3.071289,0.334339
1424,2.848000,6.027978,2167.452,1557.564,-3.469024,19.989563,-2.794551,2.542498,-5.213560,4.149952,-6.512168,5.791765,-0.162122,4.127052,-2.613615,3.002964,0.660318,4.640780,-5.370275,1.950563,-2.379509,2.938355,-3.100530,0.324348
1425,2.850000,5.974639,2172.540,1554.387,-3.725760,19.885605,-3.020694,2.491153,-5.109342,4.204890,-6.360338,5.751444,-0.184631,4.203176,-2.590718,3.102166,0.805564,4.831532,-5.161414,1.983075,-2.146169,2.887240,-3.149263,0.352795
1426,2.852000,5.913963,2199.719,1570.785,-4.020526,19.607346,-3.341229,2.420581,-4.999584,4.269913,-6.252243,5.766780,-0.166168,4.340746,-2.600472,3.200807,1.009686,4.958081,-4.969308,2.086339,-1.856610,2.883656,-3.201794,0.435375
1427,2.854000,5.856405,2246.060,1603.559,-4.335364,19.182095,-3.721505,2.335418,-4.910981,4.332950,-6.185689,5.858185,-0.093566,4.544168,-2.644756,3.294631,1.259570,5.006045,-4.814440,2.249353,-1.556849,2.949446,-3.226863,0.580036
1428,2.856000,5.811437,2303.263,1642.729,-4.648633,18.682472,-4.113675,2.236879,-4.863405,4.401963,-6.128801,6.023360,0.040743,4.801497,-2.707383,3.385964,1.504343,4.966569,-4.728367,2.436790,-1.292264,3.077915,-3.209233,0.769878
1429,2.858000,5.783989,2358.957,1675.833,-4.921314,18.214294,-4.451188,2.144426,-4.847641,4.507486,-6.037958,6.242702,0.229399,5.083774,-2.771890,3.484361,1.678844,4.839078,-4.741692,2.589200,-1.111637,3.219839,-3.173671,0.961098
1430,2.860000,5.772613,2402.731,1694.124,-5.107835,17.875595,-4.675929,2.079286,-4.846531,4.668499,-5.894751,6.478172,0.440504,5.355239,-2.831363,3.599332,1.734715,4.634783,-4.867004,2.650177,-1.046927,3.315193,-3.167518,1.095310
1431,2.862000,5.772142,2429.236,1695.208,-5.178167,17.722397,-4.760659,2.054073,-4.848166,4.871522,-5.721993,6.674049,0.614304,5.571549,-2.899463,3.714700,1.648009,4.376061,-5.090562,2.596235,-1.093882,3.333142,-3.219487,1.128400
1432,2.864000,5.778418,2435.985,1681.814,-5.133387,17.751352,-4.721169,2.066566,-4.855258,5.066667,-5.581667,6.766680,0.689685,5.700994,-2.986905,3.800719,1.441157,4.120954,-5.357512,2.451689,-1.208798,3.293613,-3.308492,1.061579
1433,2.866000,5.789967,2421.811,1659.571,-4.985808,17.931644,-4.581446,2.118601,-4.876627,5.187000,-5.544115,6.703804,0.628058,5.731858,-3.089385,3.834664,1.169602,3.938706,-5.600617,2.259587,-1.339346,3.237248,-3.394315,0.932869
1434,2.868000,5.807164,2387.351,1634.571,-4.761038,18.202524,-4.364663,2.222161,-4.889605,5.212187,-5.616411,6.491459,0.452095,5.680289,-3.195801,3.792099,0.878531,3.865126,-5.770987,2.061965,-1.441216,3.204973,-3.451905,0.772670
1435,2.870000,5.830375,2336.235,1611.281,-4.505440,18.466183,-4.098969,2.373074,-4.856431,5.167221,-5.737642,6.195955,0.247450,5.586796,-3.282764,3.667564,0.600610,3.890644,-5.844237,1.896325,-1.491063,3.222521,-3.475355,0.612597
1436,2.872000,5.858605,2275.539,1591.157,-4.244790,18.659866,-3.802158,2.552737,-4.759178,5.078592,-5.857383,5.885735,0.101500,5.495949,-3.330449,3.483032,0.365635,3.985694,-5.815784,1.779561,-1.506836,3.286176,-3.472981,0.489769
1437,2.874000,5.889389,2213.805,1572.988,-3.991945,18.777599,-3.492504,2.742649,-4.617579,4.961816,-5.967634,5.610985,0.050619,5.431619,-3.347282,3.273541,0.192026,4.117589,-5.697371,1.718142,-1.520424,3.378717,-3.451303,0.435721
1438,2.876000,5.918760,2159.211,1554.712,-3.764882,18.837055,-3.198115,2.920666,-4.474654,4.819624,-6.082887,5.390752,0.077371,5.388175,-3.361578,3.071194,0.086824,4.255858,-5.520227,1.703008,-1.560616,3.479780,-3.409399,0.468562
1439,2.878000,5.941961,2118.449,1535.014,-3.580863,18.860817,-2.947148,3.061299,-4.374940,4.646272,-6.211463,5.212742,0.141356,5.342368,-3.401521,2.899786,0.048334,4.376002,-5.321765,1.713894,-1.638637,3.577826,-3.345173,0.588329
1440,2.880000,5.954866,2095.616,1513.782,-3.455872,18.869261,-2.763833,3.140432,-4.351536,4.439766,-6.348177,5.056659,0.210445,5.278009,-3.474872,2.777685,0.061685,4.458720,-5.139115,1.728144,-1.740640,3.674810,-3.261974,0.773749
1441,2.882000,5.955548,2091.176,1491.727,-3.402222,18.879322,-2.665021,3.143483,-4.418541,4.202951,-6.487299,4.911904,0.271484,5.199746,-3.563190,2.720065,0.097465,4.491727,-5.001803,1.727558,-1.829314,3.785194,-3.165700,0.992580
1442,2.884000,5.944732,2102.039,1470.312,-3.433599,18.898056,-2.654303,3.079601,-4.556731,3.955009,-6.624023,4.778597,0.318121,5.119053,-3.642445,2.738487,0.130885,4.484807,-4.918648,1.701835,-1.865885,3.916554,-3.067410,1.215638
1443,2.886000,5.925049,2122.969,1452.245,-3.558586,18.925259,-2.720560,2.979696,-4.712748,3.743377,-6.743710,4.661342,0.341684,5.044117,-3.702310,2.835563,0.153419,4.469010,-4.873890,1.654864,-1.829230,4.051034,-2.987376,1.422318
1444,2.888000,5.899665,2147.481,1441.117,-3.771496,18.963425,-2.843395,2.873130,-4.835580,3.619525,-6.823761,4.569612,0.343223,4.994643,-3.738755,3.002774,0.162298,4.475271,-4.838200,1.608790,-1.712586,4.158203,-2.942013,1.604554
1445,2.890000,5.871040,2169.647,1440.183,-4.060392,19.016325,-2.990127,2.785351,-4.903438,3.600893,-6.844574,4.523735,0.346840,4.997347,-3.756110,3.213516,0.154116,4.521674,-4.788298,1.586718,-1.520992,4.220254,-2.932769,1.752607
1446,2.892000,5.840634,2186.696,1451.116,-4.409770,19.081261,-3.127025,2.738868,-4.916932,3.669323,-6.795176,4.544940,0.387564,5.060024,-3.775691,3.422390,0.129321,4.612591,-4.718951,1.598937,-1.279655,4.228691,-2.953190,1.845638
1447,2.894000,5.808862,2200.052,1473.109,-4.786512,19.144651,-3.247738,2.734292,-4.887678,3.796035,-6.678493,4.626327,0.479587,5.165012,-3.818243,3.580834,0.086603,4.735077,-4.637505,1.653350,-1.032034,4.174990,-2.989292,1.871728
1448,2.896000,5.775232,2214.221,1503.055,-5.141064,19.184307,-3.369270,2.753599,-4.824064,3.956542,-6.513860,4.730335,0.607343,5.278439,-3.892295,3.649201,0.020903,4.859488,-4.559614,1.753201,-0.826112,4.065015,-3.014290,1.841450
1449,2.898000,5.739248,2234.219,1536.510,-5.411307,19.192955,-3.493143,2.788664,-4.719564,4.139306,-6.331527,4.805572,0.738950,5.366735,-3.986297,3.606291,-0.078630,4.938386,-4.516628,1.876782,-0.715017,3.905248,-3.017518,1.768874
1450,2.900000,5.702228,2261.966,1568.508,-5.539915,19.180286,-3.597423,2.845838,-4.571666,4.342029,-6.157000,4.813503,0.848409,5.410458,-4.066275,3.459619,-0.217595,4.921248,-4.543559,1.986540,-0.735783,3.690106,-3.017386,1.660392
1451,2.902000,5.668469,2292.796,1593.728,-5.518857,19.135563,-3.676373,2.912140,-4.419920,4.542884,-6.018538,4.737207,0.921626,5.410809,-4.092877,3.249222,-0.379108,4.785187,-4.650365,2.059278,-0.873442,3.431717,-3.019547,1.543023
1452,2.904000,5.644257,2315.705,1607.285,-5.382888,19.050434,-3.728054,2.968466,-4.322620,4.701689,-5.945607,4.581177,0.953196,5.380804,-4.058991,3.021689,-0.539453,4.546622,-4.824490,2.077695,-1.082339,3.155787,-3.014185,1.444869
1453,2.906000,5.634605,2319.248,1606.347,-5.176367,18.940514,-3.743334,3.007957,-4.309407,4.783783,-5.954686,4.367237,0.935659,5.332285,-3.994968,2.811033,-0.689137,4.251070,-5.035407,2.037010,-1.315181,2.884204,-3.001082,1.369296
1454,2.908000,5.641368,2297.505,1590.560,-4.936757,18.830299,-3.712296,3.034358,-4.366221,4.779387,-6.032146,4.140123,0.870244,5.285724,-3.928113,2.640090,-0.829399,3.956999,-5.238315,1.956749,-1.533282,2.633632,-2.991757,1.302159
1455,2.910000,5.662931,2253.178,1561.327,-4.693763,18.740730,-3.625304,3.058859,-4.452248,4.705594,-6.139775,3.960246,0.777701,5.276048,-3.854533,2.525314,-0.958899,3.720294,-5.382759,1.882103,-1.697268,2.437046,-2.983581,1.242743
1456,2.912000,5.694034,2196.255,1521.902,-4.470327,18.695711,-3.472124,3.092375,-4.533335,4.585461,-6.247012,3.864164,0.676508,5.329278,-3.754255,2.477076,-1.062622,3.584833,-5.426204,1.864410,-1.778493,2.326212,-2.971151,1.187566
1457,2.914000,5.727048,2139.024,1477.432,-4.312819,18.686474,-3.275894,3.123766,-4.600898,4.442263,-6.333608,3.861749,0.580892,5.448730,-3.619729,2.483057,-1.140755,3.541704,-5.384548,1.907717,-1.795025,2.301378,-2.954650,1.135168
1458,2.916000,5.754079,2091.293,1433.852,-4.278539,18.677532,-3.086553,3.130165,-4.665434,4.292762,-6.390659,3.944932,0.505480,5.620438,-3.455631,2.520721,-1.204122,3.543136,-5.315042,1.977670,-1.795877,2.340464,-2.931817,1.095917
1459,2.918000,5.769460,2058.402,1396.184,-4.387251,18.655140,-2.940104,3.103659,-4.738830,4.136095,-6.436022,4.083162,0.453062,5.812508,-3.276343,2.574131,-1.249761,3.552738,-5.257546,2.048263,-1.816354,2.423419,-2.898018,1.075247
1460,2.920000,5.770952,2041.619,1367.559,-4.621758,18.625832,-2.851948,3.053978,-4.813790,3.972738,-6.494170,4.246189,0.424696,5.985415,-3.105058,2.626437,-1.270598,3.551015,-5.231338,2.100820,-1.869854,2.536368,-2.847197,1.074130
1461,2.922000,5.759550,2039.513,1349.546,-4.941575,18.608994,-2.813916,3.005147,-4.861533,3.819903,-6.579381,4.408792,0.419279,6.106432,-2.966911,2.656045,-1.265805,3.530350,-5.242364,2.115779,-1.950523,2.672743,-2.776134,1.091699
1462,2.924000,5.738927,2049.929,1343.008,-5.300685,18.619438,-2.806875,2.979451,-4.853257,3.709498,-6.689745,4.551694,0.437860,6.168457,-2.873077,2.648377,-1.235997,3.491505,-5.287690,2.074438,-2.043141,2.826696,-2.695595,1.121789
1463,2.926000,5.714213,2071.072,1348.512,-5.662390,18.645679,-2.823886,2.981220,-4.784236,3.673549,-6.810225,4.665499,0.485686,6.191285,-2.811555,2.610647,-1.177375,3.438641,-5.359425,1.972674,-2.130499,2.990794,-2.623838,1.157423
1464,2.928000,5.689991,2102.033,1366.451,-5.999886,18.646677,-2.885108,2.998275,-4.676770,3.727657,-6.922972,4.753412,0.566291,6.198092,-2.764522,2.564852,-1.086605,3.372823,-5.452732,1.827536,-2.200980,3.155137,-2.569117,1.200925
1465,2.930000,5.668744,2142.141,1396.843,-6.286353,18.580257,-3.022072,3.020962,-4.559822,3.863015,-7.014602,4.833705,0.675121,6.192271,-2.729637,2.525757,-0.970023,3.287870,-5.572208,1.671009,-2.254921,3.306752,-2.523086,1.261080
1466,2.932000,5.649806,2190.435,1439.276,-6.496094,18.430304,-3.244505,3.056331,-4.451152,4.051431,-7.075569,4.931284,0.796022,6.154426,-2.727162,2.491482,-0.850934,3.168502,-5.729490,1.534524,-2.302316,3.433033,-2.471286,1.339482
1467,2.934000,5.630294,2243.671,1492.634,-6.617237,18.212784,-3.516273,3.119975,-4.355749,4.265541,-7.091876,5.056623,0.908994,6.070216,-2.778960,2.462428,-0.759978,3.002710,-5.925827,1.429362,-2.356220,3.532065,-2.408135,1.417888
1468,2.936000,5.607458,2294.818,1554.871,-6.649685,17.972889,-3.768608,3.215473,-4.276255,4.485679,-7.047929,5.193619,0.996875,5.946941,-2.889124,2.452874,-0.710984,2.802342,-6.135819,1.349798,-2.424393,3.605480,-2.350289,1.461751
1469,2.938000,5.580057,2334.479,1622.929,-6.609140,17.759121,-3.942528,3.333795,-4.218880,4.686140,-6.952677,5.298254,1.035944,5.807066,-3.030736,2.493745,-0.678360,2.616028,-6.305042,1.306404,-2.494502,3.648198,-2.329628,1.436175
1470,2.940000,5.549416,2353.730,1692.293,-6.521459,17.600655,-4.013336,3.471141,-4.185513,4.846893,-6.824399,5.339514,1.007367,5.680145,-3.159098,2.602746,-0.617156,2.511448,-6.370556,1.335634,-2.535423,3.647266,-2.370573,1.331992
1471,2.942000,5.519269,2347.924,1756.202,-6.417947,17.495012,-3.993150,3.627389,-4.168709,4.972174,-6.658885,5.336961,0.918988,5.593006,-3.242463,2.754820,-0.507979,2.519108,-6.314881,1.457446,-2.523724,3.593748,-2.473424,1.177482
1472,2.944000,5.494074,2320.270,1806.518,-6.333747,17.411144,-3.922288,3.784847,-4.168235,5.073031,-6.452915,5.325564,0.793419,5.552820,-3.275439,2.902797,-0.356684,2.621448,-6.169030,1.659732,-2.456273,3.496531,-2.612718,1.019381
1473,2.946000,5.476773,2282.638,1837.461,-6.285386,17.328693,-3.840430,3.909769,-4.196455,5.142664,-6.230993,5.318586,0.652799,5.550544,-3.269286,3.021798,-0.162726,2.787268,-5.981382,1.903602,-2.351608,3.371930,-2.756056,0.897599
1474,2.948000,5.466922,2252.118,1849.585,-6.263461,17.253628,-3.777798,3.964036,-4.272124,5.156920,-6.037638,5.308891,0.510987,5.572620,-3.243498,3.117124,0.086262,2.994878,-5.797517,2.130728,-2.238064,3.238947,-2.870942,0.847414
1475,2.950000,5.460570,2244.541,1850.246,-6.257126,17.188072,-3.761313,3.922761,-4.405030,5.102367,-5.913054,5.288668,0.381090,5.612772,-3.215859,3.202274,0.393263,3.232679,-5.643792,2.297291,-2.133590,3.117801,-2.941347,0.880760
1476,2.952000,5.451001,2269.758,1850.425,-6.279982,17.103603,-3.811049,3.793405,-4.583541,4.997762,-5.878350,5.258673,0.274423,5.662946,-3.203727,3.273763,0.724330,3.483694,-5.516875,2.413012,-2.028899,3.030040,-2.975374,0.964000
1477,2.954000,5.430798,2330.078,1860.259,-6.349951,16.971634,-3.922328,3.610265,-4.791384,4.875527,-5.936700,5.227194,0.196847,5.707265,-3.213167,3.317659,1.015096,3.714375,-5.408945,2.513831,-1.915031,2.985845,-2.989845,1.039763
1478,2.956000,5.394563,2421.865,1886.143,-6.461922,16.800169,-4.054976,3.422482,-5.014485,4.767086,-6.076029,5.202919,0.141300,5.713802,-3.249735,3.314039,1.198440,3.881925,-5.335557,2.612522,-1.817552,2.972284,-2.995338,1.066561
1479,2.958000,5.340839,2537.665,1930.073,-6.609073,16.607738,-4.165803,3.271549,-5.237709,4.689440,-6.283418,5.176882,0.086044,5.646034,-3.320432,3.252932,1.242228,3.970622,-5.307370,2.714371,-1.756357,2.986735,-2.977590,1.044314
1480,2.960000,5.272726,2667.084,1990.011,-6.800377,16.395369,-4.239430,3.166059,-5.449337,4.633936,-6.543892,5.127721,0.012427,5.485098,-3.423911,3.146021,1.155201,3.999260,-5.309992,2.833293,-1.712560,3.050787,-2.910526,0.999733
1481,2.962000,5.197665,2795.496,2059.913,-7.043442,16.160059,-4.273572,3.092925,-5.636469,4.577058,-6.828384,5.037325,-0.089321,5.230135,-3.555736,3.008344,0.957811,3.986802,-5.328758,2.971580,-1.656491,3.179818,-2.796839,0.947111
1482,2.964000,5.126882,2903.296,2129.736,-7.327199,15.915347,-4.262481,3.041161,-5.783158,4.502627,-7.097525,4.903012,-0.217402,4.903456,-3.704462,2.855726,0.681169,3.943224,-5.364124,3.111246,-1.577588,3.361290,-2.680210,0.870713
1483,2.966000,5.072873,2969.188,2187.126,-7.602003,15.724973,-4.171726,3.043859,-5.848514,4.441605,-7.288193,4.765588,-0.347737,4.560546,-3.844282,2.714250,0.377731,3.881959,-5.422894,3.221573,-1.490563,3.556508,-2.625883,0.730228
1484,2.968000,5.044026,2980.817,2221.366,-7.790037,15.684359,-3.952588,3.170854,-5.771925,4.464154,-7.325991,4.701614,-0.436246,4.281750,-3.934838,2.619935,0.117872,3.823772,-5.503895,3.274313,-1.428909,3.716807,-2.676743,0.499501
1485,2.970000,5.041411,2942.366,2227.549,-7.857911,15.808134,-3.634278,3.421108,-5.557616,4.582004,-7.206204,4.736819,-0.472629,4.113186,-3.957816,2.586401,-0.041580,3.781176,-5.590319,3.267136,-1.414722,3.821109,-2.801679,0.231019
1486,2.972000,5.060069,2871.344,2208.843,-7.841981,15.997776,-3.340528,3.702137,-5.278736,4.725562,-7.018182,4.815750,-0.490485,4.037282,-3.937792,2.600102,-0.077694,3.743974,-5.664482,3.216503,-1.456353,3.861795,-2.936247,0.023184
1487,2.974000,5.092862,2788.343,2174.860,-7.772713,16.164507,-3.161765,3.956221,-4.963549,4.842881,-6.851613,4.891167,-0.491750,4.022791,-3.903619,2.662906,0.020774,3.695447,-5.721015,3.142264,-1.547722,3.823410,-3.053880,-0.059327
1488,2.976000,5.133461,2709.761,2137.043,-7.667498,16.268314,-3.109529,4.186398,-4.603161,4.922414,-6.746267,4.954840,-0.447092,4.054538,-3.863640,2.788067,0.257670,3.642975,-5.752283,3.064807,-1.655381,3.714904,-3.158966,-0.009187
1489,2.978000,5.177318,2647.121,2104.283,-7.558141,16.289783,-3.148361,4.414876,-4.206678,4.969064,-6.697784,5.009945,-0.346188,4.135233,-3.803343,2.966373,0.606807,3.617306,-5.749927,2.990299,-1.744001,3.571775,-3.261580,0.127492
1490,2.980000,5.221830,2607.936,2081.139,-7.469454,16.222660,-3.243163,4.654100,-3.803787,4.982649,-6.693364,5.057131,-0.195942,4.277499,-3.704081,3.168264,1.014551,3.638546,-5.725899,2.915794,-1.793723,3.418054,-3.373824,0.288768
1491,2.982000,5.265361,2595.166,2067.915,-7.406435,16.074972,-3.374607,4.894652,-3.432055,4.959367,-6.725879,5.093971,-0.000141,4.496020,-3.552322,3.365093,1.413739,3.700431,-5.709485,2.842437,-1.796884,3.252360,-3.509701,0.423179
1492,2.984000,5.306016,2606.903,2061.973,-7.363515,15.868245,-3.522352,5.117160,-3.121469,4.904534,-6.791557,5.107857,0.231030,4.790289,-3.343939,3.536984,1.735766,3.774154,-5.728959,2.781182,-1.746736,3.067460,-3.677890,0.494192
1493,2.986000,5.340702,2638.073,2059.960,-7.339093,15.625412,-3.663799,5.307388,-2.884534,4.834871,-6.887553,5.077421,0.470973,5.135732,-3.096214,3.667501,1.926877,3.821893,-5.801092,2.742226,-1.640703,2.868798,-3.871827,0.496122
1494,2.988000,5.365268,2682.320,2059.512,-7.339095,15.367506,-3.776898,5.468028,-2.718557,4.764279,-7.011768,4.980031,0.676519,5.485146,-2.854283,3.737151,1.963331,3.816245,-5.923991,2.727263,-1.485177,2.678952,-4.072104,0.458597
1495,2.990000,5.375821,2733.064,2059.716,-7.370912,15.108316,-3.845468,5.604938,-2.612279,4.695171,-7.153581,4.804543,0.807939,5.784914,-2.666533,3.727605,1.855059,3.743498,-6.079759,2.726324,-1.297365,2.520238,-4.262461,0.423550
1496,2.992000,5.369568,2785.043,2060.988,-7.446688,14.840921,-3.880106,5.702277,-2.557302,4.628942,-7.286426,4.570860,0.850892,6.003082,-2.553949,3.645645,1.644250,3.606614,-6.246610,2.721018,-1.110267,2.391475,-4.447250,0.415206
1497,2.994000,5.345549,2834.627,2064.597,-7.574553,14.549295,-3.910671,5.733605,-2.549676,4.575358,-7.376178,4.323557,0.813214,6.131124,-2.514070,3.528559,1.390206,3.429229,-6.402785,2.694448,-0.961002,2.272105,-4.639539,0.437130
1498,2.996000,5.305579,2879.581,2071.764,-7.741857,14.236386,-3.950603,5.700313,-2.576748,4.551576,-7.394962,4.101741,0.711277,6.171874,-2.540202,3.418951,1.139564,3.235990,-6.533566,2.635086,-0.871944,2.146056,-4.838255,0.483159
1499,2.998000,5.254378,2919.818,2082.422,-7.909790,13.939925,-3.981653,5.646201,-2.611073,4.577766,-7.322762,3.928214,0.568288,6.145003,-2.623247,3.353305,0.922514,3.042698,-6.627687,2.546332,-0.837507,2.025926,-5.016776,0.540370
1500,3.000000,5.198580,2958.481,2094.680,-8.024449,13.717604,-3.989155,5.609275,-2.634926,4.664059,-7.143629,3.820201,0.406352,6.073757,-2.761571,3.357105,0.772200,2.869617,-6.670854,2.440995,-0.845258,1.947583,-5.129613,0.595807
1501,3.002000,5.145450,3001.841,2105.187,-8.076424,13.572103,-4.025389,5.548554,-2.683698,4.765637,-6.890632,3.768056,0.222362,5.954253,-2.976354,3.415063,0.696970,2.723973,-6.661540,2.322206,-0.894610,1.939813,-5.142793,0.648807
1502,3.004000,5.101442,3056.924,2109.998,-8.096258,13.468557,-4.140916,5.427243,-2.763840,4.823051,-6.640561,3.746224,0.026012,5.793262,-3.268881,3.480728,0.661065,2.589799,-6.599486,2.210043,-0.970424,1.996662,-5.073988,0.701046
1503,3.006000,5.070889,3126.996,2106.090,-8.100490,13.391931,-4.336905,5.257197,-2.824064,4.825860,-6.436946,3.755978,-0.144210,5.612406,-3.608787,3.526788,0.643160,2.464665,-6.479701,2.136453,-1.046570,2.091107,-4.960846,0.763274
1504,3.008000,5.054945,3207.978,2092.911,-8.090011,13.345577,-4.577659,5.072455,-2.815012,4.797904,-6.279458,3.812130,-0.253014,5.425544,-3.956405,3.552251,0.653741,2.372248,-6.300397,2.127794,-1.105364,2.193805,-4.833878,0.847275
1505,3.010000,5.052006,3287.192,2073.362,-8.059799,13.344109,-4.798912,4.913720,-2.727609,4.768056,-6.154513,3.911244,-0.286612,5.247687,-4.257627,3.575590,0.716894,2.349567,-6.065410,2.202880,-1.139389,2.281762,-4.718782,0.939901
1506,3.012000,5.058476,3348.930,2052.947,-8.001553,13.396966,-4.945792,4.810681,-2.582761,4.762559,-6.053697,4.026809,-0.248561,5.102077,-4.451721,3.619179,0.846440,2.412759,-5.801103,2.354910,-1.152540,2.346874,-4.621773,1.017851
1507,3.014000,5.069308,3381.483,2037.157,-7.923094,13.483107,-5.021858,4.751612,-2.421539,4.790374,-5.974950,4.125015,-0.154326,5.011519,-4.509293,3.675583,1.010452,2.511585,-5.575134,2.532914,-1.162832,2.391650,-4.530644,1.073657
1508,3.016000,5.079416,3380.756,2028.641,-7.847594,13.577672,-5.065410,4.706472,-2.281445,4.841252,-5.920606,4.175897,-0.038257,4.992237,-4.440986,3.729640,1.163538,2.575198,-5.447813,2.673634,-1.196730,2.409074,-4.452699,1.102786
1509,3.018000,5.085416,3350.671,2025.945,-7.800039,13.678366,-5.102570,4.660870,-2.175922,4.908216,-5.880367,4.177420,0.066649,5.051198,-4.282251,3.782902,1.284623,2.578502,-5.423793,2.744784,-1.273463,2.376670,-4.419119,1.099244
1510,3.020000,5.086411,3300.716,2024.865,-7.801676,13.791903,-5.145713,4.608360,-2.110636,4.987951,-5.833961,4.155822,0.145260,5.178420,-4.083309,3.839622,1.369109,2.542817,-5.469814,2.740495,-1.402735,2.267783,-4.454323,1.069676
1511,3.022000,5.083472,3241.439,2020.999,-7.866732,13.921795,-5.205959,4.537699,-2.097685,5.065216,-5.765616,4.147526,0.199066,5.350143,-3.899091,3.891531,1.411200,2.503582,-5.542384,2.671859,-1.577555,2.073085,-4.558268,1.034912
1512,3.024000,5.078802,3181.956,2011.392,-8.001488,14.067528,-5.288198,4.447769,-2.144008,5.112884,-5.676087,4.175923,0.232544,5.536606,-3.778049,3.917081,1.397711,2.484795,-5.605084,2.563098,-1.768763,1.814814,-4.708941,1.020779
1513,3.026000,5.075064,3130.077,1995.092,-8.200867,14.228752,-5.383240,4.364476,-2.237319,5.105863,-5.585865,4.232515,0.238695,5.706746,-3.754763,3.893999,1.320073,2.497848,-5.630839,2.449782,-1.929381,1.544047,-4.874361,1.043455
1514,3.028000,5.074173,3091.379,1973.601,-8.440619,14.412616,-5.467716,4.331725,-2.353094,5.028042,-5.529112,4.269886,0.190752,5.829160,-3.844561,3.812204,1.196352,2.567586,-5.584324,2.382140,-2.006973,1.327270,-5.017387,1.100956
1515,3.030000,5.076350,3067.590,1950.408,-8.699200,14.606724,-5.531600,4.376012,-2.462958,4.889169,-5.513755,4.249687,0.081560,5.898613,-4.022494,3.681295,1.065382,2.720577,-5.445195,2.385344,-1.982368,1.205108,-5.114050,1.174527
1516,3.032000,5.079995,3057.639,1929.754,-8.985708,14.751104,-5.607714,4.474693,-2.537364,4.744986,-5.491900,4.202732,-0.035343,5.955370,-4.217826,3.532757,0.957556,2.944885,-5.254062,2.415947,-1.897243,1.167306,-5.166622,1.245305
1517,3.034000,5.082045,3059.628,1915.470,-9.287796,14.809694,-5.725085,4.583166,-2.561371,4.654553,-5.426677,4.175282,-0.119217,6.016105,-4.372794,3.410214,0.895619,3.215498,-5.062665,2.438529,-1.776365,1.210698,-5.176715,1.303586
1518,3.036000,5.078398,3072.357,1910.023,-9.562332,14.777227,-5.883371,4.664890,-2.539433,4.644633,-5.318908,4.192995,-0.159568,6.060429,-4.462877,3.342618,0.892885,3.497195,-4.909841,2.446714,-1.617403,1.340638,-5.138585,1.351401
1519,3.038000,5.064626,3095.914,1914.168,-9.769792,14.651770,-6.055292,4.709833,-2.490008,4.701536,-5.200693,4.259661,-0.161024,6.065447,-4.489750,3.315453,0.933568,3.741606,-4.815721,2.448489,-1.429124,1.542632,-5.057133,1.394713
1520,3.040000,5.037088,3131.106,1927.150,-9.900853,14.429330,-6.208318,4.741828,-2.423274,4.792596,-5.112644,4.364264,-0.147573,6.018903,-4.469252,3.297145,0.978055,3.903992,-4.780059,2.459199,-1.249500,1.779752,-4.956892,1.433033
1521,3.042000,4.994099,3178.199,1947.091,-9.959780,14.120399,-6.313039,4.785908,-2.324850,4.879541,-5.069071,4.487623,-0.144701,5.903747,-4.427652,3.260807,0.982187,3.947292,-4.787610,2.488998,-1.122704,2.003966,-4.867033,1.457304
1522,3.044000,4.936717,3234.664,1971.652,-9.957668,13.758759,-6.344611,4.841691,-2.176081,4.936178,-5.052086,4.608492,-0.165853,5.712499,-4.394433,3.187258,0.910259,3.848084,-4.830788,2.531847,-1.073443,2.175738,-4.808344,1.460720
1523,3.046000,4.869054,3293.683,1998.937,-9.931246,13.368007,-6.315686,4.865274,-2.003844,4.949309,-5.038149,4.716725,-0.206771,5.480003,-4.375053,3.083246,0.768983,3.633836,-4.891090,2.590039,-1.086344,2.280485,-4.785676,1.444706
1524,3.048000,4.798562,3343.359,2028.256,-9.910566,12.985161,-6.250157,4.816041,-1.863945,4.918067,-5.018418,4.816602,-0.261511,5.254295,-4.377341,2.961003,0.588767,3.363608,-4.951136,2.654056,-1.142893,2.308799,-4.787652,1.423265
1525,3.050000,4.734458,3369.646,2059.683,-9.891296,12.669337,-6.143518,4.688011,-1.800082,4.832748,-5.009647,4.890965,-0.340447,5.047050,-4.430459,2.819050,0.406947,3.104163,-4.999905,2.693572,-1.242751,2.246524,-4.798669,1.413965
1526,3.052000,4.685078,3362.960,2092.264,-9.863109,12.448633,-5.977331,4.500411,-1.811931,4.679425,-5.036119,4.895659,-0.445423,4.854152,-4.548657,2.644496,0.254191,2.900853,-5.034291,2.677553,-1.370745,2.103921,-4.793080,1.429821
1527,3.054000,4.654583,3324.254,2123.072,-9.854129,12.284096,-5.764629,4.280150,-1.865046,4.474864,-5.099656,4.808857,-0.540064,4.708022,-4.704720,2.430203,0.131281,2.759053,-5.068949,2.595878,-1.484255,1.931484,-4.737054,1.475800
1528,3.056000,4.641555,3265.116,2148.605,-9.893353,12.137093,-5.525347,4.059168,-1.922118,4.261459,-5.181769,4.642728,-0.574201,4.663400,-4.844418,2.190568,0.029635,2.672745,-5.118201,2.462787,-1.546345,1.782132,-4.618220,1.534173
1529,3.058000,4.640331,3200.937,2166.898,-9.963261,12.043282,-5.241920,3.897018,-1.943476,4.108626,-5.240118,4.446641,-0.516104,4.770843,-4.903894,1.973809,-0.043749,2.650507,-5.181261,2.315711,-1.550683,1.679526,-4.461759,1.577652
1530,3.060000,4.642925,3143.326,2178.366,-10.031549,12.040977,-4.910067,3.821318,-1.915352,4.056439,-5.243749,4.251908,-0.393989,5.018768,-4.839272,1.823068,-0.077752,2.688043,-5.255430,2.183336,-1.520680,1.613600,-4.308414,1.597270
1531,3.062000,4.640654,3097.999,2184.931,-10.093987,12.098558,-4.612042,3.764788,-1.896144,4.064240,-5.222279,4.032921,-0.310833,5.317755,-4.650287,1.742867,-0.094655,2.740613,-5.355111,2.066945,-1.495664,1.572237,-4.173797,1.618353
1532,3.064000,4.626247,3066.317,2188.803,-10.127374,12.194736,-4.421527,3.669013,-1.918587,4.100664,-5.185648,3.792289,-0.341077,5.582882,-4.343945,1.733617,-0.119320,2.760070,-5.484737,1.955346,-1.512833,1.559614,-4.042915,1.662594
1533,3.066000,4.596111,3046.800,2191.546,-10.120426,12.316402,-4.366167,3.524325,-1.975452,4.149731,-5.123283,3.567208,-0.490595,5.768826,-3.949687,1.787885,-0.162969,2.721967,-5.622221,1.847922,-1.588509,1.590643,-3.884619,1.733332
1534,3.068000,4.550864,3035.694,2193.989,-10.105268,12.436576,-4.436209,3.353557,-2.052922,4.183760,-5.039604,3.387829,-0.717018,5.874228,-3.528865,1.878338,-0.223915,2.631593,-5.729539,1.767930,-1.709884,1.669974,-3.678897,1.824699
1535,3.070000,4.495827,3029.314,2195.907,-10.116551,12.540665,-4.593663,3.197757,-2.127349,4.182185,-4.944340,3.274132,-0.957831,5.930257,-3.141800,1.979159,-0.285853,2.514447,-5.777942,1.744243,-1.842364,1.787938,-3.428710,1.925200
1536,3.072000,4.442180,3028.390,2195.159,-10.150846,12.646471,-4.784974,3.104595,-2.152299,4.155460,-4.840627,3.247576,-1.147990,5.981850,-2.822944,2.092953,-0.306861,2.415578,-5.757227,1.794276,-1.929885,1.938223,-3.155134,2.022228
1537,3.074000,4.404878,3038.696,2188.242,-10.185822,12.763847,-4.974775,3.089419,-2.090284,4.118361,-4.746505,3.300372,-1.249659,6.049758,-2.600464,2.229781,-0.241283,2.368789,-5.688287,1.895831,-1.922874,2.102016,-2.903984,2.098235
1538,3.076000,4.396095,3068.251,2172.752,-10.184381,12.815007,-5.111787,3.073403,-1.911055,4.022984,-4.650536,3.342492,-1.227359,6.075034,-2.461437,2.347035,-0.043709,2.334815,-5.578633,1.957136,-1.787722,2.205639,-2.710299,2.101209
1539,3.078000,4.419303,3122.074,2149.518,-10.062338,12.649184,-5.058241,2.912091,-1.536441,3.777368,-4.442976,3.225876,-0.993192,5.930840,-2.290167,2.343876,0.357443,2.203496,-5.364069,1.850757,-1.479128,2.142103,-2.536001,1.945003
1540,3.080000,4.468801,3199.889,2121.769,-9.873127,12.331621,-4.874062,2.687062,-1.080426,3.507180,-4.200112,3.009547,-0.639840,5.668187,-2.120192,2.273163,0.861881,2.008921,-5.114121,1.625941,-1.084276,1.951058,-2.413506,1.647506
1541,3.082000,4.532470,3297.704,2092.891,-9.684048,11.952204,-4.652850,2.500224,-0.667816,3.329962,-4.030479,2.780967,-0.275672,5.353828,-2.011113,2.191842,1.355210,1.810458,-4.907840,1.396660,-0.691057,1.721587,-2.371887,1.278312
1542,3.084000,4.596777,3409.116,2065.183,-9.520864,11.541668,-4.429629,2.363166,-0.350006,3.240719,-3.972080,2.563576,0.055370,5.003159,-1.979112,2.095260,1.787762,1.622353,-4.751947,1.237760,-0.318994,1.507423,-2.390842,0.915017
1543,3.086000,4.651193,3527.340,2039.758,-9.394739,11.123503,-4.224196,2.253615,-0.148036,3.192543,-4.022360,2.360720,0.331361,4.631659,-2.023495,1.967609,2.132070,1.441827,-4.630947,1.179857,0.032747,1.328363,-2.435496,0.634126
1544,3.088000,4.689560,3646.042,2017.103,-9.308050,10.711100,-4.062452,2.139233,-0.062871,3.161720,-4.148491,2.172123,0.542120,4.268689,-2.117519,1.803370,2.371090,1.259715,-4.538181,1.212633,0.351327,1.175351,-2.480939,0.478833
1545,3.090000,4.709206,3759.076,1998.160,-9.262136,10.308130,-3.973638,2.000139,-0.072588,3.163715,-4.301864,1.997387,0.681366,3.937495,-2.226355,1.612045,2.502767,1.074415,-4.465709,1.303330,0.607273,1.026756,-2.518932,0.443876
1546,3.092000,4.710209,3860.283,1985.073,-9.263001,9.913601,-3.971945,1.846738,-0.142494,3.217981,-4.437390,1.845390,0.755334,3.643351,-2.333898,1.411466,2.543633,0.898927,-4.396113,1.407649,0.769292,0.870124,-2.555130,0.482331
1547,3.094000,4.694511,3944.464,1981.125,-9.316785,9.520889,-4.051177,1.706768,-0.253573,3.308177,-4.528797,1.732311,0.789193,3.387048,-2.438786,1.218099,2.523223,0.758443,-4.308625,1.481169,0.825192,0.712146,-2.605691,0.534223
1548,3.096000,4.666197,4007.935,1989.487,-9.409397,9.131270,-4.189033,1.602331,-0.405380,3.385131,-4.572548,1.666629,0.814801,3.177281,-2.530186,1.044664,2.480342,0.690808,-4.187717,1.489648,0.779988,0.562072,-2.688298,0.562119
1549,3.098000,4.631966,4048.402,2011.331,-9.497073,8.767085,-4.349317,1.545434,-0.597959,3.393342,-4.584130,1.641501,0.859189,3.036169,-2.568435,0.913451,2.459346,0.735271,-4.022518,1.419916,0.651533,0.431967,-2.798853,0.562010
1550,3.100000,4.599504,4065.711,2044.897,-9.532886,8.463785,-4.487711,1.555077,-0.807627,3.315916,-4.579129,1.649860,0.940094,2.986806,-2.508467,0.849785,2.486984,0.905949,-3.808266,1.280051,0.461210,0.337967,-2.907690,0.540563
1551,3.102000,4.575067,4063.240,2085.897,-9.519275,8.226833,-4.579708,1.646342,-0.999980,3.190356,-4.563066,1.687090,1.058390,3.037416,-2.343089,0.853672,2.554470,1.182248,-3.553159,1.094604,0.230792,0.285774,-2.980230,0.502744
1552,3.104000,4.561681,4047.739,2128.739,-9.492358,8.039907,-4.618424,1.820322,-1.146726,3.081115,-4.528508,1.748181,1.205693,3.187959,-2.090653,0.914934,2.645353,1.531749,-3.269010,0.904150,-0.014421,0.263833,-2.996771,0.454317
1553,3.106000,4.558629,4026.433,2168.424,-9.480261,7.886861,-4.619359,2.045887,-1.242122,3.034129,-4.469376,1.810899,1.351558,3.417554,-1.778590,1.024946,2.743208,1.910453,-2.975359,0.752413,-0.244575,0.251503,-2.964220,0.390435
1554,3.108000,4.563035,4003.731,2201.337,-9.482389,7.759737,-4.634385,2.246092,-1.310246,3.054351,-4.390559,1.843228,1.445286,3.671130,-1.449575,1.173467,2.824813,2.253618,-2.709440,0.677595,-0.427722,0.221152,-2.923840,0.281893
1555,3.110000,4.573398,3978.484,2224.948,-9.452501,7.700183,-4.682021,2.375181,-1.357398,3.124423,-4.298808,1.849532,1.475632,3.893551,-1.169388,1.334995,2.869104,2.505915,-2.501797,0.717831,-0.534259,0.152583,-2.910956,0.124482
1556,3.112000,4.590533,3945.317,2238.509,-9.330074,7.784710,-4.704657,2.468735,-1.351436,3.226034,-4.208039,1.855765,1.464406,4.033386,-1.031627,1.450648,2.854995,2.640121,-2.383813,0.874202,-0.568453,0.034149,-2.932605,-0.040060
1557,3.114000,4.616423,3898.428,2244.106,-9.083540,8.066517,-4.622191,2.607374,-1.234930,3.387359,-4.114110,1.878942,1.414204,4.045634,-1.094829,1.486515,2.782935,2.652529,-2.407808,1.094751,-0.562094,-0.126227,-2.986207,-0.174542
1558,3.116000,4.652383,3836.387,2245.856,-8.780388,8.473799,-4.449789,2.807406,-1.015707,3.635451,-4.008171,1.938972,1.333689,3.950771,-1.309085,1.485641,2.703573,2.602594,-2.569537,1.343828,-0.532311,-0.285817,-3.064214,-0.268669
1559,3.118000,4.697643,3765.129,2247.532,-8.529099,8.876687,-4.265866,3.037677,-0.755333,3.967330,-3.903036,2.049773,1.232841,3.798971,-1.585310,1.500207,2.655548,2.562807,-2.814149,1.614141,-0.483830,-0.388519,-3.160007,-0.327894
1560,3.120000,4.749010,3696.467,2250.917,-8.379015,9.209238,-4.127022,3.282058,-0.507946,4.356541,-3.832512,2.214710,1.119587,3.626685,-1.873052,1.537410,2.617726,2.556016,-3.097218,1.898533,-0.426197,-0.392477,-3.275703,-0.367675
1561,3.122000,4.800648,3643.283,2256.224,-8.328144,9.467472,-4.070491,3.530928,-0.316644,4.757265,-3.833063,2.437731,1.014786,3.472455,-2.150530,1.588455,2.540810,2.575270,-3.395473,2.187908,-0.373206,-0.273880,-3.415474,-0.408499
1562,3.124000,4.845269,3614.970,2262.442,-8.359139,9.680817,-4.116176,3.772968,-0.219595,5.112480,-3.936902,2.716381,0.935797,3.382175,-2.399714,1.658485,2.384927,2.608023,-3.708471,2.466186,-0.350868,-0.034774,-3.581850,-0.455976
1563,3.126000,4.876777,3616.391,2266.496,-8.465055,9.881097,-4.265460,4.002206,-0.234465,5.375678,-4.170021,3.026841,0.875266,3.393179,-2.597939,1.772751,2.145963,2.650279,-4.051063,2.705556,-0.399543,0.292015,-3.777362,-0.488191
1564,3.128000,4.892216,3648.640,2262.934,-8.655886,10.059203,-4.505158,4.206702,-0.335440,5.529711,-4.519765,3.331897,0.823959,3.510216,-2.729759,1.935269,1.843938,2.689290,-4.425565,2.886619,-0.529297,0.661713,-3.996422,-0.485806
1565,3.130000,4.893101,3709.158,2244.416,-8.917135,10.140899,-4.777008,4.328246,-0.442445,5.543939,-4.905590,3.565905,0.821238,3.681112,-2.763577,2.090685,1.531873,2.671767,-4.788468,2.986137,-0.680202,1.016185,-4.198963,-0.461501
1566,3.132000,4.885273,3791.190,2203.491,-9.189510,10.054134,-4.986059,4.288570,-0.474812,5.357264,-5.238093,3.639931,0.929325,3.827759,-2.652274,2.173410,1.300531,2.539138,-5.067195,2.961157,-0.767545,1.273960,-4.327584,-0.449540
1567,3.134000,4.877674,3883.558,2135.574,-9.458124,9.838591,-5.122803,4.119470,-0.445199,5.009564,-5.513514,3.557772,1.115554,3.934648,-2.451144,2.195730,1.179930,2.332484,-5.227373,2.850333,-0.755225,1.410085,-4.390800,-0.457701
1568,3.136000,4.879568,3971.759,2043.268,-9.716541,9.601154,-5.207603,3.915665,-0.399445,4.595705,-5.767918,3.375402,1.295344,4.021229,-2.262031,2.213525,1.159202,2.144822,-5.269978,2.752763,-0.646088,1.459907,-4.440604,-0.452331
1569,3.138000,4.896187,4041.945,1939.166,-9.940712,9.415339,-5.228388,3.743605,-0.345606,4.189570,-5.995349,3.144901,1.431779,4.097631,-2.135401,2.255827,1.236407,2.020943,-5.206610,2.726257,-0.447400,1.458463,-4.495663,-0.396239
1570,3.140000,4.925441,4086.647,1842.462,-10.129916,9.284336,-5.176310,3.626291,-0.273508,3.843867,-6.153285,2.917655,1.538885,4.161635,-2.079373,2.307930,1.391902,1.944245,-5.075769,2.753557,-0.186447,1.417463,-4.550172,-0.276711
1571,3.142000,4.958947,4107.654,1769.576,-10.292669,9.190087,-5.062654,3.565965,-0.187811,3.593935,-6.219109,2.727119,1.626792,4.196771,-2.089790,2.336740,1.575307,1.888838,-4.932821,2.782672,0.084736,1.330128,-4.618123,-0.119829
1572,3.144000,4.986475,4112.184,1727.541,-10.409527,9.141270,-4.898037,3.569005,-0.091115,3.465750,-6.203609,2.577646,1.684109,4.178245,-2.151872,2.312357,1.726393,1.847990,-4.817125,2.772562,0.316320,1.192796,-4.719787,0.031969
1573,3.146000,4.999712,4107.293,1714.755,-10.450216,9.155710,-4.700227,3.633209,0.021872,3.462945,-6.140756,2.450888,1.690318,4.091056,-2.242054,2.214005,1.794476,1.826823,-4.734765,2.714383,0.480642,1.022087,-4.844482,0.160743
1574,3.148000,4.994191,4096.399,1725.996,-10.410401,9.226001,-4.517667,3.715451,0.143244,3.553991,-6.059695,2.337688,1.644273,3.950241,-2.330777,2.045954,1.764311,1.846015,-4.652486,2.632523,0.572030,0.841272,-4.950885,0.287663
1575,3.150000,4.970337,4078.943,1756.166,-10.303503,9.334895,-4.408237,3.741046,0.244598,3.689437,-5.956302,2.265979,1.576130,3.784648,-2.407875,1.829904,1.665880,1.946030,-4.519355,2.559309,0.590915,0.659146,-4.991746,0.461043
1576,3.152000,4.932689,4051.936,1801.736,-10.156728,9.466094,-4.386697,3.675245,0.313185,3.833659,-5.815737,2.270531,1.523726,3.627091,-2.464894,1.599068,1.546916,2.148068,-4.318441,2.520659,0.559728,0.493387,-4.938443,0.701187
1577,3.154000,4.888153,4013.458,1858.804,-10.005936,9.601429,-4.428277,3.533373,0.351218,3.968490,-5.650180,2.347641,1.498972,3.506116,-2.478297,1.389365,1.439798,2.423742,-4.093692,2.519800,0.518520,0.387728,-4.782809,0.981757
1578,3.156000,4.843907,3964.410,1921.771,-9.867555,9.735323,-4.505986,3.328080,0.338057,4.082863,-5.487001,2.467899,1.484169,3.426124,-2.435530,1.233998,1.377234,2.739415,-3.904759,2.528966,0.476396,0.369752,-4.538362,1.263946
1579,3.158000,4.805214,3909.399,1983.708,-9.739093,9.872307,-4.593046,3.073024,0.240019,4.163476,-5.363666,2.592297,1.456710,3.384662,-2.342519,1.157727,1.387882,3.067506,-3.791800,2.513269,0.406827,0.428934,-4.240575,1.517457
1580,3.160000,4.774082,3856.588,2037.923,-9.624798,10.011543,-4.658993,2.804605,0.052412,4.208323,-5.310338,2.686712,1.405377,3.382489,-2.236701,1.150791,1.462857,3.363960,-3.769789,2.460257,0.286604,0.539108,-3.937021,1.724727
1581,3.162000,4.748484,3815.227,2080.240,-9.542313,10.150219,-4.676179,2.572006,-0.187857,4.238767,-5.327612,2.733786,1.323490,3.408162,-2.188712,1.165934,1.551772,3.561613,-3.844333,2.373714,0.111132,0.680957,-3.673692,1.880382
1582,3.164000,4.723548,3792.039,2109.829,-9.523260,10.273658,-4.646286,2.399317,-0.437985,4.276165,-5.397068,2.737927,1.211815,3.446053,-2.249207,1.167627,1.612261,3.616962,-4.007892,2.272901,-0.102981,0.849645,-3.480240,1.988587
1583,3.166000,4.694143,3789.038,2127.915,-9.607868,10.350365,-4.606853,2.272498,-0.674065,4.321775,-5.504362,2.720834,1.080704,3.486911,-2.417506,1.150342,1.634182,3.542427,-4.234089,2.187994,-0.319752,1.052856,-3.364345,2.059472
1584,3.168000,4.656857,3803.588,2136.449,-9.817024,10.359407,-4.596610,2.172580,-0.880385,4.369307,-5.635662,2.707749,0.935239,3.517103,-2.668592,1.108783,1.609764,3.375051,-4.498457,2.135089,-0.508508,1.292833,-3.323867,2.101947
1585,3.170000,4.610933,3829.869,2137.577,-10.138661,10.300663,-4.640109,2.096051,-1.045811,4.416301,-5.764255,2.717648,0.769947,3.527983,-2.965854,1.038927,1.524842,3.152020,-4.774710,2.117312,-0.654872,1.560961,-3.353916,2.111630
1586,3.172000,4.557688,3859.732,2134.387,-10.533363,10.187206,-4.757634,2.052860,-1.166799,4.462903,-5.863451,2.752524,0.569033,3.515419,-3.277086,0.946245,1.356668,2.900166,-5.021416,2.135734,-0.763465,1.838215,-3.442655,2.074760
1587,3.174000,4.499690,3884.429,2130.949,-10.942709,10.049649,-4.958818,2.064968,-1.245518,4.517998,-5.918343,2.799142,0.317570,3.474350,-3.587292,0.846388,1.079620,2.636757,-5.190440,2.187336,-0.855065,2.094477,-3.576168,1.983125
1588,3.176000,4.440695,3895.582,2131.711,-11.297481,9.953684,-5.210306,2.178243,-1.272451,4.620812,-5.903157,2.866311,0.037718,3.429033,-3.878571,0.776066,0.708842,2.400961,-5.242921,2.265311,-0.954293,2.292773,-3.753995,1.827546
1589,3.178000,4.384965,3886.140,2140.303,-11.544971,9.981639,-5.449918,2.431114,-1.239969,4.820815,-5.785984,2.991916,-0.220679,3.430832,-4.129427,0.778224,0.313072,2.254851,-5.172719,2.357109,-1.087627,2.402862,-3.981535,1.593058
1590,3.180000,4.336686,3852.961,2157.044,-11.707166,10.136189,-5.678967,2.771245,-1.204234,5.097755,-5.594205,3.176184,-0.452443,3.479252,-4.363959,0.847015,-0.056404,2.221149,-5.026983,2.435503,-1.278693,2.422987,-4.234704,1.295394
1591,3.182000,4.299552,3798.951,2178.179,-11.842844,10.345606,-5.933148,3.092747,-1.238388,5.378132,-5.382092,3.390460,-0.661118,3.533557,-4.611015,0.953646,-0.371697,2.273130,-4.868728,2.465541,-1.530924,2.368399,-4.467319,0.977163
1592,3.184000,4.276174,3733.155,2197.733,-11.955111,10.545712,-6.178170,3.328566,-1.337481,5.589292,-5.165375,3.602294,-0.794114,3.566292,-4.832826,1.086884,-0.582039,2.364397,-4.725221,2.418757,-1.814062,2.238745,-4.636041,0.677723
1593,3.186000,4.267918,3667.881,2210.976,-12.024529,10.704237,-6.363794,3.482021,-1.451969,5.708929,-4.949539,3.800446,-0.786927,3.600239,-4.962526,1.267734,-0.634302,2.480190,-4.594885,2.309298,-2.081582,2.040914,-4.726782,0.430178
1594,3.188000,4.274715,3614.621,2216.988,-12.055786,10.847852,-6.489727,3.630432,-1.553639,5.803663,-4.774263,4.018348,-0.636165,3.708817,-4.976881,1.543618,-0.526077,2.663178,-4.487058,2.202871,-2.309936,1.825567,-4.763072,0.274681
1595,3.190000,4.295202,3581.004,2217.807,-12.069467,10.977438,-6.584724,3.809749,-1.634313,5.937589,-4.690757,4.254368,-0.390594,3.917229,-4.905717,1.895253,-0.309443,2.934645,-4.422886,2.133456,-2.494825,1.647399,-4.782084,0.213453
1596,3.192000,4.326493,3569.368,2216.063,-12.075655,11.072866,-6.664853,3.999864,-1.687572,6.128633,-4.739387,4.460259,-0.116999,4.195952,-4.798760,2.247624,-0.052640,3.280633,-4.411319,2.091520,-2.626899,1.552023,-4.802745,0.212500
1597,3.194000,4.364996,3576.369,2212.497,-12.065220,11.152681,-6.715428,4.187971,-1.706649,6.364184,-4.939440,4.583279,0.111970,4.501549,-4.700787,2.538405,0.187892,3.678131,-4.434534,2.070701,-2.681221,1.580749,-4.804952,0.253081
1598,3.196000,4.407507,3596.141,2204.748,-12.042181,11.233727,-6.719874,4.368752,-1.697836,6.605497,-5.266649,4.590423,0.240252,4.795863,-4.626426,2.742043,0.372611,4.082470,-4.462580,2.076026,-2.641553,1.730294,-4.765066,0.323431
1599,3.198000,4.452711,3623.725,2187.553,-12.015993,11.306315,-6.675385,4.527155,-1.672570,6.797960,-5.652263,4.480259,0.267981,5.065340,-4.560649,2.844633,0.471323,4.419008,-4.480001,2.107400,-2.508723,1.965899,-4.665617,0.404364
1600,3.200000,4.502709,3656.860,2153.686,-11.987996,11.353313,-6.601313,4.644914,-1.639979,6.896345,-6.025335,4.277465,0.236108,5.324783,-4.487038,2.829546,0.459669,4.623041,-4.494298,2.154507,-2.299827,2.255426,-4.504057,0.469460
1601,3.202000,4.562203,3695.864,2096.253,-11.956963,11.376218,-6.539229,4.717283,-1.609524,6.890490,-6.358059,4.014880,0.172966,5.596443,-4.409982,2.692309,0.323323,4.688982,-4.513381,2.215058,-2.039530,2.585551,-4.295540,0.509458
1602,3.204000,4.635883,3742.012,2012.076,-11.917436,11.386562,-6.529861,4.740999,-1.571532,6.807701,-6.656376,3.713218,0.095239,5.879868,-4.349659,2.438017,0.070098,4.659473,-4.525065,2.286166,-1.760172,2.941831,-4.061517,0.531889
1603,3.206000,4.726771,3796.582,1903.165,-11.858086,11.395161,-6.594507,4.710449,-1.505131,6.692906,-6.920413,3.414430,0.034630,6.136175,-4.337474,2.094609,-0.256578,4.577527,-4.521293,2.356002,-1.496450,3.284585,-3.840247,0.541068
1604,3.208000,4.834612,3859.410,1776.542,-11.761673,11.402087,-6.757307,4.617357,-1.404262,6.579988,-7.143058,3.184155,0.024914,6.302156,-4.411151,1.711696,-0.584301,4.480414,-4.503809,2.417125,-1.274915,3.561260,-3.663970,0.552859
1605,3.210000,4.954627,3927.414,1642.921,-11.618382,11.391728,-7.040577,4.454990,-1.296249,6.481243,-7.324037,3.059260,0.066900,6.327974,-4.594727,1.332921,-0.848074,4.406042,-4.471308,2.467842,-1.108075,3.742198,-3.534767,0.596599
1606,3.212000,5.078638,3994.855,1513.897,-11.442810,11.336769,-7.430721,4.234450,-1.230686,6.391305,-7.474971,3.017978,0.127588,6.209298,-4.873575,0.990700,-1.016411,4.382131,-4.415019,2.509182,-0.986845,3.839011,-3.440002,0.684252
1607,3.214000,5.197109,4055.243,1399.744,-11.260794,11.222291,-7.870025,3.993211,-1.232909,6.306983,-7.616581,3.001887,0.169029,5.988987,-5.193074,0.718059,-1.097306,4.408438,-4.333695,2.537864,-0.898528,3.880677,-3.377591,0.795333
1608,3.216000,5.301097,4103.912,1307.592,-11.094316,11.057705,-8.291072,3.761791,-1.295471,6.226856,-7.761907,2.968746,0.170753,5.724128,-5.483461,0.554708,-1.113852,4.462066,-4.246810,2.541342,-0.848169,3.873251,-3.365223,0.891656
1609,3.218000,5.384783,4138.914,1240.364,-10.954203,10.876961,-8.636028,3.550293,-1.388808,6.152706,-7.900962,2.914701,0.125524,5.455061,-5.694870,0.522033,-1.084689,4.518519,-4.191016,2.497612,-0.853337,3.803304,-3.416281,0.935296
1610,3.220000,5.446510,4160.484,1197.235,-10.838898,10.722927,-8.862566,3.370168,-1.471118,6.096334,-8.005243,2.864297,0.039618,5.211789,-5.806163,0.610940,-1.015526,4.566476,-4.197807,2.385440,-0.926234,3.665941,-3.517842,0.899639
1611,3.222000,5.488021,4169.704,1175.776,-10.728621,10.641272,-8.929421,3.265378,-1.490999,6.086714,-8.032803,2.864460,-0.056841,5.033699,-5.806075,0.798213,-0.900623,4.609674,-4.270619,2.204163,-1.064507,3.470548,-3.650176,0.770174
1612,3.224000,5.513613,4168.065,1173.200,-10.612171,10.638236,-8.832673,3.269984,-1.427307,6.137580,-7.968718,2.949946,-0.132043,4.947453,-5.695331,1.044326,-0.743027,4.655819,-4.386588,1.985229,-1.240174,3.256690,-3.790227,0.557063
1613,3.226000,5.529636,4157.624,1186.144,-10.498234,10.667427,-8.629322,3.363556,-1.313745,6.226731,-7.856682,3.108232,-0.177973,4.942862,-5.497219,1.287616,-0.572963,4.701276,-4.519159,1.770046,-1.415057,3.081323,-3.910836,0.295385
1614,3.228000,5.544450,4141.488,1209.539,-10.373471,10.696992,-8.382448,3.518528,-1.182739,6.336455,-7.760693,3.307610,-0.184374,4.999197,-5.242109,1.479752,-0.423854,4.733416,-4.654689,1.593639,-1.560556,2.974005,-3.996317,0.020939
1615,3.230000,5.566703,4124.155,1236.087,-10.215174,10.711535,-8.159034,3.712642,-1.043492,6.453800,-7.746374,3.505403,-0.142949,5.086666,-4.972091,1.604478,-0.317010,4.726504,-4.804191,1.474673,-1.667848,2.902756,-4.054946,-0.236147
1616,3.232000,5.602989,4110.233,1257.994,-10.008497,10.704660,-8.023594,3.931760,-0.876755,6.577000,-7.848333,3.659969,-0.057288,5.181417,-4.721010,1.676628,-0.252326,4.664697,-4.973741,1.423286,-1.742149,2.806422,-4.099083,-0.445187
1617,3.234000,5.656021,4102.951,1268.832,-9.765009,10.676083,-8.012638,4.161008,-0.669211,6.710757,-8.049214,3.742472,0.039582,5.267490,-4.503356,1.710591,-0.227329,4.555762,-5.150656,1.429575,-1.802202,2.656298,-4.124881,-0.591784
1618,3.236000,5.723982,4103.194,1265.382,-9.517315,10.624717,-8.123919,4.378163,-0.428427,6.853366,-8.290922,3.754813,0.106897,5.321276,-4.326209,1.715012,-0.230824,4.418212,-5.318571,1.469247,-1.862447,2.468295,-4.118080,-0.675331
1619,3.238000,5.801605,4109.946,1248.178,-9.291265,10.554266,-8.325972,4.559336,-0.166137,6.998894,-8.515988,3.715667,0.119215,5.310759,-4.208484,1.688962,-0.243527,4.267440,-5.469879,1.522028,-1.922586,2.280372,-4.066298,-0.694451
1620,3.240000,5.882027,4121.249,1220.972,-9.096203,10.473816,-8.563345,4.694385,0.111973,7.139196,-8.694267,3.639449,0.078634,5.227968,-4.160112,1.626770,-0.252486,4.110339,-5.597065,1.586986,-1.969033,2.136571,-3.965165,-0.650313
1621,3.242000,5.958108,4135.267,1189.053,-8.924832,10.391367,-8.765320,4.784185,0.402238,7.256550,-8.817964,3.530390,0.012983,5.086651,-4.171065,1.521915,-0.249726,3.946983,-5.683568,1.679087,-1.981136,2.068461,-3.820838,-0.550215
1622,3.244000,6.023196,4150.674,1157.793,-8.756788,10.302691,-8.869975,4.814610,0.695332,7.323088,-8.874866,3.394268,-0.023140,4.906557,-4.212108,1.366928,-0.220115,3.774922,-5.705219,1.802999,-1.942201,2.083081,-3.634041,-0.402193
1623,3.246000,6.071556,4166.739,1131.691,-8.500715,10.074752,-8.739052,4.643599,1.079845,7.202460,-8.741653,3.137317,0.127478,4.601669,-4.161535,1.057719,-0.062349,3.499969,-5.571167,1.853776,-1.787089,2.088500,-3.341273,-0.276633
1624,3.248000,6.098403,4183.100,1114.051,-8.154510,9.647611,-8.354542,4.223441,1.564215,6.852280,-8.386216,2.736596,0.519583,4.148716,-3.975987,0.562871,0.257957,3.084175,-5.254100,1.761928,-1.502506,2.012780,-2.920016,-0.231771
1625,3.250000,6.099716,4199.505,1107.094,-7.875639,9.167349,-7.907318,3.729441,1.977581,6.437164,-7.983914,2.343508,0.992800,3.701062,-3.790736,0.038501,0.607296,2.655089,-4.882106,1.620820,-1.203858,1.922670,-2.483990,-0.218929
1626,3.252000,6.072594,4215.878,1111.919,-7.741481,8.695680,-7.483114,3.245807,2.261184,6.027719,-7.621088,2.011682,1.466617,3.329380,-3.659541,-0.429461,0.920045,2.276693,-4.528369,1.485655,-0.944207,1.859919,-2.106930,-0.207915
1627,3.254000,6.016074,4232.443,1128.554,-7.767697,8.246689,-7.101339,2.797157,2.432539,5.638593,-7.315675,1.742086,1.928060,3.050751,-3.577686,-0.816142,1.184960,1.964211,-4.218704,1.372014,-0.715628,1.830779,-1.808896,-0.198479
1628,3.256000,5.931720,4249.884,1155.750,-7.946496,7.818293,-6.769028,2.388474,2.531047,5.270772,-7.058569,1.524777,2.382365,2.863140,-3.523789,-1.120175,1.411910,1.722155,-3.964785,1.281072,-0.495280,1.823935,-1.591837,-0.192143
1629,3.258000,5.824664,4269.452,1190.685,-8.258646,7.402310,-6.496463,2.019358,2.584414,4.917987,-6.840102,1.340231,2.825382,2.754490,-3.473681,-1.344384,1.620461,1.559272,-3.774126,1.207651,-0.271520,1.818590,-1.453057,-0.181013
1630,3.260000,5.705269,4292.771,1228.732,-8.676584,6.987258,-6.291547,1.693283,2.602397,4.574439,-6.652664,1.164937,3.239690,2.701785,-3.405694,-1.494774,1.827497,1.479870,-3.654948,1.139901,-0.052102,1.790849,-1.383202,-0.154455
1631,3.262000,5.590097,4320.683,1263.460,-9.158028,6.572790,-6.141151,1.435939,2.600547,4.255716,-6.478044,0.996848,3.606762,2.679636,-3.302596,-1.584817,2.037756,1.473200,-3.609750,1.067882,0.145515,1.729912,-1.359119,-0.102172
1632,3.264000,5.501646,4351.489,1286.314,-9.634567,6.183050,-6.012961,1.291665,2.620187,4.004045,-6.299075,0.857832,3.907626,2.665551,-3.163314,-1.649708,2.237526,1.511977,-3.631308,0.978065,0.296272,1.650069,-1.345512,-0.023024
1633,3.266000,5.463345,4379.413,1288.613,-10.019136,5.842692,-5.902506,1.277766,2.703571,3.857673,-6.132075,0.765640,4.113495,2.642796,-3.000607,-1.734333,2.404833,1.583055,-3.683546,0.852843,0.379165,1.591644,-1.298572,0.065341
1634,3.268000,5.488404,4396.177,1267.304,-10.234114,5.554146,-5.863356,1.342778,2.847401,3.819868,-6.020419,0.717399,4.189879,2.600611,-2.829924,-1.860362,2.525135,1.702198,-3.704727,0.680202,0.388454,1.593449,-1.189157,0.124815
1635,3.270000,5.572206,4396.534,1227.409,-10.238651,5.328361,-5.934709,1.408006,3.000052,3.871159,-5.978529,0.704622,4.120535,2.535045,-2.662290,-2.011357,2.588657,1.871155,-3.660228,0.460482,0.328018,1.642964,-1.043033,0.121470
1636,3.272000,5.697120,4381.717,1176.983,-10.048004,5.191843,-6.099366,1.413275,3.084300,3.979185,-5.985161,0.715228,3.933300,2.463417,-2.491170,-2.136777,2.602206,2.076170,-3.550234,0.220045,0.210594,1.684897,-0.931025,0.045889
1637,3.274000,5.842520,4357.455,1121.952,-9.708155,5.176052,-6.311169,1.338603,3.041595,4.090180,-6.035332,0.718230,3.681308,2.410995,-2.305498,-2.186151,2.590404,2.315784,-3.385300,-0.000752,0.061219,1.683281,-0.911084,-0.101398
1638,3.276000,5.991054,4329.922,1066.058,-9.281099,5.289402,-6.528666,1.212677,2.885464,4.175492,-6.123189,0.699795,3.425303,2.397117,-2.107103,-2.141662,2.568727,2.579849,-3.192905,-0.173448,-0.086763,1.640223,-1.000578,-0.318339
1639,3.278000,6.130114,4303.693,1012.194,-8.841533,5.503651,-6.728983,1.095618,2.694808,4.253884,-6.222362,0.684551,3.226100,2.432861,-1.913928,-2.009395,2.546601,2.837818,-3.020755,-0.288790,-0.203491,1.571815,-1.184274,-0.589911
1640,3.280000,6.251192,4281.408,962.857,-8.458990,5.766435,-6.924016,1.024419,2.535185,4.343250,-6.322083,0.697627,3.120966,2.525790,-1.745242,-1.796924,2.537023,3.057996,-2.909347,-0.344048,-0.264868,1.506937,-1.415912,-0.876393
1641,3.282000,6.348464,4264.288,920.171,-8.181713,6.031171,-7.138342,0.997833,2.409524,4.435915,-6.431634,0.741023,3.110437,2.687288,-1.609007,-1.517481,2.534079,3.215040,-2.881229,-0.347685,-0.263003,1.488583,-1.634565,-1.144121
1642,3.284000,6.417821,4252.708,886.042,-8.042822,6.260937,-7.381854,1.007803,2.287464,4.522642,-6.554020,0.803501,3.159393,2.910290,-1.515376,-1.193383,2.514842,3.298177,-2.943569,-0.321614,-0.221724,1.539687,-1.805237,-1.386833
1643,3.286000,6.456343,4246.520,862.309,-8.058916,6.429725,-7.650555,1.056374,2.148927,4.610376,-6.682810,0.870620,3.210757,3.156386,-1.487184,-0.850422,2.468733,3.329015,-3.079869,-0.282180,-0.181309,1.655052,-1.921094,-1.604086
1644,3.288000,6.462166,4245.440,850.507,-8.218286,6.537358,-7.932250,1.145041,1.986377,4.715079,-6.807892,0.938632,3.210745,3.378531,-1.550047,-0.519032,2.397657,3.348747,-3.262330,-0.237701,-0.174972,1.823751,-1.977926,-1.775759
1645,3.290000,6.434584,4249.135,851.756,-8.479471,6.614570,-8.209456,1.262537,1.787710,4.842362,-6.925432,1.017591,3.114429,3.533359,-1.730736,-0.229178,2.312841,3.403041,-3.462309,-0.184103,-0.213483,2.042705,-1.969321,-1.860382
1646,3.292000,6.374139,4257.284,866.738,-8.789893,6.704730,-8.465933,1.391748,1.537040,4.984131,-7.050146,1.118594,2.890852,3.599560,-2.049896,-0.002480,2.227546,3.534909,-3.643015,-0.092170,-0.287601,2.310397,-1.908808,-1.817821
1647,3.294000,6.282811,4269.546,895.732,-9.122984,6.832924,-8.693289,1.527858,1.225466,5.131125,-7.212125,1.250295,2.540095,3.599448,-2.499568,0.161497,2.143483,3.768747,-3.769585,0.084641,-0.385777,2.612610,-1.850548,-1.636754
1648,3.296000,6.164047,4285.313,938.907,-9.481418,7.013517,-8.889282,1.688436,0.863190,5.298698,-7.427461,1.431884,2.100827,3.595209,-3.030235,0.304878,2.059721,4.112722,-3.825212,0.387094,-0.501749,2.934092,-1.851430,-1.325039
1649,3.298000,6.023068,4303.551,996.273,-9.871616,7.247420,-9.051443,1.885396,0.478163,5.502720,-7.686436,1.667755,1.639129,3.636399,-3.570569,0.473573,1.978817,4.543123,-3.810449,0.812171,-0.619631,3.256483,-1.920467,-0.913537
1650,3.300000,5.867405,4322.612,1067.063,-10.184296,7.343019,-9.027794,1.936838,0.250088,5.564271,-7.812136,1.776483,1.380985,3.563656,-3.917364,0.511524,2.041998,4.837645,-3.597511,1.153266,-0.570502,3.396079,-1.892506,-0.614583
1651,3.302000,5.706939,4339.880,1148.637,-10.275852,7.096300,-8.640779,1.643361,0.372526,5.286051,-7.604975,1.575749,1.542700,3.199196,-3.896472,0.246663,2.363392,4.786246,-3.099220,1.227866,-0.234304,3.221747,-1.655622,-0.571891
1652,3.304000,5.553031,4351.764,1235.625,-10.224476,6.740033,-8.055120,1.224733,0.687829,4.872184,-7.210085,1.273550,1.961344,2.745358,-3.672381,-0.139002,2.728954,4.525350,-2.552606,1.174333,0.175369,2.888221,-1.411176,-0.642053
1653,3.306000,5.416450,4354.557,1320.415,-10.131552,6.571301,-7.479854,0.957592,0.988554,4.561352,-6.812286,1.109221,2.415826,2.439522,-3.410723,-0.442390,2.957541,4.213403,-2.161327,1.111373,0.471551,2.491368,-1.306902,-0.737304
1654,3.308000,5.304818,4346.018,1395.056,-9.993406,6.574479,-6.960137,0.831694,1.238954,4.313376,-6.435380,1.058351,2.848078,2.290146,-3.116781,-0.665374,3.080707,3.887642,-1.929279,1.032220,0.647681,2.051903,-1.303349,-0.821142
1655,3.310000,5.222226,4326.746,1452.551,-9.826389,6.660332,-6.542324,0.795018,1.436995,4.073840,-6.101415,1.049623,3.219516,2.262550,-2.817961,-0.855467,3.157363,3.602357,-1.816058,0.924568,0.731059,1.622230,-1.314930,-0.866898
1656,3.312000,5.169407,4300.331,1488.554,-9.645891,6.760949,-6.242390,0.815555,1.611319,3.835047,-5.818852,1.029197,3.510874,2.312802,-2.547521,-1.049885,3.230659,3.408686,-1.774809,0.780029,0.748723,1.254270,-1.280668,-0.886657
1657,3.314000,5.141908,4271.773,1504.347,-9.466051,6.844622,-6.034145,0.869291,1.771949,3.593712,-5.590030,0.966642,3.696695,2.373025,-2.321106,-1.237359,3.324273,3.318981,-1.769961,0.605720,0.735502,0.979493,-1.174510,-0.896858
1658,3.316000,5.130239,4245.089,1507.022,-9.304699,6.897026,-5.877992,0.932799,1.912208,3.358650,-5.410663,0.857260,3.755236,2.387065,-2.135568,-1.374280,3.443517,3.308614,-1.784770,0.406664,0.713730,0.793461,-1.007366,-0.918607
1659,3.318000,5.122827,4221.989,1506.429,-9.182513,6.904421,-5.745088,0.985746,2.023462,3.156576,-5.280026,0.705098,3.686204,2.341313,-1.981856,-1.421060,3.586401,3.341804,-1.815641,0.180285,0.687471,0.672567,-0.807150,-0.976965
1660,3.320000,5.109892,4202.376,1511.265,-9.112766,6.857688,-5.619515,1.018798,2.100619,3.021907,-5.195003,0.514393,3.503518,2.248318,-1.855791,-1.365146,3.744256,3.379304,-1.863525,-0.070538,0.651214,0.593316,-0.606654,-1.090436
1661,3.322000,5.085695,4185.836,1527.286,-9.088402,6.763617,-5.496616,1.035939,2.141178,2.983624,-5.138549,0.299664,3.228924,2.116946,-1.763913,-1.227953,3.898157,3.377872,-1.934394,-0.334882,0.597146,0.542903,-0.442534,-1.269465
1662,3.324000,5.049047,4173.043,1557.001,-9.083446,6.643166,-5.389043,1.038995,2.134973,3.048069,-5.084699,0.101388,2.902453,1.945225,-1.722854,-1.059932,4.021552,3.309055,-2.025480,-0.587364,0.521657,0.512721,-0.351052,-1.510037
1663,3.326000,5.003198,4166.020,1599.212,-9.061033,6.531822,-5.320417,1.027808,2.076009,3.196591,-5.014449,-0.019541,2.584430,1.733524,-1.749160,-0.923156,4.086790,3.171820,-2.119209,-0.791014,0.432527,0.493030,-0.355640,-1.787454
1664,3.328000,4.955120,4167.851,1648.324,-9.002021,6.457707,-5.313774,1.014369,1.985274,3.402431,-4.930011,-0.019841,2.331739,1.499663,-1.836983,-0.852940,4.082953,2.982632,-2.205595,-0.917856,0.352224,0.481743,-0.449363,-2.058461
1665,3.330000,4.913515,4181.343,1695.399,-8.923407,6.420872,-5.383772,1.016443,1.895262,3.638098,-4.846819,0.102771,2.172165,1.277571,-1.949154,-0.842914,4.020851,2.765926,-2.293761,-0.966836,0.302080,0.484926,-0.601003,-2.279656
1666,3.332000,4.886483,4207.227,1730.470,-8.859938,6.400317,-5.537024,1.041378,1.820825,3.868275,-4.779751,0.317633,2.099947,1.099258,-2.041557,-0.868208,3.916624,2.544989,-2.400553,-0.958465,0.284088,0.500257,-0.779228,-2.424621
1667,3.334000,4.879713,4243.090,1745.153,-8.839121,6.368558,-5.776953,1.086838,1.763641,4.053865,-4.742126,0.577967,2.094277,0.990039,-2.079487,-0.895441,3.790183,2.342986,-2.538197,-0.917948,0.286779,0.522268,-0.951706,-2.476095
1668,3.336000,4.895677,4283.924,1734.671,-8.871998,6.308457,-6.097005,1.151070,1.726470,4.166612,-4.749120,0.837400,2.134428,0.969509,-2.052406,-0.894423,3.660485,2.183262,-2.719272,-0.870808,0.295549,0.547384,-1.093621,-2.430849
1669,3.338000,4.933790,4323.755,1698.731,-8.966578,6.215152,-6.476707,1.236097,1.715262,4.208075,-4.811887,1.063434,2.201501,1.048823,-1.983163,-0.848474,3.544025,2.102524,-2.944466,-0.831650,0.308145,0.579825,-1.197235,-2.301962
1670,3.340000,4.991078,4357.102,1641.007,-9.135337,6.095800,-6.886969,1.340593,1.726567,4.203246,-4.932936,1.248544,2.279424,1.229478,-1.916389,-0.751976,3.449245,2.140613,-3.204436,-0.804302,0.326729,0.630363,-1.268763,-2.105975
1671,3.342000,5.063282,4379.961,1567.859,-9.382889,5.975616,-7.289816,1.463768,1.746738,4.191681,-5.099865,1.413875,2.353623,1.498932,-1.900985,-0.603536,3.373595,2.317163,-3.488248,-0.784319,0.342239,0.706572,-1.326173,-1.854488
1672,3.344000,5.145067,4390.470,1487.402,-9.688566,5.903027,-7.639122,1.617861,1.760209,4.226645,-5.287007,1.597709,2.405742,1.829073,-1.982019,-0.411269,3.298463,2.610942,-3.799078,-0.774647,0.312308,0.790785,-1.418051,-1.572513
1673,3.346000,5.229398,4388.855,1408.693,-10.012690,5.935297,-7.900567,1.830420,1.757003,4.374202,-5.472293,1.829978,2.406711,2.193708,-2.188379,-0.186918,3.198861,2.977132,-4.139558,-0.771415,0.181418,0.861989,-1.596743,-1.283379
1674,3.348000,5.308227,4377.012,1339.688,-10.335640,6.093209,-8.099250,2.108038,1.707320,4.681572,-5.666782,2.108278,2.313929,2.590239,-2.525467,0.072808,3.059549,3.392145,-4.476271,-0.716732,-0.063826,0.943204,-1.865088,-0.971381
1675,3.350000,5.373619,4357.403,1286.167,-10.650085,6.394291,-8.287907,2.457127,1.576014,5.175218,-5.903860,2.413485,2.077385,3.031827,-3.001431,0.374762,2.850801,3.846205,-4.773655,-0.519851,-0.402072,1.079959,-2.204895,-0.610562
1676,3.352000,5.418700,4332.264,1251.681,-10.966743,6.867986,-8.524763,2.891524,1.323279,5.859917,-6.219608,2.751755,1.659435,3.542084,-3.632780,0.734253,2.528206,4.340450,-5.033609,-0.105195,-0.811269,1.307129,-2.618509,-0.187506
1677,3.354000,5.438754,4303.262,1237.734,-11.311121,7.539270,-8.858040,3.427975,0.910469,6.702396,-6.646778,3.159687,1.051964,4.148436,-4.422629,1.173671,2.053296,4.877677,-5.296432,0.548562,-1.290737,1.638083,-3.121728,0.303365
1678,3.356000,5.431860,4271.753,1243.931,-11.604776,8.250816,-9.162795,3.932865,0.461435,7.473532,-7.069213,3.530999,0.408776,4.717976,-5.218562,1.574862,1.538670,5.334429,-5.489833,1.289091,-1.739506,1.985390,-3.600331,0.774369
1679,3.358000,5.398964,4239.219,1268.274,-11.587756,8.577535,-9.050858,4.034457,0.360745,7.699843,-7.113031,3.518019,0.126076,4.872188,-5.620906,1.590490,1.335781,5.381815,-5.308692,1.724867,-1.865870,2.061206,-3.737937,0.943451
1680,3.360000,5.343892,4207.595,1307.494,-11.489237,8.757413,-8.811728,4.037183,0.342138,7.633174,-7.031430,3.412047,-0.047167,4.862197,-5.844372,1.478311,1.219147,5.284639,-4.982238,2.012304,-1.895816,2.062855,-3.724806,0.978854
1681,3.362000,5.273217,4179.778,1357.102,-11.436762,8.893364,-8.592767,4.090980,0.280226,7.455964,-6.930872,3.358823,-0.238666,4.827382,-6.000561,1.376563,1.076844,5.205253,-4.646665,2.237920,-1.947751,2.093340,-3.692815,0.985518
1682,3.364000,5.195396,4159.772,1411.687,-11.429971,8.971592,-8.398989,4.180375,0.176611,7.235935,-6.793284,3.357927,-0.433996,4.785281,-6.075953,1.293148,0.916203,5.155172,-4.351107,2.383391,-2.006716,2.152760,-3.646935,0.972511
1683,3.366000,5.119333,4151.902,1465.855,-11.434980,8.997439,-8.243199,4.271276,0.022006,7.025427,-6.630775,3.404905,-0.610206,4.749862,-6.052680,1.233184,0.740121,5.123273,-4.166133,2.437155,-2.057844,2.244390,-3.579885,0.941886
1684,3.368000,5.052470,4159.567,1516.047,-11.414841,8.978582,-8.146614,4.338487,-0.181117,6.863963,-6.479441,3.496953,-0.744880,4.717278,-5.932867,1.191741,0.552773,5.096395,-4.145057,2.413775,-2.092620,2.358351,-3.499308,0.881774
1685,3.370000,4.999237,4183.973,1561.636,-11.362844,8.909298,-8.124929,4.366933,-0.398211,6.771299,-6.373700,3.611375,-0.827092,4.670770,-5.748408,1.153556,0.366597,5.064212,-4.284342,2.351683,-2.092381,2.475700,-3.423672,0.783149
1686,3.372000,4.960986,4223.172,1603.846,-11.300806,8.779430,-8.176370,4.335540,-0.582509,6.736268,-6.328666,3.695989,-0.859863,4.602261,-5.537713,1.097941,0.190248,5.016022,-4.525507,2.286870,-2.034553,2.579336,-3.368928,0.648471
1687,3.374000,4.937119,4272.373,1643.144,-11.258912,8.591969,-8.275068,4.228315,-0.704305,6.733245,-6.342440,3.696678,-0.858336,4.511907,-5.329072,1.008377,0.025697,4.946978,-4.793941,2.239857,-1.913958,2.661693,-3.341802,0.484188
1688,3.376000,4.926231,4324.857,1677.810,-11.264444,8.368477,-8.391748,4.048603,-0.765595,6.740277,-6.412326,3.594928,-0.839738,4.400073,-5.148235,0.883902,-0.124394,4.861685,-5.034084,2.219452,-1.750356,2.716943,-3.342779,0.305002
1689,3.378000,4.926273,4373.064,1704.612,-11.335105,8.142136,-8.511160,3.815998,-0.795690,6.738946,-6.541704,3.413163,-0.815903,4.259904,-5.025218,0.736914,-0.251098,4.775624,-5.214378,2.226331,-1.578702,2.734192,-3.371957,0.136525
1690,3.380000,4.934383,4410.239,1720.447,-11.468412,7.946805,-8.628137,3.553535,-0.829801,6.711198,-6.727257,3.194677,-0.790827,4.079885,-4.977764,0.583392,-0.336477,4.716311,-5.311203,2.256294,-1.435535,2.706358,-3.429110,0.009248
1691,3.382000,4.946620,4432.363,1724.338,-11.640232,7.809124,-8.736751,3.292621,-0.888762,6.643890,-6.952047,2.987633,-0.764700,3.854911,-4.999556,0.436558,-0.363829,4.708493,-5.312491,2.296774,-1.356036,2.636235,-3.513212,-0.051195
1692,3.384000,4.958758,4438.364,1719.102,-11.814895,7.743764,-8.822576,3.083686,-0.964446,6.543768,-7.184944,2.837683,-0.729259,3.606902,-5.053957,0.310006,-0.323858,4.764575,-5.224773,2.328527,-1.373733,2.525252,-3.636239,-0.048851
1693,3.386000,4.967430,4429.998,1710.482,-11.951019,7.761660,-8.858153,2.990227,-1.019888,6.437515,-7.393610,2.769462,-0.678122,3.367659,-5.110646,0.204789,-0.222086,4.877660,-5.081386,2.329809,-1.510399,2.370936,-3.812032,-0.014493
1694,3.388000,4.971217,4411.070,1705.184,-12.004818,7.848573,-8.802126,3.041286,-0.993061,6.347197,-7.533760,2.773520,-0.591852,3.150753,-5.148651,0.095761,-0.060380,5.018566,-4.915365,2.273936,-1.755613,2.163673,-4.023227,0.010999
1695,3.390000,4.970827,4386.664,1708.723,-11.871340,7.833720,-8.508327,3.085941,-0.721588,6.158429,-7.448368,2.707610,-0.335970,2.837112,-5.046185,-0.150280,0.273323,5.059215,-4.643084,2.059337,-1.970790,1.825646,-4.143528,-0.079372
1696,3.392000,4.968639,4362.454,1723.385,-11.527987,7.577828,-7.930916,2.977254,-0.154063,5.788959,-7.061299,2.475989,0.151722,2.339759,-4.731507,-0.597203,0.848797,4.915227,-4.209026,1.638080,-2.023614,1.329293,-4.077474,-0.365168
1697,3.394000,4.968318,4342.923,1747.154,-11.159946,7.272767,-7.328169,2.870831,0.451771,5.464563,-6.588287,2.282241,0.642860,1.849728,-4.395618,-1.020121,1.472337,4.748343,-3.800436,1.202131,-2.004344,0.881155,-3.954787,-0.720121
1698,3.396000,4.973362,4330.215,1773.760,-10.845340,6.984812,-6.812320,2.799158,0.976364,5.264284,-6.127339,2.190361,1.040405,1.431341,-4.118562,-1.333873,2.041139,4.592125,-3.497988,0.819095,-1.940817,0.572499,-3.830959,-1.089411
1699,3.398000,4.985070,4323.677,1795.143,-10.601604,6.702675,-6.388724,2.744061,1.399278,5.161213,-5.714919,2.180114,1.359020,1.091575,-3.910282,-1.557303,2.508729,4.418890,-3.282741,0.483006,-1.831973,0.401706,-3.683341,-1.443613
1700,3.400000,5.001571,4320.495,1804.778,-10.424024,6.431631,-6.032478,2.702247,1.727164,5.111322,-5.381684,2.207022,1.622366,0.830168,-3.772501,-1.730190,2.832129,4.208295,-3.110428,0.202411,-1.674899,0.355819,-3.466906,-1.737656
1701,3.402000,5.018452,4317.163,1799.919,-10.294990,6.198978,-5.716810,2.679362,1.985389,5.092292,-5.138443,2.205157,1.813810,0.627677,-3.704821,-1.883103,2.989510,3.964577,-2.937407,0.011656,-1.459514,0.420887,-3.145206,-1.923970
1702,3.404000,5.030879,4311.434,1781.291,-10.208991,6.015221,-5.451729,2.649107,2.182108,5.094283,-4.959455,2.144255,1.939423,0.502121,-3.670330,-2.020902,2.979373,3.691516,-2.758765,-0.079347,-1.199740,0.553153,-2.733693,-1.997185
1703,3.406000,5.035586,4303.212,1752.750,-10.173709,5.875476,-5.259946,2.571074,2.302536,5.099709,-4.808311,2.040855,2.043062,0.491244,-3.619781,-2.131139,2.834315,3.403887,-2.599252,-0.101391,-0.927965,0.705824,-2.284966,-1.997783
1704,3.408000,5.031352,4294.234,1721.160,-10.189127,5.779222,-5.142059,2.427932,2.330034,5.080517,-4.675934,1.907242,2.144882,0.582456,-3.543863,-2.206207,2.627654,3.149674,-2.472451,-0.090719,-0.665183,0.861620,-1.851610,-1.981964
1705,3.410000,5.018914,4286.959,1694.763,-10.229023,5.734785,-5.089215,2.216021,2.249272,5.006551,-4.580255,1.735770,2.231601,0.731088,-3.450134,-2.242172,2.451400,2.994709,-2.364446,-0.060900,-0.424419,1.002570,-1.500259,-2.023294
1706,3.412000,5.000473,4283.167,1681.157,-10.247201,5.756104,-5.088446,1.936986,2.040809,4.846006,-4.548962,1.516387,2.275833,0.893077,-3.333971,-2.230700,2.380829,2.986993,-2.254968,-0.014477,-0.228130,1.093209,-1.296393,-2.181120
1707,3.414000,4.979240,4283.439,1685.313,-10.218284,5.835449,-5.132442,1.602990,1.700122,4.590817,-4.587693,1.267926,2.264163,1.040308,-3.188268,-2.172084,2.431304,3.108820,-2.159910,0.032583,-0.104581,1.101778,-1.250385,-2.442317
1708,3.416000,4.959034,4287.427,1707.474,-10.140549,5.957794,-5.215833,1.242349,1.253536,4.261554,-4.689023,1.025856,2.202337,1.159952,-3.018321,-2.071582,2.570741,3.288617,-2.130701,0.045807,-0.079433,1.006300,-1.319570,-2.729813
1709,3.418000,4.943432,4294.735,1742.848,-10.027678,6.111529,-5.326410,0.908154,0.773272,3.911401,-4.832545,0.828491,2.101731,1.231919,-2.859426,-1.954330,2.733801,3.441981,-2.201756,0.018194,-0.140493,0.812359,-1.447438,-2.972532
1710,3.420000,4.934842,4305.295,1783.704,-9.900617,6.286608,-5.444588,0.659866,0.350039,3.601151,-4.991094,0.705726,1.978667,1.246654,-2.738518,-1.844304,2.858206,3.511608,-2.364608,-0.020987,-0.242064,0.559883,-1.583868,-3.126460
1711,3.422000,4.934186,4319.290,1821.832,-9.775864,6.477086,-5.546677,0.532763,0.041707,3.363014,-5.148601,0.664102,1.858062,1.228696,-2.641258,-1.736946,2.920421,3.490766,-2.583620,-0.041102,-0.345224,0.300937,-1.690495,-3.160355
1712,3.424000,4.940693,4336.381,1851.058,-9.663258,6.675043,-5.618940,0.527944,-0.131791,3.209617,-5.299190,0.688069,1.768488,1.221178,-2.539378,-1.614203,2.923319,3.407475,-2.818692,-0.025896,-0.432222,0.076394,-1.752352,-3.058340
1713,3.426000,4.951327,4356.032,1868.337,-9.575595,6.857347,-5.671662,0.616114,-0.180043,3.142387,-5.452645,0.740457,1.719471,1.244439,-2.439662,-1.475997,2.861491,3.285752,-3.050409,0.019979,-0.505244,-0.101094,-1.786975,-2.831017
1714,3.428000,4.960491,4377.530,1874.457,-9.533508,6.998923,-5.717937,0.763966,-0.131351,3.158565,-5.615002,0.799256,1.710525,1.303175,-2.366875,-1.323712,2.732315,3.147142,-3.269252,0.088707,-0.566937,-0.229704,-1.820906,-2.505139
1715,3.430000,4.961857,4399.611,1872.895,-9.563711,7.083893,-5.764183,0.937899,-0.033522,3.246740,-5.779807,0.869031,1.736227,1.393743,-2.347326,-1.158929,2.538975,3.007204,-3.469863,0.174776,-0.617985,-0.304250,-1.871733,-2.116447
1716,3.432000,4.950867,4420.265,1867.562,-9.682824,7.111088,-5.815413,1.103000,0.059596,3.389054,-5.923493,0.973544,1.797106,1.511611,-2.400132,-0.985017,2.293162,2.873715,-3.643976,0.275905,-0.660878,-0.314280,-1.944097,-1.705822
1717,3.434000,4.926416,4436.596,1861.103,-9.884396,7.083200,-5.878524,1.223637,0.108749,3.561543,-6.008202,1.130373,1.901886,1.645426,-2.533700,-0.813371,2.019562,2.747351,-3.773307,0.383859,-0.704262,-0.250839,-2.033841,-1.315667
1718,3.436000,4.890799,4445.395,1854.388,-10.139994,6.988200,-5.946661,1.263961,0.108190,3.723965,-5.989913,1.325778,2.066195,1.762304,-2.734876,-0.665922,1.763090,2.619205,-3.827801,0.474549,-0.753855,-0.121688,-2.129416,-0.990033
1719,3.438000,4.849220,4444.291,1846.885,-10.400923,6.796478,-5.977955,1.186559,0.097601,3.809086,-5.833457,1.499805,2.309468,1.802491,-2.953702,-0.576500,1.593266,2.478250,-3.760918,0.512001,-0.796239,0.039124,-2.209226,-0.778246
1720,3.440000,4.808930,4432.697,1837.801,-10.625351,6.541329,-5.932555,1.013550,0.107920,3.780791,-5.571890,1.600295,2.600033,1.732282,-3.147379,-0.545287,1.562772,2.360482,-3.548320,0.491921,-0.821968,0.207348,-2.264488,-0.707446
1721,3.442000,4.777830,4412.568,1826.418,-10.797117,6.329564,-5.808081,0.836174,0.135676,3.666358,-5.308152,1.612932,2.841626,1.566723,-3.318470,-0.541670,1.669541,2.341967,-3.219602,0.447820,-0.840266,0.392556,-2.306735,-0.760851
1722,3.444000,4.761949,4388.553,1812.739,-10.911648,6.206606,-5.613529,0.720874,0.212915,3.515013,-5.088287,1.536594,2.973658,1.321051,-3.474494,-0.592670,1.868927,2.435228,-2.833791,0.392176,-0.840369,0.613323,-2.318826,-0.888201
1723,3.446000,4.762855,4366.322,1798.332,-10.979519,6.136972,-5.379283,0.683826,0.388088,3.381628,-4.882403,1.391416,2.998246,1.025377,-3.600302,-0.750038,2.103039,2.590748,-2.458599,0.315767,-0.814034,0.863887,-2.280618,-1.039426
1724,3.448000,4.775836,4349.800,1786.541,-11.007687,6.076594,-5.144739,0.706966,0.672449,3.303057,-4.646420,1.200639,2.935910,0.727147,-3.653250,-1.006120,2.347468,2.757768,-2.141608,0.220120,-0.773880,1.104108,-2.202666,-1.192823
1725,3.450000,4.791388,4339.967,1781.036,-11.002533,5.999767,-4.943377,0.759373,1.033493,3.294003,-4.356551,0.985138,2.802527,0.461187,-3.605972,-1.302412,2.596296,2.900210,-1.901755,0.130582,-0.729911,1.299795,-2.099307,-1.340542
1726,3.452000,4.798889,4335.754,1784.897,-10.981716,5.887037,-4.796796,0.808565,1.412714,3.351607,-4.021422,0.768406,2.622191,0.230009,-3.479018,-1.575802,2.833181,2.992934,-1.736139,0.073391,-0.674708,1.448752,-1.970458,-1.476008
1727,3.454000,4.790258,4335.839,1800.086,-10.970055,5.715209,-4.711981,0.831734,1.749082,3.465295,-3.673134,0.571867,2.436122,0.014163,-3.331115,-1.783383,3.034475,3.024154,-1.628906,0.054842,-0.584821,1.563402,-1.814822,-1.588818
1728,3.456000,4.761952,4340.132,1827.064,-10.978598,5.475133,-4.682522,0.825772,1.996464,3.619465,-3.348825,0.408680,2.288929,-0.205857,-3.229634,-1.906080,3.188236,2.989976,-1.565680,0.063713,-0.440156,1.647222,-1.642065,-1.662037
1729,3.458000,4.715282,4349.285,1865.379,-11.000342,5.192301,-4.686566,0.797022,2.121852,3.777853,-3.084765,0.279706,2.215215,-0.417701,-3.209237,-1.946658,3.301218,2.892465,-1.533475,0.087629,-0.243462,1.703951,-1.459911,-1.680121
1730,3.460000,4.656282,4363.683,1912.467,-11.016349,4.929404,-4.689490,0.741549,2.095191,3.875231,-2.927997,0.162268,2.227563,-0.569591,-3.247730,-1.919647,3.392289,2.743011,-1.523150,0.110213,-0.027812,1.757320,-1.247003,-1.629785
1731,3.462000,4.594663,4382.500,1962.113,-11.014136,4.745620,-4.665039,0.658776,1.918331,3.854226,-2.925865,0.017000,2.307910,-0.618050,-3.302346,-1.830882,3.504793,2.583563,-1.517225,0.124418,0.157465,1.817434,-0.987388,-1.517597
1732,3.464000,4.540856,4402.952,2005.545,-11.015517,4.644921,-4.616355,0.560508,1.639389,3.702948,-3.091311,-0.182999,2.414747,-0.567188,-3.359364,-1.689455,3.687498,2.478351,-1.485069,0.145444,0.276380,1.864816,-0.703499,-1.384615
1733,3.466000,4.501623,4420.412,2035.238,-11.063564,4.592923,-4.556518,0.467328,1.323137,3.450954,-3.385124,-0.420241,2.520860,-0.436770,-3.419784,-1.518471,3.947459,2.454399,-1.425048,0.181952,0.323291,1.887368,-0.420867,-1.266511
1734,3.468000,4.477680,4429.818,2048.103,-11.175043,4.580846,-4.466740,0.417346,1.038802,3.160117,-3.727334,-0.637397,2.621373,-0.244844,-3.487349,-1.357587,4.238769,2.486019,-1.371783,0.217219,0.308284,1.876785,-0.171595,-1.188585
1735,3.470000,4.464524,4427.534,2045.932,-11.316105,4.643859,-4.306866,0.451118,0.846258,2.899681,-4.035535,-0.781327,2.704863,-0.014114,-3.571958,-1.265456,4.469127,2.497992,-1.388763,0.213330,0.240193,1.805538,-0.013622,-1.180774
1736,3.472000,4.455468,4412.307,2034.026,-11.432028,4.807495,-4.077115,0.568535,0.773108,2.727933,-4.252489,-0.836005,2.740360,0.239245,-3.664436,-1.283843,4.546243,2.416446,-1.511987,0.158322,0.138916,1.639285,-0.012434,-1.262996
1737,3.474000,4.444654,4385.236,2019.840,-11.487881,5.034334,-3.850743,0.718542,0.802062,2.671011,-4.359367,-0.815030,2.695927,0.522888,-3.706499,-1.391720,4.439669,2.236398,-1.700519,0.089571,0.047577,1.374470,-0.197967,-1.415772
1738,3.476000,4.429170,4348.811,2011.943,-11.463008,5.268277,-3.687440,0.874774,0.895738,2.719627,-4.361799,-0.728394,2.561278,0.834625,-3.663434,-1.554274,4.169333,2.000462,-1.902398,0.013198,-0.027282,1.024122,-0.564962,-1.614280
1739,3.478000,4.410568,4305.216,2018.377,-11.355452,5.462086,-3.597606,1.046716,0.997290,2.833931,-4.279615,-0.580045,2.349279,1.134391,-3.570184,-1.741141,3.798356,1.767966,-2.089104,-0.092239,-0.100510,0.633484,-1.055246,-1.831478
1740,3.480000,4.394101,4256.254,2043.680,-11.168037,5.588508,-3.584080,1.231191,1.037533,2.972399,-4.139068,-0.393120,2.077788,1.374718,-3.484028,-1.922615,3.398066,1.593618,-2.224155,-0.204772,-0.171460,0.261309,-1.579515,-2.028962
1741,3.482000,4.386090,4204.296,2085.267,-10.902645,5.647840,-3.652153,1.427637,0.981160,3.106757,-3.969248,-0.207291,1.758206,1.535232,-3.440245,-2.083769,3.019095,1.513615,-2.278672,-0.278236,-0.242093,-0.068624,-2.077218,-2.184474
1742,3.484000,4.390309,4152.447,2134.132,-10.574172,5.661804,-3.798383,1.653807,0.844398,3.219120,-3.789800,-0.042256,1.409478,1.633366,-3.436654,-2.209569,2.704649,1.554638,-2.238510,-0.274162,-0.317053,-0.358911,-2.529471,-2.306329
1743,3.486000,4.405548,4103.463,2179.865,-10.217241,5.662735,-4.003781,1.932407,0.682920,3.311763,-3.598987,0.112959,1.070176,1.711808,-3.447443,-2.275849,2.487329,1.728976,-2.095706,-0.176550,-0.390978,-0.601672,-2.926610,-2.414927
1744,3.488000,4.425420,4059.253,2215.886,-9.884109,5.665064,-4.257582,2.245340,0.543707,3.389704,-3.391238,0.265999,0.777738,1.801747,-3.452934,-2.279051,2.365428,2.014871,-1.862713,-0.011919,-0.460368,-0.784049,-3.247264,-2.520949
1745,3.490000,4.440325,4021.021,2241.651,-9.629037,5.650985,-4.560898,2.524463,0.435354,3.438741,-3.161173,0.405523,0.555767,1.906148,-3.440404,-2.241693,2.312464,2.354827,-1.580492,0.156425,-0.526170,-0.908797,-3.462877,-2.620744
1746,3.492000,4.440881,3989.622,2260.810,-9.467142,5.618549,-4.884873,2.703747,0.338243,3.422277,-2.901628,0.525518,0.437813,2.038312,-3.365257,-2.163398,2.310733,2.676240,-1.306569,0.261281,-0.580982,-0.987204,-3.537988,-2.680703
1747,3.494000,4.421226,3966.399,2277.653,-9.390748,5.582865,-5.197495,2.751233,0.218293,3.307271,-2.625629,0.623045,0.439213,2.219605,-3.186080,-2.026712,2.333591,2.914024,-1.095736,0.268157,-0.612152,-1.031813,-3.456019,-2.661468
1748,3.496000,4.381313,3953.852,2294.267,-9.400728,5.543694,-5.483457,2.693126,0.094427,3.134668,-2.326328,0.700412,0.524466,2.424536,-2.929810,-1.843077,2.345778,3.049445,-0.942520,0.226913,-0.574457,-1.038958,-3.239867,-2.565589
1749,3.498000,4.327594,3955.355,2308.909,-9.461889,5.523168,-5.703453,2.600553,0.043759,2.989088,-1.978632,0.758010,0.644650,2.601609,-2.655526,-1.643933,2.330926,3.096340,-0.806964,0.224807,-0.402604,-0.965473,-2.897382,-2.380915
1750,3.500000,4.272632,3974.641,2314.935,-9.525652,5.525198,-5.833113,2.517381,0.123058,2.908176,-1.601966,0.765595,0.752758,2.684903,-2.445465,-1.491082,2.273622,3.051735,-0.700806,0.284552,-0.090178,-0.779238,-2.450396,-2.097032
1751,3.502000,4.234405,4014.234,2300.274,-9.573483,5.484556,-5.904620,2.426165,0.337783,2.880964,-1.247541,0.701927,0.854634,2.651710,-2.343635,-1.427603,2.189670,2.916064,-0.681357,0.358171,0.299941,-0.494099,-1.970408,-1.756016
1752,3.504000,4.234754,4071.849,2248.325,-9.598152,5.343559,-5.967550,2.313997,0.667331,2.907244,-0.976156,0.576927,0.983576,2.524803,-2.357079,-1.466900,2.116244,2.719052,-0.793702,0.400155,0.710535,-0.121170,-1.508140,-1.411110
1753,3.506000,4.290773,4137.117,2148.009,-9.602917,5.102559,-6.055559,2.200219,1.060226,2.994639,-0.849432,0.412614,1.142801,2.337255,-2.479980,-1.608381,2.068602,2.493923,-1.058966,0.386667,1.102532,0.329996,-1.070746,-1.094942
1754,3.508000,4.404833,4195.591,2005.443,-9.603111,4.800034,-6.163433,2.110559,1.445957,3.123182,-0.893443,0.225017,1.308598,2.114568,-2.681208,-1.834188,2.045111,2.261252,-1.469824,0.308216,1.437362,0.821262,-0.663218,-0.820135
1755,3.510000,4.561345,4238.176,1843.741,-9.612076,4.493577,-6.267303,2.049214,1.743284,3.234390,-1.103771,0.019721,1.457657,1.890550,-2.893197,-2.091915,2.065623,2.057201,-1.979073,0.166016,1.667473,1.274154,-0.326926,-0.602644
1756,3.512000,4.735626,4264.553,1688.651,-9.607790,4.264876,-6.335446,2.008764,1.885162,3.261041,-1.468256,-0.205778,1.578563,1.706184,-3.041171,-2.306430,2.181138,1.948636,-2.504450,-0.031584,1.743760,1.590552,-0.138462,-0.472068
1757,3.514000,4.905854,4278.856,1556.150,-9.561417,4.172706,-6.345179,1.991390,1.858356,3.188569,-1.940952,-0.431240,1.675274,1.581706,-3.104483,-2.441529,2.406401,1.975310,-2.970148,-0.273538,1.650114,1.718893,-0.141823,-0.441098
1758,3.516000,5.057978,4285.011,1451.612,-9.475969,4.211610,-6.304862,1.998452,1.694515,3.048455,-2.464219,-0.635689,1.745337,1.502294,-3.128778,-2.518245,2.692758,2.120503,-3.326016,-0.539482,1.415120,1.675192,-0.321943,-0.505403
1759,3.518000,5.185044,4285.321,1373.944,-9.377592,4.336076,-6.247206,2.021880,1.447053,2.892763,-2.982050,-0.796127,1.805151,1.466069,-3.153405,-2.566378,2.962593,2.330902,-3.548466,-0.799166,1.083215,1.507606,-0.617475,-0.628840
1760,3.520000,5.285615,4280.991,1318.949,-9.290446,4.500861,-6.207380,2.052071,1.186447,2.786991,-3.433711,-0.880741,1.898850,1.508179,-3.163226,-2.592371,3.150616,2.556242,-3.622896,-1.001755,0.709267,1.278913,-0.934565,-0.735817
1761,3.522000,5.361962,4273.163,1281.662,-9.225370,4.678011,-6.199640,2.078536,0.965543,2.765585,-3.793478,-0.896176,2.040499,1.650429,-3.122120,-2.580366,3.240211,2.780957,-3.549038,-1.104804,0.345920,1.044975,-1.199270,-0.778150
1762,3.524000,5.419035,4263.468,1256.983,-9.204854,4.823130,-6.231971,2.079711,0.793732,2.814780,-4.072835,-0.883288,2.200819,1.867402,-3.025131,-2.518455,3.244747,2.991666,-3.379322,-1.113460,0.035923,0.851016,-1.380438,-0.764918
1763,3.526000,5.464097,4254.226,1239.712,-9.238243,4.899514,-6.300399,2.047361,0.667302,2.913697,-4.287614,-0.875155,2.345701,2.119043,-2.889293,-2.400988,3.190254,3.170951,-3.193087,-1.056078,-0.182870,0.734750,-1.473443,-0.733346
1764,3.528000,5.505603,4248.123,1224.846,-9.311157,4.898649,-6.389801,2.003754,0.591044,3.055219,-4.445807,-0.879435,2.453631,2.376999,-2.736106,-2.237699,3.102074,3.309310,-3.057304,-0.962061,-0.291788,0.716844,-1.484474,-0.709392
1765,3.530000,5.551070,4247.155,1208.337,-9.389754,4.847949,-6.471752,2.001958,0.578121,3.243386,-4.541162,-0.878068,2.507769,2.619808,-2.589992,-2.064052,2.986883,3.392582,-3.024368,-0.876746,-0.320687,0.774563,-1.444655,-0.716352
1766,3.532000,5.605287,4251.593,1187.575,-9.427531,4.793143,-6.532338,2.079365,0.628337,3.473517,-4.561481,-0.839010,2.487052,2.815800,-2.481320,-1.922878,2.848742,3.410924,-3.117308,-0.851074,-0.320324,0.874859,-1.384769,-0.769026
1767,3.534000,5.668754,4259.710,1162.032,-9.399823,4.748887,-6.608355,2.206572,0.701926,3.702337,-4.522644,-0.744474,2.374217,2.924079,-2.436655,-1.831770,2.721419,3.393881,-3.285976,-0.883412,-0.293930,1.041991,-1.273286,-0.824383
1768,3.536000,5.737154,4268.677,1133.517,-9.312389,4.710339,-6.733941,2.342290,0.765938,3.879440,-4.462435,-0.593881,2.187462,2.925638,-2.465186,-1.795350,2.624309,3.370874,-3.447902,-0.941324,-0.239023,1.285760,-1.092984,-0.844437
1769,3.538000,5.803127,4275.863,1105.101,-9.200001,4.669853,-6.907859,2.474220,0.817118,3.984145,-4.413803,-0.392022,1.980775,2.837404,-2.556864,-1.812370,2.539888,3.346162,-3.545285,-0.995741,-0.177341,1.563251,-0.886720,-0.829847
1770,3.540000,5.859081,4279.704,1079.713,-9.108067,4.623151,-7.116771,2.602223,0.856828,4.032825,-4.391045,-0.149118,1.797881,2.692978,-2.690758,-1.861140,2.448108,3.320562,-3.564499,-1.035079,-0.139581,1.826099,-0.710294,-0.784439
1771,3.542000,5.899101,4279.758,1059.966,-9.067992,4.582492,-7.341276,2.732455,0.880589,4.068914,-4.397981,0.117454,1.651696,2.537672,-2.835980,-1.902967,2.335485,3.295430,-3.530794,-1.062944,-0.157630,2.042214,-0.610889,-0.710082
1772,3.544000,5.919484,4276.396,1048.913,-9.074470,4.587267,-7.548506,2.870534,0.885718,4.143687,-4.433273,0.383848,1.531762,2.416087,-2.959775,-1.908087,2.189259,3.272813,-3.481402,-1.086330,-0.262897,2.195536,-0.610121,-0.607670
1773,3.546000,5.917945,4270.619,1050.338,-9.113335,4.676278,-7.710270,3.017051,0.871191,4.297322,-4.493184,0.635652,1.421789,2.362643,-3.042125,-1.869323,2.002012,3.268370,-3.440588,-1.102175,-0.476970,2.289811,-0.693724,-0.479103
1774,3.548000,5.893176,4263.893,1068.635,-9.194962,4.853878,-7.808753,3.174952,0.830916,4.543504,-4.572488,0.880692,1.312921,2.385793,-3.086903,-1.803329,1.771897,3.296614,-3.424884,-1.094755,-0.793931,2.345670,-0.824245,-0.329877
1775,3.550000,5.845312,4257.911,1108.082,-9.346914,5.097330,-7.839453,3.352355,0.754269,4.876250,-4.666910,1.146394,1.205084,2.471184,-3.119455,-1.737039,1.503999,3.366458,-3.451363,-1.041752,-1.182170,2.389305,-0.964429,-0.166771
1776,3.552000,5.777506,4254.396,1170.400,-9.582476,5.377260,-7.823036,3.542506,0.632407,5.274330,-4.778399,1.451552,1.099365,2.600212,-3.169469,-1.691139,1.216622,3.490121,-3.529946,-0.926123,-1.602327,2.434313,-1.095602,0.004001
1777,3.554000,5.698003,4254.667,1251.466,-9.888771,5.672788,-7.799091,3.721927,0.462992,5.702835,-4.911387,1.794519,0.986423,2.752946,-3.268028,-1.671607,0.940081,3.678884,-3.662838,-0.736453,-2.006627,2.482794,-1.229296,0.171250
1778,3.556000,5.620994,4258.752,1339.226,-10.227730,5.981246,-7.817778,3.864640,0.261035,6.137852,-5.061307,2.168426,0.854437,2.916707,-3.449456,-1.673058,0.704924,3.935843,-3.847624,-0.461547,-2.339466,2.538274,-1.395661,0.320318
1779,3.558000,5.565687,4264.611,1413.565,-10.558151,6.327658,-7.929942,3.971748,0.042647,6.587271,-5.229156,2.580408,0.694859,3.107762,-3.736733,-1.658229,0.528998,4.266692,-4.078368,-0.085459,-2.556200,2.615168,-1.619626,0.446446
1780,3.560000,5.551726,4268.520,1451.290,-10.852549,6.747851,-8.164858,4.079338,-0.182431,7.078875,-5.432932,3.041911,0.509239,3.363059,-4.134738,-1.572396,0.402413,4.676699,-4.353827,0.384498,-2.659037,2.725938,-1.905085,0.566736
1781,3.562000,5.588338,4267.380,1439.377,-11.101767,7.219275,-8.517082,4.188497,-0.417581,7.593029,-5.689814,3.517691,0.311371,3.689066,-4.612002,-1.391199,0.302699,5.148627,-4.658192,0.897318,-2.687644,2.869115,-2.221699,0.711614
1782,3.564000,5.667232,4260.859,1384.154,-11.292733,7.671941,-8.935485,4.255324,-0.652699,8.066054,-5.974573,3.936667,0.131795,4.043391,-5.093419,-1.137465,0.223542,5.629791,-4.951565,1.367387,-2.678831,3.022228,-2.514629,0.876592
1783,3.566000,5.768212,4250.873,1305.277,-11.373342,7.974646,-9.292694,4.180578,-0.798517,8.380556,-6.165726,4.184468,0.056854,4.296803,-5.441717,-0.925251,0.232953,6.001201,-5.121767,1.660312,-2.590662,3.090049,-2.670655,0.950785
1784,3.568000,5.870044,4239.748,1222.939,-11.348860,8.095014,-9.546366,3.960142,-0.838299,8.509772,-6.219558,4.239718,0.085451,4.402413,-5.611117,-0.801095,0.341663,6.237074,-5.129805,1.748077,-2.438498,3.046252,-2.661602,0.873354
1785,3.570000,5.957128,4228.956,1150.748,-11.306131,8.153088,-9.781713,3.716073,-0.887513,8.556850,-6.232615,4.203276,0.097482,4.464571,-5.687161,-0.683120,0.460115,6.442964,-5.069432,1.750118,-2.338475,2.981989,-2.585737,0.708350
1786,3.572000,6.020916,4219.053,1095.134,-11.166029,8.070610,-9.855719,3.349050,-0.840237,8.422899,-6.095438,3.968526,0.196589,4.407839,-5.561619,-0.681902,0.688841,6.527752,-4.880596,1.605825,-2.232732,2.815385,-2.396573,0.390083
1787,3.574000,6.058224,4210.113,1057.583,-10.863044,7.786686,-9.649527,2.776031,-0.601556,8.033484,-5.716208,3.457290,0.486284,4.171869,-5.139622,-0.896469,1.114153,6.395537,-4.509064,1.237477,-2.039365,2.464828,-2.023841,-0.135624
1788,3.576000,6.070323,4202.076,1036.324,-10.547156,7.479272,-9.353065,2.187081,-0.365347,7.574198,-5.278870,2.872060,0.804131,3.943597,-4.591610,-1.152299,1.586726,6.211207,-4.101783,0.813773,-1.853009,2.100028,-1.580230,-0.692040
1789,3.578000,6.063881,4194.941,1026.616,-10.280420,7.193027,-9.055943,1.668357,-0.205774,7.116327,-4.864208,2.308856,1.071228,3.790665,-4.011167,-1.356942,2.047663,6.074147,-3.706196,0.437322,-1.699472,1.831222,-1.136064,-1.150971
1790,3.580000,6.051510,4188.917,1021.238,-10.054371,6.916350,-8.780682,1.242435,-0.104348,6.667833,-4.492353,1.791719,1.260903,3.692031,-3.440885,-1.507284,2.487804,5.997621,-3.316578,0.121017,-1.564330,1.670645,-0.710384,-1.475760
1791,3.582000,6.050296,4184.471,1011.959,-9.837596,6.640672,-8.534978,0.912321,-0.016014,6.228515,-4.182444,1.328730,1.365193,3.593354,-2.921869,-1.631099,2.891374,5.945339,-2.944914,-0.150477,-1.439873,1.586210,-0.321886,-1.664028
1792,3.584000,6.077309,4182.102,991.917,-9.602079,6.370330,-8.328031,0.674940,0.099322,5.811411,-3.964554,0.924098,1.396966,3.441253,-2.501377,-1.749256,3.234301,5.863729,-2.625030,-0.386617,-1.325587,1.541034,0.002511,-1.723445
1793,3.586000,6.141323,4181.969,958.788,-9.341237,6.108727,-8.163601,0.509807,0.260813,5.442977,-3.856808,0.573792,1.380731,3.213265,-2.206737,-1.876916,3.501892,5.720804,-2.378521,-0.589922,-1.209001,1.524750,0.240517,-1.682448
1794,3.588000,6.237015,4183.657,916.281,-9.078661,5.843997,-8.046807,0.373389,0.454023,5.145669,-3.854854,0.272049,1.334921,2.921378,-2.036927,-2.024647,3.694917,5.516539,-2.208485,-0.773184,-1.071893,1.545860,0.373650,-1.598872
1795,3.590000,6.347887,4186.398,871.517,-8.838816,5.567419,-7.984452,0.224420,0.652329,4.927358,-3.930305,0.028348,1.278369,2.594535,-1.978169,-2.191906,3.813395,5.256562,-2.101954,-0.947834,-0.902645,1.604815,0.397540,-1.530932
1796,3.592000,6.455246,4189.470,830.359,-8.640125,5.282037,-7.976344,0.048280,0.839680,4.790318,-4.029051,-0.139339,1.231316,2.265306,-2.004805,-2.358869,3.853827,4.947573,-2.028857,-1.116393,-0.713880,1.680468,0.327475,-1.517276
1797,3.594000,6.545631,4192.358,795.096,-8.494051,5.004098,-8.011781,-0.141902,1.007509,4.730362,-4.089166,-0.218581,1.215909,1.961296,-2.089413,-2.506105,3.806556,4.599153,-1.954080,-1.270926,-0.538622,1.739265,0.186776,-1.578812
1798,3.596000,6.613727,4194.645,764.934,-8.414883,4.739821,-8.088558,-0.332618,1.137954,4.720488,-4.080059,-0.224123,1.244403,1.694522,-2.218740,-2.636135,3.654167,4.222752,-1.853643,-1.395286,-0.411044,1.754803,0.003109,-1.716888
1799,3.598000,6.662622,4195.946,737.167,-8.428173,4.469001,-8.216641,-0.516835,1.216174,4.718823,-4.023434,-0.214779,1.303437,1.465154,-2.383994,-2.759570,3.387573,3.831932,-1.737329,-1.487447,-0.351735,1.725543,-0.185358,-1.909104
1800,3.600000,6.703135,4195.814,708.166,-8.542145,4.182199,-8.389420,-0.675709,1.252648,4.692282,-3.964172,-0.259759,1.369976,1.275223,-2.571738,-2.882156,3.021889,3.454579,-1.635169,-1.561702,-0.360718,1.669484,-0.349184,-2.130109
1801,3.602000,6.750782,4193.827,674.813,-8.714948,3.922693,-8.563473,-0.771286,1.273060,4.620533,-3.933112,-0.388109,1.443739,1.151794,-2.748107,-2.992161,2.609697,3.145689,-1.560162,-1.619726,-0.409275,1.615940,-0.476345,-2.358102
1802,3.604000,6.818758,4189.960,636.403,-8.857881,3.782640,-8.666346,-0.739573,1.328902,4.523322,-3.911818,-0.555505,1.574043,1.168033,-2.845326,-3.050586,2.242769,2.980200,-1.490086,-1.632203,-0.438371,1.613536,-0.542252,-2.542405
1803,3.606000,6.910527,4184.796,595.692,-8.900180,3.821690,-8.659653,-0.546501,1.453522,4.432052,-3.873063,-0.693022,1.804885,1.379232,-2.816379,-3.034736,1.994124,2.991715,-1.409970,-1.583561,-0.414973,1.686656,-0.541809,-2.639518
1804,3.608000,7.017182,4179.329,557.700,-8.843878,4.002333,-8.582558,-0.242745,1.610219,4.336352,-3.849833,-0.788914,2.088903,1.733112,-2.704072,-2.989387,1.864112,3.131022,-1.343169,-1.509040,-0.374002,1.797869,-0.534509,-2.674967
1805,3.610000,7.121688,4174.401,527.049,-8.715086,4.262369,-8.481877,0.091217,1.744308,4.227776,-3.875400,-0.838150,2.353919,2.138275,-2.572338,-2.957561,1.836392,3.333986,-1.296466,-1.436148,-0.348081,1.917393,-0.563028,-2.675460
1806,3.612000,7.205913,4170.423,506.309,-8.541563,4.553076,-8.388356,0.382878,1.822217,4.119012,-3.940530,-0.816066,2.554056,2.513778,-2.475951,-2.951234,1.894521,3.553343,-1.256058,-1.365781,-0.331072,2.044579,-0.615252,-2.637256
1807,3.614000,7.255065,4167.429,496.266,-8.352427,4.846494,-8.320578,0.583522,1.839494,4.028606,-4.013700,-0.707542,2.669174,2.804011,-2.451739,-2.952347,2.016129,3.757808,-1.209525,-1.287115,-0.292185,2.189603,-0.645608,-2.545564
1808,3.616000,7.258895,4165.329,497.153,-8.179278,5.129390,-8.281324,0.680040,1.811991,3.969608,-4.071404,-0.519780,2.704102,2.994332,-2.505319,-2.923493,2.177608,3.933279,-1.156663,-1.192144,-0.209091,2.354037,-0.614387,-2.389788
1809,3.618000,7.211263,4164.043,509.727,-8.057730,5.386799,-8.252139,0.689342,1.766832,3.948439,-4.102612,-0.280659,2.680259,3.093916,-2.629205,-2.851440,2.343705,4.075167,-1.103440,-1.078692,-0.082646,2.523963,-0.515767,-2.182406
1810,3.620000,7.109303,4163.547,535.851,-7.983341,5.592336,-8.154627,0.627682,1.767244,3.942394,-4.077106,-0.052476,2.648118,3.087630,-2.798503,-2.785515,2.482956,4.146126,-1.059932,-0.986896,0.061576,2.644915,-0.373660,-1.978984
1811,3.622000,6.953163,4163.875,578.654,-7.904678,5.683443,-7.873597,0.469847,1.907210,3.888360,-3.931487,0.073960,2.693014,2.925655,-2.950764,-2.810098,2.607135,4.083101,-1.014429,-0.984463,0.208403,2.643759,-0.197784,-1.847625
1812,3.624000,6.746761,4165.079,642.085,-7.862931,5.673564,-7.455699,0.258881,2.134619,3.808238,-3.719277,0.117001,2.795099,2.662122,-3.092855,-2.886219,2.691662,3.935958,-0.992912,-1.031706,0.318658,2.549642,-0.020720,-1.774395
1813,3.626000,6.499638,4167.109,729.594,-7.905321,5.619411,-6.994892,0.061894,2.361185,3.750837,-3.519661,0.128880,2.896663,2.378271,-3.251001,-2.947865,2.700339,3.765144,-1.035741,-1.076710,0.347352,2.410326,0.111136,-1.725097
1814,3.628000,6.231939,4169.522,840.470,-8.010017,5.548401,-6.542924,-0.103478,2.554464,3.715001,-3.360130,0.110329,2.973510,2.113070,-3.398678,-2.980772,2.641997,3.579000,-1.145034,-1.116651,0.291072,2.241883,0.176298,-1.681940
1815,3.630000,5.983004,4171.032,961.295,-8.113894,5.482755,-6.159892,-0.245009,2.694797,3.686662,-3.261075,0.038425,3.002933,1.899012,-3.489550,-2.996937,2.542587,3.382327,-1.304041,-1.160687,0.172371,2.057643,0.164741,-1.628904
1816,3.632000,5.813031,4169.703,1057.119,-8.135109,5.446075,-5.920750,-0.382506,2.774445,3.662363,-3.244274,-0.113357,2.972236,1.769501,-3.486744,-3.025647,2.429738,3.206076,-1.481174,-1.220050,0.021995,1.875243,0.076826,-1.570090
1817,3.634000,5.775812,4165.073,1085.496,-8.024762,5.455260,-5.878136,-0.528567,2.800657,3.643426,-3.315525,-0.338676,2.902800,1.741149,-3.388425,-3.091326,2.326296,3.099561,-1.636035,-1.303734,-0.132255,1.714842,-0.069704,-1.535767
1818,3.636000,5.871842,4159.854,1038.709,-7.811880,5.504168,-6.023048,-0.670337,2.782241,3.622317,-3.455428,-0.588826,2.827967,1.789624,-3.217914,-3.177369,2.252221,3.086347,-1.739273,-1.403074,-0.270792,1.584410,-0.245500,-1.548771
1819,3.638000,6.048424,4157.031,950.327,-7.572465,5.568688,-6.299446,-0.778290,2.725860,3.591098,-3.637855,-0.812371,2.758254,1.868822,-2.997800,-3.233475,2.228787,3.153579,-1.783420,-1.498093,-0.387165,1.478555,-0.419048,-1.604439
1820,3.640000,6.246634,4157.159,856.579,-7.377501,5.616920,-6.653885,-0.834453,2.636766,3.551719,-3.847583,-0.987370,2.679690,1.944095,-2.754298,-3.225469,2.265580,3.271340,-1.780764,-1.576452,-0.488439,1.386490,-0.565318,-1.681822
1821,3.642000,6.427984,4159.392,776.318,-7.276501,5.617716,-7.047817,-0.834346,2.520836,3.516419,-4.070624,-1.104127,2.578419,2.007110,-2.519311,-3.146771,2.357697,3.406358,-1.759339,-1.635399,-0.583236,1.300672,-0.671285,-1.758377
1822,3.644000,6.571865,4162.757,715.588,-7.300385,5.550919,-7.453983,-0.781935,2.388111,3.500111,-4.290499,-1.152976,2.450202,2.069947,-2.325318,-3.009900,2.482638,3.531514,-1.746975,-1.677863,-0.683241,1.215802,-0.732363,-1.811660
1823,3.646000,6.668111,4166.556,674.773,-7.460856,5.421450,-7.845923,-0.681160,2.247684,3.507297,-4.496224,-1.131436,2.290963,2.141332,-2.207192,-2.838136,2.601754,3.628735,-1.764843,-1.711552,-0.803580,1.127296,-0.757081,-1.826116
1824,3.648000,6.712242,4170.336,652.473,-7.746696,5.267327,-8.190722,-0.530861,2.099080,3.527776,-4.687106,-1.053011,2.087753,2.214969,-2.199682,-2.662333,2.663618,3.688485,-1.818409,-1.730750,-0.941940,1.046259,-0.755570,-1.786552
1825,3.650000,6.702735,4173.741,647.339,-8.120823,5.157537,-8.448955,-0.321527,1.934017,3.547586,-4.869784,-0.943375,1.826231,2.279032,-2.326125,-2.510904,2.619590,3.715745,-1.885811,-1.699329,-1.059534,1.012430,-0.725464,-1.675346
1826,3.652000,6.639926,4176.408,658.703,-8.535818,5.165370,-8.591960,-0.040951,1.745486,3.574651,-5.033819,-0.801662,1.528804,2.358130,-2.564655,-2.383258,2.442524,3.727269,-1.931081,-1.573734,-1.109344,1.063243,-0.677191,-1.496149
1827,3.654000,6.525721,4177.843,686.684,-8.963520,5.330820,-8.624278,0.314254,1.527592,3.636286,-5.164249,-0.615942,1.225322,2.488128,-2.869974,-2.261326,2.122192,3.735605,-1.939189,-1.343870,-1.079849,1.202359,-0.644947,-1.272755
1828,3.656000,6.364283,4177.347,732.095,-9.407463,5.643081,-8.586039,0.736015,1.275356,3.762237,-5.267699,-0.397610,0.906277,2.667183,-3.217955,-2.127275,1.667127,3.758267,-1.924627,-1.037197,-0.999768,1.412280,-0.656182,-1.012832
1829,3.658000,6.164598,4173.994,795.436,-9.894033,6.047112,-8.552900,1.184612,0.960456,3.959625,-5.379538,-0.170430,0.533611,2.858932,-3.615806,-1.963793,1.105194,3.820060,-1.934378,-0.699543,-0.917865,1.677341,-0.721961,-0.708711
1830,3.660000,5.945731,4166.901,873.630,-10.424527,6.504756,-8.595408,1.618147,0.547453,4.220798,-5.543411,0.068912,0.087745,3.046411,-4.068100,-1.735916,0.490274,3.954801,-2.029770,-0.359748,-0.881116,1.995478,-0.845200,-0.342571
1831,3.662000,5.743478,4156.357,954.053,-10.969427,7.007623,-8.769039,2.023988,0.010084,4.527161,-5.821259,0.342202,-0.437404,3.252147,-4.571259,-1.407681,-0.120079,4.203015,-2.269062,-0.028255,-0.961435,2.361940,-1.042969,0.098889
1832,3.664000,5.609979,4145.729,1011.075,-11.511134,7.551523,-9.129195,2.449085,-0.653349,4.899668,-6.266427,0.696064,-1.063373,3.529483,-5.135018,-0.986433,-0.730965,4.598759,-2.688887,0.315465,-1.246214,2.797719,-1.327580,0.611342
1833,3.666000,5.590168,4140.881,1018.714,-12.069335,8.134264,-9.735437,2.988935,-1.425693,5.422556,-6.896096,1.201044,-1.831212,3.935626,-5.784438,-0.504379,-1.404674,5.156921,-3.298977,0.722404,-1.783892,3.351846,-1.692611,1.158847
1834,3.668000,5.685323,4144.218,976.622,-12.329647,8.310369,-10.133696,3.258255,-1.811113,5.717374,-7.245228,1.451963,-2.323245,4.076887,-6.095573,-0.375547,-1.774067,5.473946,-3.705249,0.852969,-2.223620,3.679914,-1.823603,1.371203
1835,3.670000,5.851415,4152.148,910.713,-12.247056,8.081477,-10.195681,3.261562,-1.696519,5.777195,-7.210443,1.428167,-2.455501,3.934149,-5.992177,-0.582267,-1.782217,5.511842,-3.853646,0.691281,-2.517320,3.729754,-1.754030,1.219409
1836,3.672000,6.034083,4160.225,847.683,-12.095669,7.866900,-10.207313,3.399837,-1.410823,5.969314,-7.104586,1.502962,-2.506839,3.856482,-5.780785,-0.727916,-1.684784,5.592880,-3.998578,0.529273,-2.861997,3.737655,-1.757062,0.962418
1837,3.674000,6.194875,4166.495,800.949,-11.950869,7.658537,-10.198803,3.633360,-1.022272,6.250250,-6.978113,1.656179,-2.480790,3.824636,-5.517572,-0.782636,-1.492047,5.728008,-4.133390,0.385175,-3.194850,3.712519,-1.844630,0.664188
1838,3.676000,6.313512,4170.783,773.826,-11.848642,7.462405,-10.198311,3.895656,-0.612066,6.563951,-6.863240,1.875678,-2.358114,3.833925,-5.244740,-0.756733,-1.252315,5.896293,-4.233943,0.294318,-3.449121,3.678120,-1.999198,0.368982
1839,3.678000,6.381120,4173.531,765.979,-11.750189,7.354794,-10.192114,4.139961,-0.263865,6.861418,-6.753099,2.192046,-2.075193,3.932997,-4.958782,-0.661213,-1.031189,6.051085,-4.273459,0.309001,-3.557143,3.681317,-2.187069,0.094961
1840,3.680000,6.394754,4175.312,776.788,-11.627121,7.380756,-10.186281,4.311551,-0.070717,7.070961,-6.677936,2.570518,-1.638892,4.135593,-4.658228,-0.513745,-0.888532,6.117152,-4.288151,0.408342,-3.521866,3.749065,-2.365829,-0.124075
1841,3.682000,6.355199,4176.715,806.376,-11.479286,7.546310,-10.182653,4.388672,-0.069368,7.149047,-6.682966,2.917435,-1.143341,4.398823,-4.347532,-0.312580,-0.814803,6.060348,-4.340284,0.514457,-3.419508,3.869414,-2.488738,-0.215780
1842,3.684000,6.266735,4178.343,855.597,-11.327847,7.829805,-10.166086,4.394516,-0.211196,7.133525,-6.749589,3.180776,-0.694552,4.646379,-4.061813,-0.076123,-0.755725,5.921000,-4.431170,0.608143,-3.301331,4.012896,-2.556848,-0.168643
1843,3.686000,6.137799,4180.800,925.219,-11.219189,8.165392,-10.136507,4.355213,-0.417577,7.108835,-6.802065,3.382935,-0.351986,4.821364,-3.847470,0.148130,-0.673293,5.751040,-4.534313,0.711534,-3.185210,4.143874,-2.611751,-0.037037
1844,3.688000,5.982192,4184.625,1013.942,-11.186829,8.482691,-10.103809,4.279084,-0.638069,7.138566,-6.769031,3.590824,-0.103560,4.944821,-3.703507,0.331911,-0.555618,5.573011,-4.643763,0.823983,-3.096971,4.227306,-2.684551,0.135376
1845,3.690000,5.819465,4190.024,1115.746,-11.235931,8.732836,-10.071205,4.172961,-0.853029,7.238941,-6.631359,3.843547,0.069625,5.050656,-3.621441,0.461076,-0.411416,5.403142,-4.745048,0.943291,-3.057019,4.246356,-2.783198,0.317215
1846,3.692000,5.671728,4196.539,1218.773,-11.354197,8.884753,-10.038065,4.050488,-1.056819,7.391041,-6.417574,4.135864,0.172320,5.144588,-3.604400,0.528177,-0.272144,5.261942,-4.814850,1.069435,-3.072538,4.206760,-2.897653,0.474043
1847,3.694000,5.555784,4203.113,1309.125,-11.519539,8.927853,-9.999312,3.935954,-1.240299,7.566737,-6.176831,4.436238,0.208552,5.203715,-3.655115,0.534048,-0.188199,5.168219,-4.841601,1.186903,-3.144704,4.119068,-3.014115,0.568413
1848,3.696000,5.475299,4208.939,1378.446,-11.699400,8.884409,-9.937874,3.862029,-1.388178,7.741601,-5.962354,4.698414,0.185623,5.190063,-3.769521,0.488436,-0.201061,5.136731,-4.826284,1.271127,-3.265858,3.985428,-3.129176,0.567321
1849,3.698000,5.421529,4214.330,1427.643,-11.868275,8.786886,-9.847116,3.839714,-1.496909,7.887293,-5.828410,4.871648,0.116769,5.077511,-3.937536,0.409217,-0.310625,5.180896,-4.774137,1.306623,-3.418231,3.804858,-3.244382,0.460255
1850,3.700000,5.381680,4220.829,1463.101,-12.020882,8.652649,-9.745614,3.843875,-1.574987,7.970097,-5.815290,4.916618,0.029723,4.874265,-4.140597,0.316086,-0.473219,5.306937,-4.693402,1.291310,-3.586293,3.578570,-3.363985,0.259478
1851,3.702000,5.346947,4230.094,1490.722,-12.155677,8.494989,-9.655720,3.831911,-1.627929,7.966256,-5.929958,4.810038,-0.040814,4.620666,-4.346882,0.221220,-0.629742,5.520634,-4.576620,1.245912,-3.755160,3.324440,-3.484284,-0.011365
1852,3.704000,5.315609,4242.702,1512.503,-12.251661,8.351734,-9.564644,3.783140,-1.656450,7.867033,-6.143571,4.547202,-0.083331,4.350873,-4.530736,0.115412,-0.745037,5.817624,-4.411916,1.209243,-3.888360,3.097247,-3.571699,-0.298682
1853,3.706000,5.290982,4257.145,1526.967,-12.274739,8.290014,-9.420696,3.729710,-1.663624,7.681177,-6.405811,4.155073,-0.124624,4.062645,-4.701430,-0.029968,-0.827633,6.147188,-4.233007,1.204378,-3.932687,2.967486,-3.579266,-0.515008
1854,3.708000,5.276869,4269.964,1531.669,-12.227877,8.327599,-9.223061,3.693264,-1.673632,7.429081,-6.679171,3.682563,-0.196215,3.761758,-4.873780,-0.228475,-0.891042,6.444616,-4.099982,1.221431,-3.860957,2.973286,-3.487785,-0.594482
1855,3.710000,5.273179,4277.176,1526.394,-12.149470,8.426140,-9.014565,3.668174,-1.705262,7.153627,-6.932996,3.194400,-0.297269,3.492246,-5.030011,-0.451918,-0.917740,6.674422,-4.045019,1.236880,-3.694392,3.093577,-3.326920,-0.533365
1856,3.712000,5.274235,4276.264,1514.359,-12.077717,8.544090,-8.828227,3.647774,-1.745611,6.917809,-7.133265,2.753625,-0.413349,3.296326,-5.140402,-0.657660,-0.889421,6.829400,-4.051626,1.240485,-3.479078,3.269037,-3.157308,-0.374827
1857,3.714000,5.270646,4266.937,1500.928,-12.016439,8.677151,-8.673252,3.635891,-1.759641,6.773520,-7.253208,2.403891,-0.540143,3.190783,-5.174730,-0.810543,-0.823894,6.913285,-4.069821,1.242275,-3.251148,3.449183,-3.024539,-0.159232
1858,3.716000,5.252940,4250.778,1491.531,-11.944216,8.839335,-8.555468,3.637191,-1.726343,6.726117,-7.292569,2.161964,-0.690243,3.164937,-5.117485,-0.898603,-0.781351,6.921604,-4.056772,1.243718,-3.042051,3.601560,-2.948396,0.077351
1859,3.718000,5.214296,4230.897,1491.162,-11.853945,9.020077,-8.479593,3.657616,-1.657416,6.734405,-7.280049,2.029832,-0.878599,3.183193,-4.997766,-0.938255,-0.819435,6.845511,-4.012968,1.218915,-2.885140,3.700696,-2.933006,0.285557
1860,3.720000,5.151794,4211.862,1504.674,-11.770907,9.173902,-8.444944,3.700591,-1.582468,6.755092,-7.250639,2.004526,-1.101818,3.210990,-4.876111,-0.953554,-0.945563,6.692654,-3.971286,1.151893,-2.791593,3.726893,-2.963408,0.427968
1861,3.722000,5.067454,4199.470,1535.935,-11.730394,9.247957,-8.453678,3.758705,-1.527945,6.772838,-7.225492,2.078829,-1.338431,3.233073,-4.797953,-0.949844,-1.116614,6.489674,-3.966016,1.068305,-2.736415,3.673443,-3.005955,0.510436
1862,3.724000,4.969518,4200.024,1585.441,-11.752452,9.211800,-8.510540,3.816752,-1.511505,6.794573,-7.206213,2.241537,-1.562961,3.245805,-4.770468,-0.913436,-1.275527,6.263306,-4.020941,1.011974,-2.686986,3.549335,-3.025978,0.560413
1863,3.726000,4.872199,4218.471,1647.372,-11.838225,9.062559,-8.617297,3.854666,-1.542370,6.835225,-7.179341,2.476100,-1.751288,3.247430,-4.767787,-0.826666,-1.380303,6.028468,-4.143320,1.019706,-2.622386,3.384180,-2.997998,0.600960
1864,3.728000,4.792116,4254.881,1708.886,-11.971018,8.805721,-8.764419,3.837095,-1.615814,6.889632,-7.123821,2.741983,-1.877494,3.232801,-4.748752,-0.693573,-1.408280,5.788606,-4.318460,1.100579,-2.533156,3.217017,-2.902677,0.638406
1865,3.730000,4.742836,4300.808,1754.268,-12.109941,8.441055,-8.917703,3.708493,-1.696799,6.910380,-7.018551,2.954473,-1.909399,3.197762,-4.662877,-0.549752,-1.334210,5.546774,-4.500927,1.223700,-2.414407,3.072673,-2.727678,0.656869
1866,3.732000,4.730107,4340.384,1772.929,-12.204118,8.020688,-9.044127,3.450051,-1.752582,6.850907,-6.883089,3.035153,-1.838084,3.176587,-4.482941,-0.415721,-1.146090,5.334684,-4.646859,1.344059,-2.291763,2.959109,-2.497627,0.635587
1867,3.734000,4.750512,4357.869,1764.754,-12.184391,7.723531,-9.080829,3.163690,-1.746340,6.751208,-6.747281,2.991538,-1.680472,3.258514,-4.203120,-0.243118,-0.852358,5.217844,-4.731543,1.446570,-2.224832,2.860945,-2.298743,0.548049
1868,3.736000,4.794224,4345.026,1738.264,-11.967978,7.749396,-8.905966,2.996161,-1.614575,6.688487,-6.580765,2.891858,-1.431710,3.506752,-3.812025,0.027356,-0.462975,5.218446,-4.730281,1.543360,-2.238373,2.740785,-2.215912,0.366720
1869,3.738000,4.849250,4303.232,1704.600,-11.626457,8.037897,-8.573103,2.900815,-1.427902,6.608476,-6.422688,2.729958,-1.152951,3.847626,-3.383850,0.345760,-0.054066,5.255498,-4.658832,1.646556,-2.286936,2.614700,-2.220840,0.160590
1870,3.740000,4.905013,4240.529,1672.869,-11.241680,8.439697,-8.169775,2.781343,-1.240645,6.442849,-6.302243,2.486477,-0.888948,4.170616,-2.992834,0.614797,0.307023,5.229294,-4.533041,1.747894,-2.289732,2.518646,-2.219332,0.008060
1871,3.742000,4.955041,4167.351,1648.072,-10.714088,8.737186,-7.582493,2.474843,-0.899078,6.042850,-6.072979,2.037766,-0.504654,4.271861,-2.529510,0.636012,0.738034,4.970137,-4.211973,1.700682,-2.050121,2.338794,-2.015831,-0.198886
1872,3.744000,4.996560,4094.232,1632.495,-10.101781,8.929720,-6.932147,2.065413,-0.465966,5.513299,-5.790148,1.511920,-0.054509,4.211164,-2.066166,0.481623,1.177005,4.580921,-3.782937,1.556647,-1.645790,2.125644,-1.696877,-0.405572
1873,3.746000,5.028954,4030.966,1626.901,-9.513370,9.079200,-6.390683,1.711068,-0.061888,5.032274,-5.563263,1.092057,0.360237,4.116297,-1.722758,0.296769,1.516663,4.219238,-3.419731,1.408497,-1.252161,1.946930,-1.442244,-0.547244
1874,3.748000,5.053234,3985.890,1630.172,-8.967083,9.144365,-5.971196,1.433245,0.307914,4.630364,-5.393395,0.790834,0.746110,3.979330,-1.489496,0.085256,1.769373,3.901622,-3.158806,1.250130,-0.909165,1.776741,-1.271791,-0.683944
1875,3.750000,5.071183,3964.807,1639.343,-8.486626,9.080513,-5.656161,1.210462,0.630330,4.295963,-5.264340,0.579712,1.108469,3.788508,-1.327473,-0.170018,1.957925,3.631120,-2.979344,1.088931,-0.628209,1.613945,-1.153427,-0.861991
1876,3.752000,5.084200,3969.415,1650.352,-8.103352,8.869848,-5.425448,1.011516,0.889325,4.005119,-5.147439,0.423205,1.447687,3.552238,-1.211797,-0.480423,2.102772,3.404030,-2.842854,0.932304,-0.411484,1.462647,-1.057172,-1.091325
1877,3.754000,5.092679,3996.650,1659.195,-7.845827,8.531574,-5.276498,0.813895,1.072738,3.742541,-5.013680,0.296395,1.751069,3.297263,-1.150102,-0.830162,2.216648,3.216135,-2.725110,0.775630,-0.261832,1.329543,-0.971867,-1.340603
1878,3.756000,5.095249,4039.632,1663.680,-7.728558,8.101743,-5.220600,0.597575,1.177367,3.507622,-4.838211,0.188416,1.998234,3.051944,-1.156662,-1.181748,2.309153,3.065658,-2.616773,0.606200,-0.185574,1.221852,-0.892437,-1.561411
1879,3.758000,5.088428,4089.968,1664.703,-7.754597,7.607149,-5.265878,0.340200,1.214784,3.307658,-4.605634,0.095004,2.176224,2.835620,-1.221748,-1.493298,2.392970,2.949410,-2.511205,0.419260,-0.184038,1.141309,-0.808797,-1.716182
1880,3.760000,5.067445,4140.284,1665.702,-7.929970,7.056050,-5.407461,0.033359,1.211509,3.148021,-4.322563,0.016044,2.288889,2.659056,-1.312545,-1.730177,2.474904,2.858379,-2.394726,0.232522,-0.243892,1.083490,-0.712714,-1.788773
1881,3.762000,5.027370,4185.523,1671.308,-8.263463,6.443084,-5.630717,-0.313365,1.195677,3.029330,-4.012083,-0.041098,2.353455,2.515326,-1.396372,-1.869126,2.556170,2.780542,-2.246938,0.074316,-0.340890,1.040443,-0.599121,-1.778974
1882,3.764000,4.964159,4222.803,1686.748,-8.749790,5.768432,-5.910167,-0.672759,1.187422,2.957743,-3.698537,-0.062446,2.388242,2.376994,-1.461700,-1.905339,2.633682,2.704647,-2.052666,-0.036045,-0.454172,0.998595,-0.468346,-1.695229
1883,3.766000,4.875326,4251.211,1717.545,-9.338299,5.083046,-6.177524,-0.978905,1.216171,2.955931,-3.394040,-0.037005,2.401467,2.201963,-1.527131,-1.868580,2.686193,2.606114,-1.823987,-0.109630,-0.588121,0.924892,-0.344415,-1.570200
1884,3.768000,4.760782,4271.377,1768.961,-9.894326,4.549705,-6.274829,-1.093424,1.353392,3.073491,-3.080417,0.045715,2.396485,1.954034,-1.630079,-1.823529,2.665243,2.437602,-1.612280,-0.196494,-0.779198,0.765504,-0.284037,-1.474684
1885,3.770000,4.624429,4284.447,1844.735,-10.297501,4.305691,-6.097775,-0.945776,1.604234,3.294883,-2.758760,0.184198,2.391228,1.659182,-1.755250,-1.797563,2.557070,2.190050,-1.439270,-0.300862,-1.001619,0.550533,-0.271607,-1.412098
1886,3.772000,4.475525,4291.310,1944.605,-10.564349,4.290005,-5.748071,-0.655928,1.836409,3.494636,-2.487008,0.349564,2.404861,1.398798,-1.824818,-1.757261,2.407262,1.908245,-1.288306,-0.380128,-1.180674,0.372854,-0.235028,-1.317247
1887,3.774000,4.327642,4292.857,2062.045,-10.763469,4.364243,-5.383459,-0.356192,1.968961,3.603815,-2.294702,0.501007,2.398950,1.189995,-1.820564,-1.701735,2.252641,1.631496,-1.162095,-0.418291,-1.293212,0.253472,-0.187550,-1.190418
1888,3.776000,4.194957,4290.416,2184.751,-10.909157,4.452615,-5.100677,-0.113367,2.011360,3.639501,-2.164593,0.616604,2.327610,1.021743,-1.755480,-1.636278,2.128696,1.394527,-1.068480,-0.400876,-1.328521,0.177437,-0.186036,-1.079633
1889,3.778000,4.086355,4286.508,2298.915,-10.968818,4.548438,-4.932398,0.038973,1.982981,3.618600,-2.085939,0.679893,2.165383,0.889657,-1.642664,-1.556247,2.059118,1.212928,-1.024231,-0.324063,-1.283045,0.132445,-0.249456,-1.000703
1890,3.780000,4.002296,4283.588,2395.117,-10.934328,4.650787,-4.875278,0.086349,1.884781,3.539122,-2.050279,0.688857,1.911888,0.785368,-1.500525,-1.457127,2.045459,1.085150,-1.042146,-0.200537,-1.175713,0.106837,-0.344836,-0.923531
1891,3.782000,3.936735,4282.634,2470.879,-10.845713,4.742121,-4.902620,0.039606,1.717186,3.405966,-2.032698,0.661747,1.585545,0.685228,-1.365422,-1.354510,2.061949,0.994514,-1.122922,-0.050103,-1.039422,0.094326,-0.410505,-0.800304
1892,3.784000,3.883270,4283.319,2526.963,-10.764757,4.797543,-4.981694,-0.075830,1.482388,3.229044,-2.017220,0.612892,1.214349,0.568802,-1.269614,-1.265948,2.087569,0.936750,-1.236806,0.124588,-0.895716,0.087900,-0.413913,-0.619593
1893,3.786000,3.845592,4284.370,2555.210,-10.730997,4.800196,-5.100945,-0.232684,1.200215,3.025146,-2.024083,0.530763,0.839017,0.446785,-1.225852,-1.203825,2.121241,0.930305,-1.343275,0.325977,-0.738056,0.092049,-0.365486,-0.420044
1894,3.788000,3.840733,4284.307,2534.649,-10.728842,4.748988,-5.301239,-0.422076,0.927524,2.837054,-2.109071,0.375107,0.517947,0.372967,-1.239799,-1.200646,2.171902,1.021077,-1.416354,0.518698,-0.560375,0.137323,-0.289643,-0.274695
1895,3.790000,3.888239,4282.491,2447.170,-10.704067,4.659106,-5.641353,-0.644916,0.736058,2.723525,-2.325024,0.106299,0.304114,0.407044,-1.322645,-1.309184,2.235556,1.251722,-1.450392,0.635834,-0.376488,0.265161,-0.205071,-0.254152
1896,3.792000,3.996257,4278.992,2295.888,-10.640928,4.546977,-6.098384,-0.881964,0.629068,2.704741,-2.649180,-0.257277,0.178489,0.533161,-1.461799,-1.525005,2.272008,1.577067,-1.455651,0.655879,-0.212491,0.458589,-0.137153,-0.355337
1897,3.794000,4.155945,4273.870,2106.781,-10.562590,4.419010,-6.591163,-1.102846,0.563664,2.766876,-3.003269,-0.643264,0.085998,0.692057,-1.619392,-1.776925,2.248968,1.911532,-1.444032,0.605538,-0.075791,0.681571,-0.099301,-0.517536
1898,3.796000,4.346231,4267.351,1912.678,-10.496204,4.261213,-7.073411,-1.307002,0.505862,2.885699,-3.327780,-0.982384,0.002636,0.851374,-1.759467,-1.987444,2.176689,2.212565,-1.420814,0.503404,0.040410,0.931862,-0.071030,-0.686160
1899,3.798000,4.543427,4260.093,1737.193,-10.437943,4.085904,-7.505589,-1.493365,0.459807,3.044257,-3.580140,-1.219042,-0.051125,1.006364,-1.859087,-2.110713,2.074605,2.452174,-1.411701,0.324838,0.108302,1.180028,-0.047470,-0.848493
1900,3.800000,4.728669,4252.764,1590.664,-10.372679,3.913408,-7.859931,-1.662924,0.443697,3.216969,-3.742303,-1.332937,-0.043220,1.153062,-1.906937,-2.142107,1.954126,2.604731,-1.446725,0.037890,0.093790,1.378518,-0.027384,-0.987261
1901,3.802000,4.890169,4245.635,1474.731,-10.326823,3.704220,-8.177028,-1.859847,0.431408,3.338807,-3.848053,-1.361426,0.024469,1.270293,-1.902092,-2.102753,1.836647,2.680768,-1.509672,-0.324921,0.029052,1.532102,0.038257,-1.020946
1902,3.804000,5.021345,4238.654,1387.922,-10.309246,3.453984,-8.480696,-2.080311,0.408944,3.381183,-3.921286,-1.332892,0.135098,1.354305,-1.845659,-2.024425,1.739208,2.716354,-1.565052,-0.696208,-0.035953,1.652599,0.161837,-0.908275
1903,3.806000,5.118804,4231.885,1327.936,-10.292024,3.221515,-8.747559,-2.259236,0.384680,3.365891,-3.960736,-1.252629,0.266545,1.426372,-1.746917,-1.941532,1.666320,2.754192,-1.575830,-1.001839,-0.063325,1.748836,0.308241,-0.679401
1904,3.808000,5.181259,4225.728,1292.539,-10.115667,3.249522,-8.767693,-2.167532,0.516454,3.470937,-3.831327,-1.017231,0.488952,1.577724,-1.588996,-1.871908,1.602110,2.791402,-1.563732,-1.254076,-0.124108,1.723655,0.304872,-0.542969
1905,3.810000,5.209176,4220.609,1280.381,-9.875286,3.422109,-8.663782,-1.914750,0.672248,3.618728,-3.630451,-0.721222,0.730640,1.775563,-1.433387,-1.847937,1.540642,2.861558,-1.469903,-1.350542,-0.123394,1.703048,0.243194,-0.433358
1906,3.812000,5.204501,4216.949,1290.853,-9.665539,3.626978,-8.546179,-1.615674,0.752297,3.749907,-3.461347,-0.465948,0.914888,1.956537,-1.346496,-1.894355,1.458658,2.951971,-1.307393,-1.273936,-0.032917,1.755046,0.169250,-0.344858
1907,3.814000,5.170532,4215.036,1323.498,-9.470079,3.909469,-8.371803,-1.239704,0.826639,3.950691,-3.299820,-0.236350,1.053923,2.116661,-1.322769,-1.982221,1.351906,3.022359,-1.159788,-1.102666,0.083878,1.842410,0.026225,-0.384034
1908,3.816000,5.111837,4214.775,1377.197,-9.315388,4.259219,-8.148417,-0.800773,0.930549,4.261566,-3.135448,-0.013558,1.164761,2.262264,-1.332674,-2.064862,1.236699,3.053179,-1.082011,-0.889635,0.191951,1.952831,-0.189970,-0.570044
1909,3.818000,5.034637,4215.511,1448.824,-9.268469,4.611562,-7.926928,-0.354483,1.036078,4.633701,-3.008339,0.189213,1.250869,2.399023,-1.355585,-2.112490,1.125756,3.047168,-1.077060,-0.642712,0.281922,2.092861,-0.433787,-0.826580
1910,3.820000,4.947185,4216.375,1532.381,-9.346104,4.950183,-7.718114,0.069908,1.112087,4.992448,-2.966934,0.345523,1.311121,2.535017,-1.372182,-2.098113,1.034085,3.018177,-1.137055,-0.372079,0.317769,2.233922,-0.685060,-1.080032
1911,3.822000,4.860199,4217.423,1618.951,-9.516444,5.289439,-7.511011,0.456995,1.133214,5.277732,-3.042355,0.434447,1.345417,2.675468,-1.363585,-1.991042,0.986448,2.996461,-1.261891,-0.099988,0.243398,2.327796,-0.951737,-1.287619
1912,3.824000,4.787214,4220.185,1696.462,-9.754204,5.611098,-7.322763,0.790058,1.094808,5.483112,-3.224217,0.463760,1.358748,2.805949,-1.351083,-1.804611,0.978827,3.018071,-1.446730,0.169439,0.044903,2.374754,-1.216790,-1.414515
1913,3.826000,4.743076,4226.845,1750.632,-10.040949,5.885974,-7.194935,1.063769,1.016459,5.649163,-3.487364,0.450855,1.349653,2.906873,-1.378841,-1.588288,0.978063,3.115652,-1.682446,0.438424,-0.250025,2.412878,-1.441960,-1.443039
1914,3.828000,4.738163,4238.514,1770.451,-10.351893,6.108396,-7.171152,1.288900,0.916884,5.820494,-3.824145,0.397768,1.289236,2.970009,-1.472258,-1.380110,0.945947,3.303035,-1.963912,0.703226,-0.601996,2.473862,-1.594473,-1.373133
1915,3.830000,4.772043,4253.791,1754.935,-10.665813,6.297036,-7.273778,1.490144,0.798418,6.028270,-4.220055,0.310313,1.119497,2.986192,-1.642306,-1.194717,0.839686,3.559896,-2.288079,0.968391,-0.972345,2.569890,-1.660392,-1.203038
1916,3.832000,4.833502,4269.107,1713.261,-10.974562,6.484175,-7.495911,1.699984,0.649166,6.280764,-4.652839,0.210970,0.784248,2.948390,-1.899796,-1.028257,0.617232,3.844060,-2.650746,1.248297,-1.327604,2.707783,-1.651499,-0.929435
1917,3.834000,4.906205,4280.920,1659.141,-11.290487,6.682049,-7.831182,1.932912,0.447611,6.566444,-5.099089,0.154195,0.299712,2.893706,-2.235659,-0.846925,0.270429,4.128203,-3.034932,1.550789,-1.659627,2.879396,-1.623678,-0.582456
1918,3.836000,4.975058,4287.644,1604.872,-11.560211,6.825733,-8.202133,2.108679,0.242727,6.794032,-5.480661,0.128476,-0.192648,2.816323,-2.582114,-0.665959,-0.114597,4.350962,-3.365339,1.827998,-1.929829,3.040729,-1.609779,-0.232547
1919,3.838000,5.030560,4289.523,1558.292,-11.658482,6.818048,-8.480225,2.090232,0.144309,6.830161,-5.696166,0.043372,-0.500562,2.654260,-2.846380,-0.545458,-0.390109,4.422468,-3.543833,1.993922,-2.059888,3.148932,-1.597194,0.050680
1920,3.840000,5.070417,4287.878,1522.984,-11.651186,6.851207,-8.803079,2.032464,0.018783,6.832706,-5.909356,0.049477,-0.690894,2.587953,-3.136308,-0.335025,-0.609413,4.456051,-3.668327,2.122839,-2.122579,3.311842,-1.663470,0.314590
1921,3.842000,5.101466,4284.381,1497.731,-11.439053,6.819078,-9.004658,1.826072,0.032128,6.696321,-6.000899,0.020051,-0.610994,2.516982,-3.268379,-0.178823,-0.609535,4.332942,-3.600856,2.058573,-1.991885,3.401774,-1.644175,0.403817
1922,3.844000,5.139921,4280.379,1475.401,-11.089188,6.747586,-9.097999,1.529167,0.166797,6.482424,-6.020629,-0.015803,-0.349308,2.472842,-3.249612,-0.087046,-0.457226,4.120913,-3.392898,1.838011,-1.766999,3.449500,-1.561606,0.354931
1923,3.846000,5.206627,4276.502,1444.729,-10.717854,6.702642,-9.166921,1.260836,0.336907,6.316169,-6.068221,0.011825,-0.078439,2.521021,-3.178211,-0.024004,-0.287630,3.946643,-3.159455,1.564786,-1.605650,3.525570,-1.498591,0.259348
1924,3.848000,5.317312,4272.618,1396.268,-10.359814,6.643513,-9.207678,1.038109,0.536474,6.210982,-6.147239,0.060549,0.138364,2.629239,-3.076663,-0.038527,-0.124343,3.832479,-2.931514,1.259313,-1.535269,3.611921,-1.437489,0.125435
1925,3.850000,5.472769,4267.984,1328.889,-10.041059,6.530177,-9.222939,0.871567,0.738667,6.157582,-6.255672,0.099699,0.265223,2.769886,-2.968589,-0.156161,0.014781,3.781133,-2.752261,0.951365,-1.552417,3.692270,-1.361097,-0.024394
1926,3.852000,5.657077,4261.951,1250.404,-9.781793,6.343148,-9.214134,0.768216,0.919421,6.141867,-6.374702,0.132115,0.304533,2.925461,-2.861828,-0.365735,0.109017,3.775862,-2.657914,0.672119,-1.642008,3.745949,-1.261777,-0.160377
1927,3.854000,5.846660,4254.629,1170.889,-9.601241,6.086748,-9.192858,0.718662,1.066711,6.146638,-6.485558,0.173026,0.279780,3.079467,-2.761142,-0.631781,0.131970,3.780001,-2.664411,0.442562,-1.786751,3.749764,-1.140846,-0.255410
1928,3.856000,6.020769,4246.677,1097.310,-9.510278,5.785689,-9.182543,0.701246,1.179991,6.156258,-6.576506,0.233447,0.218109,3.219198,-2.677152,-0.919151,0.059751,3.747374,-2.768438,0.274953,-1.966648,3.684580,-1.009843,-0.294430
1929,3.858000,6.165563,4238.832,1033.162,-9.497458,5.468495,-9.189084,0.694349,1.278296,6.160472,-6.620604,0.314095,0.161861,3.332824,-2.612014,-1.217729,-0.104514,3.642376,-2.939870,0.164814,-2.144817,3.535527,-0.875001,-0.286866
1930,3.860000,6.273331,4231.748,980.113,-9.473864,5.077167,-9.108545,0.598972,1.471873,6.072008,-6.496113,0.329728,0.255439,3.329639,-2.472949,-1.621381,-0.244720,3.383603,-3.046129,0.006926,-2.191893,3.219410,-0.658154,-0.345784
1931,3.862000,6.340610,4225.881,939.339,-9.399534,4.659235,-8.910493,0.427296,1.777790,5.907190,-6.184566,0.285628,0.544735,3.214753,-2.251664,-2.122221,-0.309907,3.020941,-3.041911,-0.226624,-2.073973,2.761294,-0.373521,-0.508982
1932,3.864000,6.366871,4221.497,912.126,-9.334385,4.390563,-8.724564,0.318500,2.043256,5.808214,-5.843604,0.298044,0.884796,3.114696,-2.081525,-2.547389,-0.370624,2.754368,-3.027771,-0.428141,-1.912411,2.327568,-0.180412,-0.685671
1933,3.866000,6.353809,4218.748,900.074,-9.267147,4.296704,-8.591972,0.256218,2.199446,5.773623,-5.542259,0.334506,1.188712,3.009880,-1.984598,-2.821969,-0.376055,2.649645,-3.002802,-0.589395,-1.728133,1.968998,-0.127312,-0.889895
1934,3.868000,6.305455,4217.716,904.785,-9.182055,4.354444,-8.513268,0.202581,2.226883,5.780614,-5.312931,0.347784,1.396430,2.854271,-1.959043,-2.916312,-0.267298,2.705945,-2.944728,-0.698713,-1.506432,1.710119,-0.206414,-1.126533
1935,3.870000,6.229167,4218.291,926.792,-9.092955,4.514916,-8.473640,0.152231,2.152037,5.840145,-5.159849,0.331528,1.493072,2.647149,-2.002024,-2.854254,-0.054191,2.879008,-2.841416,-0.728607,-1.240847,1.570804,-0.365020,-1.347734
1936,3.872000,6.136901,4220.002,963.847,-9.019326,4.721842,-8.475643,0.094395,2.013201,5.977773,-5.082102,0.277669,1.477679,2.429384,-2.093560,-2.698736,0.185713,3.105308,-2.693371,-0.674893,-0.976170,1.531192,-0.532985,-1.491573
1937,3.874000,6.045535,4221.879,1009.277,-8.953208,4.940561,-8.543460,0.001391,1.846202,6.211674,-5.080689,0.162229,1.354795,2.263058,-2.189642,-2.506887,0.370183,3.339556,-2.506171,-0.561769,-0.795799,1.530847,-0.651387,-1.526277
1938,3.876000,5.974584,4222.585,1051.758,-8.888039,5.143462,-8.679607,-0.135922,1.678263,6.519199,-5.135240,-0.008589,1.160307,2.182625,-2.257824,-2.305370,0.478542,3.558881,-2.310942,-0.426789,-0.741867,1.534420,-0.684479,-1.470343
1939,3.878000,5.939692,4220.938,1078.568,-8.824930,5.293582,-8.836147,-0.307028,1.539154,6.819359,-5.199449,-0.214621,0.959849,2.161727,-2.285736,-2.109841,0.553817,3.743774,-2.145117,-0.300249,-0.774375,1.555860,-0.616394,-1.369241
1940,3.880000,5.944335,4216.731,1082.344,-8.737913,5.347195,-8.933183,-0.517410,1.494811,7.003942,-5.209647,-0.480846,0.828901,2.131512,-2.243538,-1.966050,0.655777,3.855405,-2.000094,-0.207464,-0.808833,1.601177,-0.433298,-1.259091
1941,3.882000,5.977780,4210.915,1065.012,-8.620071,5.286652,-8.938271,-0.761196,1.589271,7.006991,-5.136598,-0.828898,0.796605,2.039270,-2.115870,-1.915596,0.805457,3.863036,-1.856205,-0.164670,-0.780510,1.657841,-0.136780,-1.154886
1942,3.884000,6.021383,4204.833,1034.865,-8.525652,5.182393,-8.903406,-0.949388,1.792242,6.887333,-5.013179,-1.183516,0.820393,1.930506,-1.944411,-1.921341,0.955421,3.799206,-1.750589,-0.157377,-0.708928,1.717812,0.202219,-1.060226
1943,3.886000,6.056348,4199.515,1001.457,-8.495577,5.100189,-8.856668,-1.004979,2.082276,6.729224,-4.852947,-1.462311,0.873432,1.865524,-1.762133,-1.937796,1.066239,3.695794,-1.720199,-0.186039,-0.636424,1.760531,0.503152,-0.993092
1944,3.888000,6.068253,4195.632,973.066,-8.558778,5.029148,-8.818162,-0.940075,2.422069,6.558742,-4.670546,-1.641999,0.943566,1.861321,-1.584534,-1.944731,1.129410,3.564811,-1.757683,-0.246648,-0.565150,1.793387,0.754230,-0.941907
1945,3.890000,6.048110,4193.733,956.659,-8.724104,4.937108,-8.800700,-0.801519,2.757588,6.380713,-4.487104,-1.719564,1.022331,1.909363,-1.419634,-1.934533,1.147626,3.411960,-1.831342,-0.319621,-0.484234,1.838176,0.976738,-0.884787
1946,3.892000,5.991573,4194.499,958.608,-8.964643,4.813982,-8.798024,-0.629851,3.038831,6.205520,-4.320102,-1.692971,1.101565,1.980668,-1.276565,-1.919261,1.121122,3.237651,-1.915258,-0.390440,-0.408828,1.887141,1.169335,-0.833342
1947,3.894000,5.898244,4198.885,985.184,-9.227509,4.674744,-8.786890,-0.453483,3.228033,6.053261,-4.180307,-1.570555,1.170413,2.037224,-1.160553,-1.921200,1.061102,3.053627,-1.985732,-0.444036,-0.368762,1.913043,1.310132,-0.818554
1948,3.896000,5.771619,4208.185,1041.983,-9.467632,4.534923,-8.741634,-0.292397,3.307278,5.943880,-4.071487,-1.383794,1.209717,2.045728,-1.067916,-1.956125,0.992643,2.879312,-2.017634,-0.454340,-0.372650,1.905479,1.385450,-0.847194
1949,3.898000,5.619074,4223.869,1131.660,-9.668684,4.397106,-8.653208,-0.164760,3.276966,5.878415,-3.991961,-1.185375,1.192433,1.984462,-0.997643,-2.033945,0.926107,2.710085,-2.005538,-0.405087,-0.406027,1.872213,1.393392,-0.895863
1950,3.900000,5.451739,4246.925,1250.921,-9.838463,4.258937,-8.536860,-0.087634,3.152133,5.849025,-3.919211,-1.006433,1.115476,1.862171,-0.954669,-2.156575,0.851600,2.523077,-1.971773,-0.311064,-0.454625,1.822436,1.346389,-0.919858
1951,3.902000,5.283190,4276.826,1388.716,-9.993600,4.123884,-8.424233,-0.074489,2.949651,5.842292,-3.825531,-0.846620,1.000930,1.709802,-0.949874,-2.310145,0.764134,2.314894,-1.939876,-0.199629,-0.507303,1.764620,1.264962,-0.880045
1952,3.904000,5.127109,4310.652,1527.314,-10.150867,3.998145,-8.342800,-0.119281,2.694779,5.846208,-3.701637,-0.693067,0.879986,1.562711,-0.999721,-2.473077,0.669545,2.111063,-1.912052,-0.080101,-0.538265,1.716912,1.163119,-0.768472
1953,3.906000,4.993977,4343.422,1646.766,-10.324612,3.882468,-8.309628,-0.199505,2.428404,5.855607,-3.563680,-0.539867,0.783147,1.451402,-1.119051,-2.627462,0.573190,1.942127,-1.882245,0.052349,-0.511440,1.699637,1.040427,-0.605738
1954,3.908000,4.888992,4369.539,1730.845,-10.517562,3.779789,-8.331362,-0.293697,2.196159,5.866670,-3.440457,-0.391759,0.734786,1.391533,-1.314136,-2.759362,0.488516,1.842026,-1.838331,0.205464,-0.400678,1.722047,0.888517,-0.421600
1955,3.910000,4.812472,4384.642,1771.655,-10.717499,3.702911,-8.397667,-0.390354,2.029910,5.873578,-3.348223,-0.255355,0.750530,1.382244,-1.571382,-2.856359,0.435297,1.840966,-1.760872,0.380459,-0.206193,1.775508,0.706425,-0.236585
1956,3.912000,4.761745,4386.740,1770.948,-10.910952,3.664443,-8.484548,-0.490900,1.935595,5.860769,-3.285644,-0.136296,0.836514,1.415463,-1.847134,-2.905036,0.429050,1.943913,-1.630295,0.565232,0.046800,1.840319,0.517278,-0.047969
1957,3.914000,4.734019,4376.093,1737.319,-11.078864,3.682687,-8.559415,-0.598966,1.902934,5.804423,-3.250142,-0.045323,0.986575,1.477927,-2.079840,-2.886122,0.490489,2.129827,-1.435658,0.728928,0.309495,1.883856,0.349264,0.150842
1958,3.916000,4.728585,4354.365,1681.887,-11.192823,3.783488,-8.592150,-0.706433,1.920865,5.690381,-3.248567,0.002040,1.180109,1.545668,-2.226972,-2.796295,0.630447,2.351595,-1.187027,0.830081,0.525807,1.871965,0.216819,0.345111
1959,3.918000,4.745221,4324.454,1616.284,-11.216793,3.987825,-8.561672,-0.797226,1.972307,5.519545,-3.292764,-0.018351,1.381677,1.585048,-2.286892,-2.668500,0.832030,2.538325,-0.924118,0.824978,0.645209,1.782247,0.120682,0.496357
1960,3.920000,4.781352,4290.563,1551.189,-11.133025,4.272832,-8.479711,-0.866642,2.024203,5.313002,-3.377143,-0.123904,1.562438,1.584489,-2.277200,-2.556781,1.054439,2.614567,-0.701662,0.696011,0.646786,1.630570,0.074560,0.579817
1961,3.922000,4.833352,4256.921,1493.235,-10.947634,4.579649,-8.385970,-0.914702,2.044710,5.115244,-3.482285,-0.323564,1.695447,1.568449,-2.209679,-2.490047,1.272437,2.562728,-0.535606,0.490359,0.546101,1.457179,0.083243,0.583475
1962,3.924000,4.897992,4226.427,1443.954,-10.686722,4.850138,-8.313832,-0.941234,2.029471,4.972726,-3.593848,-0.622991,1.745869,1.568704,-2.098215,-2.475924,1.465557,2.417868,-0.404031,0.283950,0.377120,1.292638,0.132289,0.515601
1963,3.926000,4.970625,4200.335,1402.485,-10.380333,5.067866,-8.249064,-0.937054,2.002530,4.899562,-3.707522,-1.004692,1.694410,1.608489,-1.959198,-2.506978,1.606263,2.225366,-0.288618,0.120885,0.177741,1.147115,0.197038,0.400291
1964,3.928000,5.044200,4178.693,1368.580,-10.050453,5.256094,-8.126774,-0.869909,2.001154,4.880230,-3.814584,-1.417191,1.555030,1.697493,-1.815966,-2.565955,1.673313,2.017405,-0.203298,-0.004406,-0.025376,1.018477,0.255773,0.248530
1965,3.930000,5.110769,4160.652,1343.271,-9.720472,5.438743,-7.889995,-0.719764,2.044348,4.885982,-3.911458,-1.812856,1.357336,1.828075,-1.688090,-2.628373,1.661093,1.814743,-0.168289,-0.107840,-0.211620,0.911999,0.312982,0.067630
1966,3.932000,5.163416,4144.848,1327.693,-9.433397,5.610933,-7.542152,-0.514932,2.114006,4.880341,-4.016717,-2.185926,1.116394,1.965140,-1.589664,-2.671471,1.583123,1.636713,-0.184932,-0.197203,-0.371520,0.828611,0.378074,-0.135716
1967,3.934000,5.197277,4130.126,1322.474,-9.237257,5.753931,-7.132119,-0.313965,2.172364,4.833282,-4.150320,-2.550833,0.842485,2.064198,-1.527013,-2.687746,1.465864,1.498258,-0.240904,-0.274551,-0.506652,0.763247,0.449933,-0.355786
1968,3.936000,5.209849,4116.182,1327.985,-9.150654,5.860786,-6.712386,-0.163001,2.200905,4.735171,-4.310986,-2.907293,0.556319,2.088066,-1.503889,-2.692714,1.339650,1.409290,-0.320617,-0.339530,-0.622331,0.707991,0.511325,-0.587799
1969,3.938000,5.201005,4103.763,1343.993,-9.158108,5.929390,-6.332625,-0.090216,2.203168,4.586487,-4.480563,-3.229038,0.290414,2.011970,-1.528039,-2.717512,1.228287,1.369529,-0.415346,-0.394341,-0.718843,0.655692,0.534861,-0.820346
1970,3.940000,5.172624,4094.543,1369.696,-9.219284,5.957250,-6.032694,-0.097515,2.200274,4.395749,-4.633095,-3.467084,0.092634,1.836748,-1.594909,-2.778996,1.153307,1.370684,-0.524790,-0.446027,-0.784422,0.602186,0.494653,-1.031132
1971,3.942000,5.127974,4090.794,1404.149,-9.278791,5.958212,-5.809713,-0.134155,2.238968,4.203026,-4.729672,-3.555620,0.024699,1.608362,-1.655997,-2.841781,1.156560,1.425569,-0.626096,-0.483084,-0.778120,0.572325,0.401656,-1.170603
1972,3.944000,5.071502,4095.146,1446.013,-9.303452,5.942375,-5.628857,-0.132371,2.347896,4.062631,-4.742069,-3.452974,0.124510,1.392690,-1.646513,-2.848246,1.270211,1.547333,-0.683021,-0.488903,-0.659710,0.603985,0.290024,-1.195064
1973,3.946000,5.008317,4109.855,1493.293,-9.327546,5.860100,-5.493450,-0.093457,2.466761,3.969228,-4.706292,-3.208079,0.344229,1.202057,-1.570805,-2.806895,1.445335,1.682545,-0.714843,-0.499330,-0.459789,0.673879,0.146279,-1.135899
1974,3.948000,4.943116,4135.700,1543.447,-9.392693,5.673705,-5.403319,-0.035655,2.526499,3.895859,-4.656605,-2.894302,0.613154,1.039264,-1.459944,-2.749921,1.613609,1.770129,-0.760470,-0.553809,-0.230426,0.740313,-0.044487,-1.044989
1975,3.950000,4.879526,4171.082,1593.614,-9.506169,5.400612,-5.333373,0.045721,2.513458,3.828310,-4.596752,-2.572016,0.871183,0.917900,-1.336367,-2.688233,1.746612,1.790236,-0.847403,-0.659409,-0.003441,0.785112,-0.267032,-0.960548
1976,3.952000,4.820096,4212.189,1640.957,-9.646006,5.093206,-5.262165,0.146186,2.442461,3.753721,-4.532285,-2.304941,1.053582,0.837589,-1.218770,-2.618167,1.847948,1.752318,-0.996473,-0.805317,0.198556,0.815370,-0.486354,-0.917280
1977,3.954000,4.767007,4254.181,1683.390,-9.776981,4.805780,-5.195658,0.233307,2.335152,3.669953,-4.480323,-2.154690,1.104073,0.786588,-1.117080,-2.535748,1.929703,1.680638,-1.218195,-0.973145,0.362208,0.869244,-0.643873,-0.928963
1978,3.956000,4.723384,4292.817,1719.341,-9.876138,4.566507,-5.159758,0.272258,2.222135,3.597554,-4.453563,-2.154449,0.995893,0.745851,-1.040865,-2.457405,1.982717,1.582977,-1.518433,-1.141805,0.486592,0.992898,-0.678763,-0.971800
